pickup_latitude,pickup_longitude,dropoff_latitude,dropoff_longitude,passenger_count,fare_amount
40.606146,-73.936994,40.660182,-73.941743,2,20.41
40.784299,-73.915790,40.651021,-73.942105,1,36.09
40.884523,-73.869739,40.589984,-73.855137,4,77.04
40.653199,-74.000461,40.690089,-73.785287,1,54.02
40.821467,-73.938416,40.692815,-73.866578,1,36.65
40.796262,-73.914074,40.618610,-73.985481,1,51.49
40.690834,-73.777577,40.893140,-73.998499,1,75.33
40.595753,-73.903290,40.794774,-74.022970,1,65.05
40.751449,-73.851130,40.898413,-73.744336,2,46.42
40.752807,-74.009497,40.894538,-73.934706,2,43.59
40.644599,-73.934822,40.580451,-74.021002,1,29.88
40.586093,-73.968361,40.566453,-73.826829,1,28.83
40.737076,-73.772920,40.815038,-74.028136,2,58.48
40.841794,-73.860574,40.826223,-73.986992,1,28.43
40.641796,-73.787389,40.871507,-73.887594,1,70.07
40.569195,-73.736139,40.872014,-73.721527,3,81.99
40.587661,-73.744441,40.774073,-73.816920,1,53.64
40.875096,-73.925951,40.639184,-73.783593,2,67.81
40.878843,-73.743124,40.895502,-73.761710,2,8.12
40.598175,-73.965724,40.626030,-73.801649,2,38.38
40.791004,-73.823146,40.656586,-74.016634,3,52.48
40.590691,-73.813836,40.703056,-73.874788,1,33.31
40.854235,-74.029822,40.888480,-74.025766,2,7.88
40.598749,-73.947897,40.626762,-73.788185,1,36.05
40.882604,-73.781270,40.572679,-74.012299,3,98.70
40.623820,-73.837236,40.650047,-74.015167,1,39.11
40.687849,-73.847282,40.619629,-73.731457,1,30.91
40.876006,-73.845608,40.685393,-74.007484,2,64.05
40.762731,-74.009359,40.755421,-73.800448,2,46.44
40.890902,-73.767941,40.608173,-73.779956,2,80.46
40.658008,-73.843256,40.805456,-73.840052,2,45.66
40.703745,-73.720953,40.807784,-73.869006,2,43.00
40.748880,-73.993264,40.848305,-73.786901,1,55.90
40.858257,-73.846088,40.584973,-73.895815,1,71.35
40.743487,-73.942956,40.730856,-73.884755,4,16.08
40.747680,-73.967175,40.800730,-73.812840,2,38.66
40.887835,-73.898751,40.627025,-74.016166,1,77.27
40.891957,-73.753850,40.723313,-73.935545,1,62.38
40.700432,-73.924981,40.802464,-74.022562,1,40.57
40.742197,-74.026087,40.680484,-73.960570,4,22.04
40.600406,-73.885155,40.629416,-73.889197,2,9.65
40.823042,-73.899925,40.708146,-73.991835,2,38.75
40.656315,-73.903132,40.879062,-74.010512,1,62.75
40.855905,-73.736259,40.781805,-73.772360,3,26.88
40.583116,-73.946283,40.616291,-73.885519,2,16.58
40.574577,-73.968622,40.751007,-73.841089,1,57.45
40.883085,-73.767711,40.608737,-73.782585,1,71.40
40.788353,-73.795881,40.884095,-73.890335,3,37.33
40.897381,-73.874629,40.806811,-74.012891,2,40.80
40.617572,-73.962134,40.899655,-74.018866,3,77.96
40.681844,-73.805374,40.750632,-73.827027,2,23.13
40.683474,-73.999573,40.785760,-73.908833,1,34.39
40.712273,-73.820617,40.767098,-73.936660,1,30.22
40.881567,-73.803049,40.652778,-73.894903,1,63.31
40.675194,-73.955676,40.867153,-73.945183,3,54.50
40.772972,-73.830786,40.714663,-73.732968,1,27.92
40.832393,-73.989265,40.570692,-73.776749,1,88.60
40.695285,-73.828992,40.895678,-73.968685,2,64.51
40.623049,-74.029429,40.598046,-73.905141,2,29.12
40.672116,-73.727580,40.682491,-73.975730,1,52.05
40.712024,-73.792812,40.629989,-73.774262,2,28.39
40.748072,-73.986520,40.662588,-73.727142,4,55.47
40.648231,-74.001481,40.845131,-73.890074,2,55.72
40.825810,-73.855923,40.573036,-74.011711,1,72.98
40.680317,-73.867509,40.593128,-73.743856,1,33.59
40.641968,-73.999962,40.739410,-73.915019,1,33.21
40.670076,-73.721043,40.654411,-73.782729,1,15.47
40.776321,-73.785342,40.688773,-73.824508,1,28.41
40.792754,-73.973015,40.578638,-73.921158,1,60.96
40.811234,-73.813819,40.610783,-74.018474,1,66.64
40.585964,-73.874956,40.821207,-73.923122,2,70.64
40.809627,-73.750358,40.844837,-74.010708,3,57.76
40.585909,-73.835700,40.694347,-73.859202,4,37.26
40.708065,-73.910139,40.708855,-73.903608,1,2.20
40.682390,-73.877089,40.749766,-73.946551,4,27.18
40.646882,-74.022022,40.787212,-73.861621,1,53.73
40.811592,-73.856798,40.760333,-73.874128,2,18.36
40.583898,-73.847643,40.833523,-73.814813,1,71.61
40.879774,-74.019373,40.587128,-73.869266,3,74.34
40.646250,-73.837805,40.792430,-73.857356,1,43.41
40.744943,-73.998836,40.561046,-73.993887,1,47.59
40.876299,-73.790933,40.868964,-73.970869,1,37.82
40.580649,-73.952507,40.828251,-73.751211,1,85.41
40.643023,-73.894474,40.848694,-73.840015,2,57.66
40.899933,-74.001859,40.639006,-73.994898,1,73.11
40.659811,-74.010725,40.793778,-73.868306,2,53.46
40.659334,-73.937901,40.699710,-73.851655,4,24.66
40.814773,-74.018417,40.565257,-73.902744,1,74.04
40.888307,-73.998192,40.765660,-74.002084,1,34.27
40.607867,-74.005321,40.725103,-73.818895,4,54.45
40.568827,-73.968858,40.680066,-73.974665,2,34.30
40.838384,-73.771691,40.828837,-73.816240,1,11.67
40.789885,-73.762413,40.716257,-73.811449,1,22.48
40.869326,-73.809345,40.705737,-73.832816,1,52.60
40.755538,-73.850898,40.586800,-74.018389,3,60.46
40.767873,-74.020145,40.877317,-73.850428,4,49.40
40.713768,-73.780686,40.888593,-74.014585,2,67.35
40.635767,-73.855437,40.653907,-73.941883,2,21.99
40.851541,-73.962218,40.573534,-74.006646,1,82.37
40.598355,-73.838517,40.693397,-73.736327,1,34.85
40.581766,-73.865262,40.711767,-73.811570,1,40.34
40.747207,-73.742754,40.836665,-73.855312,1,36.81
40.860293,-73.731401,40.748707,-74.025288,1,74.65
40.579967,-73.807850,40.730742,-73.862863,2,45.04
40.897194,-73.811735,40.723598,-73.918172,4,52.78
40.618408,-73.950934,40.747319,-73.862394,3,39.32
40.640501,-73.745118,40.628377,-73.895686,2,35.66
40.845282,-73.948445,40.849955,-73.750163,3,42.41
40.824365,-73.873072,40.858039,-73.829185,2,15.54
40.661118,-73.720978,40.770306,-73.721499,2,32.57
40.634022,-73.973329,40.873114,-73.853847,1,72.59
40.625658,-73.941534,40.866793,-73.791395,1,73.20
40.718461,-74.025555,40.635584,-73.946568,1,29.88
40.782495,-73.825548,40.732327,-73.850984,2,18.76
40.721588,-73.797896,40.709609,-73.885503,2,21.80
40.856990,-73.950677,40.623304,-73.772066,5,74.01
40.767741,-73.729630,40.583687,-73.841232,1,53.61
40.719901,-73.887717,40.867439,-73.761221,3,52.93
40.846487,-73.886090,40.891353,-73.922305,2,19.12
40.573185,-73.996698,40.573769,-73.890547,2,24.80
40.752677,-73.893285,40.640625,-73.972045,2,35.10
40.566393,-73.923661,40.637970,-73.776431,1,37.72
40.673271,-73.987004,40.797611,-73.924606,1,33.06
40.668612,-73.773500,40.746078,-73.933278,2,37.21
40.809703,-73.918338,40.658712,-73.893952,1,43.65
40.810936,-73.829890,40.792865,-73.780724,1,14.44
40.711054,-73.940396,40.672572,-73.765320,1,43.41
40.828200,-73.859037,40.831399,-73.760791,4,25.21
40.767025,-74.024427,40.677817,-74.000198,2,28.64
40.667601,-73.807318,40.780713,-73.914649,2,38.26
40.662596,-73.947811,40.663760,-73.770624,1,40.69
40.856130,-73.972828,40.615876,-73.910202,1,70.68
40.649436,-73.937652,40.868374,-73.989787,3,60.21
40.607950,-73.870813,40.562414,-73.752823,3,28.32
40.686107,-73.785857,40.564867,-73.791057,1,35.69
40.774372,-73.953877,40.592258,-73.865789,1,49.31
40.691766,-73.992113,40.877028,-73.842682,1,68.98
40.818576,-73.753879,40.599012,-73.917633,1,71.80
40.861425,-73.723214,40.892578,-73.823616,2,26.47
40.709045,-73.867457,40.685789,-73.979808,1,26.61
40.892121,-73.861758,40.776402,-73.874090,1,37.00
40.802566,-73.945493,40.669582,-73.852355,1,41.42
40.565600,-73.845644,40.868058,-73.953410,3,84.16
40.657763,-73.936703,40.850098,-73.830782,1,60.96
40.562324,-73.784938,40.763609,-73.762311,3,51.73
40.617028,-74.019240,40.812718,-73.898539,1,56.97
40.722187,-73.800975,40.785534,-73.737012,2,25.54
40.710997,-73.873087,40.893575,-73.888926,1,51.55
40.671233,-73.802826,40.574773,-73.795692,5,28.46
40.639848,-73.985008,40.822402,-73.722920,3,78.74
40.767668,-73.878650,40.845496,-73.959662,1,28.31
40.571251,-73.790704,40.832707,-73.732541,1,77.70
40.576313,-73.736603,40.654669,-73.740806,2,24.63
40.752230,-73.927352,40.890222,-73.990965,1,40.99
40.833451,-73.816434,40.580880,-73.887401,2,75.90
40.897209,-73.946212,40.808507,-73.951593,2,26.03
40.856064,-73.809007,40.893172,-73.780012,1,13.08
40.882920,-73.982085,40.887205,-73.768950,3,47.56
40.675020,-73.950055,40.580072,-74.023502,1,32.85
40.849483,-73.900971,40.653208,-73.968990,1,56.12
40.635764,-73.905107,40.841945,-73.817130,1,57.75
40.799692,-73.984513,40.654042,-74.020732,1,43.12
40.870490,-73.937909,40.869499,-73.981378,1,11.80
40.683246,-73.768304,40.668582,-73.815871,5,14.20
40.582659,-73.770299,40.578329,-73.727906,5,15.87
40.827284,-73.741852,40.679380,-73.974506,5,66.68
40.602640,-73.993755,40.790484,-73.775474,3,69.37
40.801593,-73.735766,40.688235,-73.721231,1,30.71
40.869197,-73.745217,40.871783,-73.966099,1,46.14
40.592794,-73.995785,40.579731,-73.999449,1,6.88
40.847062,-73.888712,40.891621,-73.930045,2,18.29
40.845570,-73.800013,40.693630,-73.949879,1,60.90
40.617908,-73.764742,40.717739,-73.761596,1,29.13
40.740765,-73.806258,40.718425,-73.866978,1,18.62
40.718127,-74.026920,40.568474,-73.928827,3,47.53
40.642582,-73.962644,40.662840,-73.948350,1,11.22
40.694794,-73.956402,40.879736,-74.015987,1,56.35
40.834751,-73.847759,40.672867,-73.815792,1,44.43
40.616056,-73.780203,40.708749,-73.836526,2,33.84
40.820852,-73.874402,40.739558,-73.855118,6,25.26
40.761733,-73.819905,40.848998,-73.798558,1,26.88
40.781514,-73.742549,40.832241,-73.926890,1,37.84
40.783723,-73.884637,40.606616,-73.928593,1,46.49
40.848186,-73.965227,40.632273,-73.737084,3,76.10
40.696314,-73.735648,40.759978,-73.913709,1,46.20
40.859991,-73.797492,40.710149,-74.009015,3,65.11
40.748954,-73.893528,40.626145,-73.753961,1,44.89
40.686786,-73.816317,40.632265,-73.996635,1,44.74
40.616691,-73.733528,40.771377,-73.852000,2,77.73
40.628267,-73.987791,40.800886,-73.849255,2,52.93
40.898039,-73.835275,40.674264,-73.878054,1,60.33
40.751467,-73.726135,40.752876,-73.766399,3,11.86
40.700701,-73.735426,40.865781,-73.720540,1,42.85
40.890482,-73.743280,40.762199,-73.860483,1,44.29
40.873583,-73.761064,40.606935,-73.746086,1,72.22
40.663020,-73.747080,40.742920,-73.847136,1,33.87
40.656824,-73.866386,40.622860,-74.013990,2,35.96
40.810283,-73.777192,40.587166,-73.874328,2,68.68
40.694806,-74.000171,40.583449,-73.835851,1,51.28
40.612886,-73.779573,40.646639,-73.753130,1,11.48
40.888009,-73.948284,40.722799,-74.014058,1,49.63
40.746649,-73.863540,40.697869,-73.880690,1,15.10
40.599980,-73.844785,40.879890,-73.780996,5,87.54
40.840471,-73.871964,40.734287,-73.797275,1,36.35
40.872362,-73.821456,40.580384,-74.027068,1,97.36
40.729887,-73.897892,40.575798,-73.819252,3,47.89
40.669506,-73.837024,40.871250,-74.021531,2,72.13
40.664144,-73.966784,40.772753,-73.801927,2,45.20
40.575366,-74.010171,40.872885,-73.723214,1,104.16
40.678157,-73.902748,40.722066,-74.029835,4,32.76
40.834727,-73.837777,40.589319,-73.764761,2,68.08
40.892801,-73.746359,40.620559,-73.761561,2,141.74
40.852828,-73.987745,40.638300,-73.841562,1,73.03
40.754200,-73.978042,40.611784,-74.015035,6,62.84
40.652483,-73.865878,40.573407,-73.725827,3,36.60
40.604700,-73.902486,40.618840,-73.927555,1,10.00
40.765365,-73.969527,40.801125,-73.781518,4,40.45
40.868447,-73.780424,40.582900,-73.937897,2,79.80
40.631568,-73.795299,40.567775,-73.965413,3,43.90
40.893727,-73.941962,40.630874,-74.003350,1,82.06
40.808697,-73.806398,40.808724,-73.925579,2,26.52
40.799341,-73.997247,40.829271,-73.931241,1,17.59
40.819503,-73.921536,40.883257,-73.737148,2,44.17
40.794683,-73.877850,40.585209,-73.880688,2,82.18
40.759288,-73.766124,40.839864,-73.897166,1,35.91
40.616683,-73.927651,40.819139,-73.760444,1,61.79
40.608420,-73.830700,40.894934,-73.993283,1,88.10
40.632304,-73.731259,40.582481,-73.730706,1,12.80
40.703555,-73.782168,40.742759,-73.885211,1,24.40
40.577706,-73.842437,40.659453,-73.769444,1,28.25
40.750030,-74.026879,40.695009,-73.887660,1,33.65
40.828517,-73.954319,40.638774,-73.817092,2,59.20
40.672048,-73.994049,40.593604,-73.922020,3,26.44
40.856277,-73.942855,40.677864,-73.755687,2,61.49
40.758114,-73.925082,40.662642,-73.898721,3,29.86
40.740205,-73.787559,40.693847,-73.800982,2,14.96
40.742374,-73.879542,40.614418,-73.882111,1,36.72
40.818515,-73.867024,40.560994,-73.763103,1,79.29
40.626810,-73.751750,40.691825,-73.780792,1,21.58
40.675654,-73.796252,40.715115,-73.963986,2,38.67
40.699323,-73.730240,40.623827,-73.766821,3,21.51
40.885041,-73.974186,40.802134,-73.761217,4,48.62
40.627289,-74.000227,40.781205,-73.725997,3,76.49
40.713419,-73.796947,40.626183,-73.788018,4,28.69
40.883975,-73.779231,40.866530,-73.937054,2,33.82
40.713371,-73.905669,40.690517,-73.787509,3,29.87
40.791623,-73.964578,40.775746,-73.835850,1,26.91
40.814493,-73.964014,40.734737,-73.864929,1,32.93
40.821361,-73.944982,40.829415,-73.760167,2,43.04
40.891573,-73.818929,40.848608,-74.025597,2,51.20
40.697682,-73.765883,40.730845,-73.824265,1,19.11
40.626294,-73.756934,40.632607,-74.022942,2,57.52
40.769603,-73.825779,40.722701,-73.880651,1,19.09
40.655701,-73.780322,40.646384,-73.741610,3,11.59
40.603781,-73.757058,40.768817,-73.861511,2,52.36
40.810167,-73.952461,40.817863,-73.983715,2,7.59
40.607633,-73.766501,40.640859,-73.994615,1,52.19
40.595385,-74.024768,40.739045,-73.889210,1,48.35
40.896258,-73.994104,40.689662,-73.822923,2,70.08
40.860128,-73.780888,40.569545,-73.847197,1,83.33
40.619822,-73.965628,40.811773,-73.727043,1,70.13
40.841717,-73.764866,40.663104,-73.928211,1,58.33
40.582358,-73.874331,40.797698,-73.954558,1,62.27
40.822759,-73.810571,40.621728,-73.811431,4,58.25
40.728563,-73.873614,40.776246,-73.825601,5,20.26
40.766727,-73.991713,40.757997,-73.750707,1,51.46
40.592770,-73.950263,40.815356,-73.929452,4,67.24
40.627778,-73.830002,40.832031,-73.896747,1,55.15
40.729370,-73.923319,40.705464,-73.890487,5,11.06
40.854153,-74.019824,40.836487,-73.936210,1,18.49
40.591396,-73.842655,40.734466,-73.918975,2,44.77
40.824402,-73.768143,40.770401,-73.948071,1,43.44
40.717403,-73.903884,40.859036,-73.950239,1,41.70
40.642004,-73.726561,40.732464,-73.855601,2,40.38
40.589881,-73.803776,40.748529,-73.834483,1,44.67
40.774014,-73.848182,40.598375,-73.781121,1,49.26
40.699674,-73.978156,40.811899,-73.954954,1,31.65
40.566070,-73.862449,40.624526,-73.916781,1,18.59
40.873036,-73.733141,40.896456,-74.020309,1,58.09
40.622466,-73.735508,40.768329,-73.896904,2,51.49
40.746271,-73.983039,40.877733,-73.783703,1,56.25
40.605536,-73.875436,40.718196,-74.014032,2,43.66
40.793445,-73.846085,40.822305,-73.979002,1,54.45
40.777955,-73.735327,40.786041,-73.918958,2,41.59
40.602604,-73.946521,40.770089,-73.776858,4,58.48
40.650881,-73.936566,40.772916,-73.935263,6,38.57
40.620842,-73.736101,40.690005,-73.959312,1,48.18
40.690620,-73.877719,40.753973,-73.754560,1,30.96
40.762207,-73.831916,40.799904,-73.862391,4,16.67
40.660282,-73.999731,40.761283,-73.884037,3,38.89
40.600597,-74.008827,40.868392,-73.748736,2,86.15
40.698747,-74.008044,40.707995,-73.737493,1,63.49
40.798747,-74.001110,40.678563,-73.902587,2,37.21
40.765562,-73.866118,40.750557,-73.949878,3,18.83
40.688289,-73.859737,40.752047,-73.879651,2,25.30
40.783393,-73.868315,40.796531,-73.884925,1,7.32
40.849661,-73.825109,40.587961,-73.778203,1,147.95
40.855140,-73.759025,40.763274,-73.737132,2,30.24
40.876557,-73.931130,40.776435,-73.789348,1,43.94
40.621422,-73.876006,40.631928,-73.795210,1,21.82
40.805478,-73.969060,40.658212,-73.798311,1,55.94
40.662049,-73.822505,40.594056,-73.803477,1,23.06
40.583424,-73.819816,40.696704,-74.006387,1,49.45
40.583672,-73.946768,40.734495,-73.863838,1,49.57
40.839614,-73.991897,40.888928,-74.000131,2,14.05
40.667422,-73.829966,40.682222,-74.001071,3,37.87
40.779152,-73.721407,40.729592,-73.904497,2,39.00
40.772038,-73.793144,40.585917,-73.731556,2,54.47
40.608124,-73.843425,40.638409,-73.889679,1,13.14
40.813244,-73.851669,40.817065,-73.876625,4,9.54
40.612437,-73.924015,40.898177,-73.989113,4,79.96
40.674480,-73.930640,40.589891,-73.955433,3,29.35
40.647965,-73.864467,40.743194,-73.928746,3,33.11
40.874133,-73.798172,40.562887,-73.929664,1,86.98
40.715532,-73.725400,40.563264,-73.760108,3,46.00
40.831403,-73.900853,40.646944,-73.842259,1,54.72
40.707984,-73.842104,40.799772,-73.871602,2,24.47
40.621564,-73.796142,40.830807,-73.827502,4,60.13
40.619423,-73.845564,40.852890,-73.852531,2,68.95
40.746873,-73.888498,40.719211,-73.964101,1,20.42
40.628194,-73.825600,40.564030,-73.788134,2,21.38
40.836702,-73.910009,40.859612,-73.830180,5,20.29
40.885316,-73.920560,40.809976,-73.791744,1,34.34
40.751953,-74.025069,40.701741,-73.890426,1,34.33
40.860708,-74.019854,40.662351,-73.913518,1,57.93
40.606003,-73.798366,40.846492,-73.968767,3,71.81
40.811391,-73.832093,40.758417,-74.006101,1,42.67
40.569737,-73.957877,40.589789,-73.876065,3,20.32
40.887204,-73.997451,40.587674,-73.761091,1,102.07
40.633255,-73.958406,40.705705,-73.722843,1,51.38
40.750897,-73.888545,40.714815,-73.736434,2,39.27
40.831544,-73.976309,40.658114,-73.776929,1,64.44
40.621596,-73.949710,40.745682,-73.765583,1,49.63
40.853195,-74.016831,40.567073,-73.922805,1,87.08
40.668101,-73.761839,40.618474,-73.776731,3,16.06
40.628669,-73.957482,40.612594,-74.000059,1,9.29
40.822080,-73.828557,40.891372,-73.730449,1,30.61
40.564729,-74.007229,40.764569,-73.724086,2,113.40
40.865407,-73.902062,40.898036,-73.863704,2,16.78
40.620433,-73.804326,40.887720,-73.917542,4,76.36
40.882291,-73.832966,40.781944,-73.866767,3,28.05
40.594646,-73.795895,40.575405,-74.003856,2,49.67
40.884762,-73.945416,40.732473,-73.952757,1,41.66
40.795598,-73.740150,40.628106,-73.942674,1,101.01
40.778032,-73.913072,40.731502,-73.752440,2,41.12
40.886177,-73.860958,40.601649,-73.814954,1,78.51
40.583869,-73.825568,40.675481,-73.847668,1,24.29
40.605189,-74.011229,40.762009,-73.931070,1,43.39
40.610420,-73.922287,40.585494,-73.733225,2,40.44
40.878649,-73.891649,40.769399,-73.804951,1,36.01
40.675680,-73.977205,40.658294,-73.822558,1,33.00
40.811821,-73.846514,40.568849,-73.788383,1,68.99
40.761720,-73.936437,40.793956,-73.750618,2,46.43
40.575557,-73.991163,40.692912,-73.959231,2,36.17
40.739254,-73.803398,40.790135,-73.799268,2,18.53
40.828999,-73.927221,40.590886,-73.931192,1,64.10
40.884098,-73.914284,40.795461,-73.965545,2,28.09
40.773070,-73.964270,40.645659,-73.950680,3,37.70
40.651034,-73.928878,40.798533,-73.974496,2,48.67
40.863863,-73.734338,40.705659,-73.778418,2,50.96
40.846982,-73.721581,40.854741,-73.931337,2,45.06
40.831419,-73.976961,40.681713,-73.933405,2,46.93
40.841149,-73.780625,40.585313,-73.825666,2,73.25
40.854672,-73.982903,40.707334,-73.780026,1,57.14
40.617628,-73.958360,40.744123,-73.864016,2,38.58
40.591608,-73.847971,40.623735,-73.799410,1,15.22
40.629846,-73.933853,40.850696,-73.746083,1,72.66
40.889354,-74.019548,40.661160,-73.934674,2,62.12
40.814891,-73.928626,40.819020,-73.917805,1,5.65
40.721444,-73.897720,40.889784,-73.901514,4,46.38
40.862276,-73.812734,40.666091,-73.923950,2,61.27
40.614487,-73.785887,40.813137,-73.978792,1,69.61
40.713022,-73.886456,40.626813,-73.983831,3,30.15
40.851392,-74.013862,40.822414,-74.026947,4,22.43
40.760654,-73.724515,40.864236,-74.013300,2,66.28
40.864472,-73.994490,40.622687,-73.814521,1,76.04
40.845666,-73.995914,40.571972,-73.759733,1,83.82
40.665548,-73.743836,40.693223,-73.773117,3,15.29
40.829178,-73.855288,40.870333,-73.905377,6,22.10
40.734401,-73.750732,40.654504,-73.799220,1,23.96
40.716368,-73.868086,40.862546,-73.805689,1,38.66
40.633208,-73.989732,40.812349,-73.776659,1,98.51
40.824252,-73.942508,40.649152,-74.001534,1,55.06
40.853042,-73.847248,40.708837,-73.898100,1,42.97
40.885242,-73.874181,40.730612,-73.810057,1,44.53
40.829643,-73.797785,40.608998,-73.807633,4,63.14
40.695500,-73.779139,40.705723,-73.911385,1,32.61
40.616354,-73.884306,40.678731,-73.993934,1,28.29
40.561933,-73.973265,40.821739,-73.863038,4,77.00
40.573089,-74.018518,40.607503,-73.899103,2,30.04
40.758727,-73.747661,40.894743,-73.801270,4,41.47
40.573340,-74.002470,40.572260,-73.873307,1,27.19
40.839079,-73.987759,40.608012,-73.775382,1,83.36
40.706482,-73.959459,40.849910,-73.872789,2,45.46
40.796454,-73.825252,40.601719,-73.998786,1,69.68
40.634573,-73.887974,40.733441,-73.855017,1,31.17
40.801620,-73.941451,40.836107,-73.951544,2,11.13
40.680918,-73.952337,40.841184,-73.973510,2,49.24
40.883739,-73.961214,40.693158,-73.852694,1,53.65
40.766833,-73.888290,40.694322,-74.002178,2,30.35
40.620846,-74.018821,40.799308,-73.933888,2,55.43
40.878392,-73.916358,40.828244,-74.010664,3,23.49
40.777861,-73.891127,40.767791,-73.990950,3,22.15
40.885493,-73.788679,40.613255,-73.997368,1,85.92
40.703266,-73.944825,40.564999,-73.888952,2,42.46
40.881175,-73.808706,40.651280,-73.826628,1,71.63
40.657652,-74.022836,40.595678,-73.757244,3,57.31
40.596124,-73.788493,40.774587,-73.804826,2,49.68
40.723999,-73.776382,40.588293,-73.759433,1,37.20
40.894354,-73.815514,40.879781,-73.839389,2,10.42
40.775888,-73.854270,40.757465,-73.789185,4,17.80
40.595325,-73.892559,40.868993,-73.945787,2,73.24
40.778305,-74.009951,40.570384,-73.842954,5,69.18
40.757912,-73.941581,40.736756,-73.790424,1,33.25
40.586300,-73.863422,40.699639,-73.932234,1,35.47
40.591897,-73.824095,40.636250,-73.782568,2,19.75
40.700756,-73.954307,40.569711,-73.989899,2,40.21
40.802208,-73.943758,40.735101,-73.980608,1,24.26
40.785228,-73.736409,40.681985,-73.774467,2,34.78
40.741644,-73.965061,40.775893,-73.735637,1,48.59
40.883164,-73.989968,40.582116,-73.831097,2,87.17
40.636988,-73.927319,40.581211,-73.803414,1,36.72
40.651943,-74.012122,40.776357,-73.733007,1,70.70
40.664370,-73.913724,40.740732,-73.948973,3,20.57
40.851533,-74.017058,40.769549,-73.984722,1,23.54
40.615641,-73.751122,40.780607,-73.750298,1,45.22
40.814709,-73.831529,40.784145,-73.870838,2,15.12
40.692898,-73.868377,40.793347,-73.888708,2,32.88
40.888459,-73.755425,40.679920,-73.863736,1,60.27
40.644961,-73.887858,40.619119,-73.734130,3,36.18
40.577487,-73.980811,40.751449,-73.805373,1,59.65
40.835083,-73.900020,40.723877,-73.857192,5,34.86
40.563846,-73.930644,40.869462,-73.764918,3,93.71
40.822801,-73.970605,40.830595,-73.964042,1,5.70
40.655205,-73.962522,40.647232,-73.960320,2,5.42
40.892244,-73.792030,40.706991,-73.904057,3,55.42
40.677069,-73.993527,40.628441,-73.854692,1,31.87
40.763777,-73.827052,40.665225,-73.951582,2,38.62
40.685335,-73.732090,40.747901,-73.844424,3,31.30
40.640296,-73.853268,40.810342,-73.876512,1,45.81
40.871743,-73.721146,40.834500,-73.886052,1,35.35
40.574165,-73.844139,40.824404,-73.941602,1,72.81
40.748756,-73.931749,40.595820,-73.876343,1,46.31
40.890031,-73.875434,40.716996,-73.882931,1,45.77
40.841119,-73.802638,40.670302,-74.025142,1,69.29
40.766070,-73.833144,40.606898,-73.774747,2,44.84
40.783998,-73.849627,40.691781,-73.988249,1,71.94
40.788028,-73.944791,40.713723,-73.733182,2,51.78
40.881390,-73.982236,40.819330,-73.797151,1,48.65
40.836898,-73.767775,40.776207,-73.887511,2,29.87
40.833141,-73.805231,40.645674,-73.956622,1,64.63
40.670404,-73.878699,40.590432,-73.962413,3,32.11
40.604493,-73.993971,40.598461,-73.981353,2,5.45
40.851553,-73.931726,40.774686,-73.844927,1,28.10
40.629739,-73.890452,40.688741,-73.827362,1,18.72
40.734165,-73.794922,40.685233,-73.771822,1,12.58
40.794206,-73.875073,40.870861,-73.759818,1,31.24
40.863172,-73.955364,40.742354,-74.014852,2,35.45
40.607300,-73.974725,40.688375,-73.848494,1,35.10
40.698276,-73.999324,40.890348,-73.741091,1,73.70
40.625581,-73.810789,40.606583,-74.018362,3,45.28
40.657185,-73.760153,40.898220,-73.904821,2,79.51
40.579058,-73.999135,40.808046,-73.885650,1,67.55
40.714287,-74.004543,40.768747,-73.819265,1,48.58
40.671499,-73.838613,40.688506,-73.959724,2,29.38
40.773924,-73.889758,40.736775,-73.768098,4,32.62
40.879315,-73.779193,40.687302,-73.964765,1,60.45
40.788200,-73.740137,40.616368,-73.751274,1,50.07
40.638029,-73.970881,40.773774,-73.752067,1,62.27
40.632164,-73.772937,40.614123,-73.862963,2,20.63
40.794623,-74.005639,40.624633,-73.931069,1,51.92
40.654726,-73.762203,40.737337,-73.985770,3,52.67
40.657682,-73.777879,40.686042,-73.909704,3,29.38
40.734817,-74.010408,40.793799,-73.778982,1,52.56
40.768204,-73.846807,40.574137,-73.881854,1,85.80
40.806638,-74.002392,40.849934,-73.975584,1,16.07
40.842702,-73.814192,40.789501,-73.775557,1,35.10
40.635317,-73.997499,40.837665,-73.757442,2,72.33
40.759483,-73.898626,40.587696,-73.906613,1,41.92
40.584048,-73.968089,40.744065,-73.907716,2,46.82
40.662282,-73.916875,40.812940,-73.958967,1,38.02
40.729267,-73.780999,40.698031,-73.833884,6,19.06
40.679552,-73.802953,40.695392,-73.889253,1,17.81
40.851771,-73.947632,40.643929,-73.915096,1,61.78
40.697984,-73.795817,40.611853,-73.744894,1,29.13
40.883528,-73.869588,40.819879,-73.910023,1,21.38
40.848965,-73.928096,40.624596,-73.856223,1,61.18
40.668121,-74.027235,40.666668,-73.802221,2,54.06
40.718829,-73.957162,40.752591,-73.790757,1,75.89
40.800206,-73.980664,40.704174,-73.966999,1,27.00
40.606844,-74.004637,40.677147,-74.028458,1,23.03
40.578751,-73.813980,40.840136,-73.733692,1,78.69
40.740167,-73.984294,40.898006,-73.732414,1,65.39
40.876005,-73.839274,40.605223,-73.987618,1,79.00
40.830446,-73.746977,40.655147,-74.029332,2,75.20
40.764492,-73.812047,40.600622,-74.002110,2,61.21
40.724834,-73.781739,40.560433,-73.973989,1,58.06
40.899650,-73.953248,40.569547,-73.852752,1,93.91
40.747314,-73.886335,40.611290,-74.022738,1,46.87
40.647938,-73.840230,40.762865,-74.000380,3,48.77
40.834780,-73.743470,40.609728,-73.837019,1,67.00
40.715737,-73.970599,40.793240,-73.844304,1,33.77
40.716672,-73.818342,40.637816,-73.949196,3,37.24
40.669944,-73.994778,40.746224,-73.926006,1,26.37
40.589917,-73.891211,40.640311,-73.963486,4,22.04
40.586501,-73.996464,40.807052,-73.806018,2,77.81
40.810685,-73.761284,40.699272,-73.728156,4,36.43
40.597498,-73.894547,40.587158,-73.773418,4,29.15
40.877201,-73.842890,40.609090,-73.966314,3,78.82
40.808151,-73.794150,40.728680,-73.874761,5,32.85
40.850104,-73.833165,40.600726,-73.765750,1,68.62
40.659825,-73.880786,40.810412,-73.971138,1,50.09
40.766568,-74.026554,40.704257,-73.868856,1,66.71
40.692326,-73.848221,40.880613,-73.722384,6,66.21
40.657894,-73.986404,40.718763,-73.953512,1,19.05
40.776837,-73.931084,40.866240,-74.005998,2,27.09
40.621622,-73.777440,40.832428,-73.895964,1,57.32
40.820375,-74.003539,40.579332,-73.742455,1,85.67
40.865342,-73.816978,40.841727,-73.723310,1,22.31
40.670302,-73.816511,40.821332,-73.840433,1,42.77
40.754496,-73.827123,40.571626,-73.851836,3,53.46
40.746144,-73.774422,40.781005,-73.974932,1,70.42
40.755194,-73.786694,40.704119,-73.810297,1,26.43
40.614294,-73.979960,40.692444,-73.903522,2,28.82
40.589255,-73.938142,40.805199,-73.816225,1,64.21
40.620566,-73.921041,40.705539,-73.757820,1,43.87
40.650603,-73.915124,40.626320,-73.884380,1,10.84
40.629759,-73.819784,40.885862,-74.029662,2,81.64
40.729520,-73.876247,40.684676,-73.898126,2,13.59
40.792880,-73.795350,40.811822,-73.763572,1,10.47
40.730980,-73.901811,40.810416,-73.964362,1,25.93
40.822338,-73.734287,40.699413,-73.778265,3,37.61
40.698145,-73.850006,40.819571,-73.943541,5,45.20
40.898965,-73.945231,40.775791,-73.946183,1,38.55
40.660435,-73.914814,40.699025,-73.790917,1,26.59
40.785432,-73.749600,40.879795,-73.939703,1,45.73
40.812152,-73.896013,40.619110,-73.965403,2,55.35
40.639206,-73.949033,40.760771,-73.883505,1,34.78
40.752680,-73.769583,40.627076,-73.859886,2,42.56
40.704046,-73.872282,40.811673,-73.834339,1,31.04
40.739204,-73.774098,40.895498,-73.726331,3,41.84
40.769691,-73.730329,40.577701,-73.777868,1,53.93
40.628201,-74.014529,40.780489,-73.890957,2,52.24
40.737278,-73.776116,40.808893,-73.729536,1,27.66
40.812764,-73.841376,40.881254,-73.812221,1,18.13
40.671054,-74.020634,40.870011,-73.821957,1,69.99
40.834334,-73.791629,40.675972,-73.977526,5,61.19
40.604386,-73.913063,40.596062,-73.735809,1,38.80
40.595908,-73.841563,40.710017,-73.731812,2,42.58
40.590488,-73.987160,40.560291,-73.741201,1,57.30
40.664554,-73.936348,40.613601,-73.839645,1,25.41
40.722043,-73.902897,40.673957,-73.745868,2,39.97
40.614334,-73.967056,40.759062,-73.918869,1,42.58
40.657468,-73.730342,40.868633,-73.859589,1,68.29
40.835353,-73.847830,40.802788,-73.867139,1,11.40
40.854703,-73.810420,40.621399,-73.758625,4,66.85
40.772017,-73.796836,40.561836,-73.844894,1,60.03
40.785773,-74.025149,40.732922,-74.017358,2,18.89
40.853293,-73.738101,40.696108,-73.885739,1,57.45
40.738565,-73.733528,40.634774,-73.795140,4,37.09
40.596817,-73.869395,40.630063,-74.001103,1,31.62
40.708715,-73.757211,40.568737,-73.988004,2,59.87
40.777260,-73.990961,40.668504,-73.993566,1,30.79
40.694279,-73.733868,40.580133,-73.927750,2,52.27
40.762850,-73.800168,40.644853,-73.919747,2,45.79
40.767442,-73.741117,40.772632,-73.910925,1,38.59
40.803026,-73.855673,40.633035,-73.734340,4,50.66
40.620717,-73.974463,40.686197,-73.937252,2,21.24
40.619895,-73.997000,40.728452,-73.846623,1,41.66
40.818331,-73.856689,40.570154,-74.014458,1,73.51
40.676941,-73.765211,40.607289,-73.910776,1,35.09
40.736272,-74.029644,40.638016,-73.898444,1,41.82
40.762112,-74.005332,40.834385,-73.901621,4,33.50
40.829056,-73.921296,40.885291,-73.881655,1,20.01
40.667095,-73.964229,40.809198,-73.740860,1,64.90
40.804622,-74.017239,40.725048,-73.892314,1,35.30
40.673606,-74.007862,40.602411,-74.001648,1,21.35
40.689052,-73.788009,40.618854,-73.727247,1,25.96
40.882548,-73.814013,40.804305,-73.833152,1,24.81
40.829074,-73.862204,40.879475,-73.856860,2,15.25
40.661383,-73.840036,40.777626,-73.881606,2,31.41
40.658733,-73.921787,40.757309,-73.921622,2,26.39
40.840939,-73.907403,40.809315,-73.855352,1,14.62
40.569887,-73.770967,40.745237,-73.825458,1,47.27
40.703227,-73.942129,40.692525,-73.930006,2,8.15
40.849388,-73.785792,40.883544,-73.927313,1,31.00
40.867261,-73.988465,40.757142,-73.903702,5,36.09
40.841536,-73.768624,40.786574,-73.863659,1,26.43
40.884069,-73.931399,40.766067,-73.787237,2,47.55
40.574480,-73.940872,40.869810,-73.900316,2,87.41
40.899235,-73.867231,40.631820,-73.871149,2,76.67
40.831337,-73.951020,40.780120,-73.817879,5,35.24
40.568401,-73.781707,40.603617,-73.988680,2,45.84
40.810221,-73.860459,40.759720,-73.796211,2,21.71
40.657426,-73.873818,40.757390,-73.730611,1,41.81
40.820874,-73.886304,40.801267,-73.734885,3,35.29
40.585100,-73.874812,40.794396,-73.738342,5,62.40
40.872910,-73.918782,40.560772,-73.829293,2,91.50
40.841932,-73.762449,40.680807,-73.958951,1,68.43
40.839316,-73.999382,40.671622,-73.795795,1,58.05
40.893989,-73.942947,40.832457,-73.985796,2,24.10
40.644458,-73.907554,40.803444,-73.843986,1,50.61
40.675360,-73.973278,40.821335,-73.804498,1,56.22
40.631774,-73.723551,40.812868,-74.024925,1,119.98
40.697212,-73.738575,40.723402,-73.964307,1,54.21
40.807810,-73.730394,40.839082,-73.922240,1,42.38
40.720311,-73.952990,40.568097,-73.866543,1,41.17
40.699231,-73.867290,40.593763,-73.770159,2,33.79
40.789058,-73.810335,40.885797,-73.786639,1,30.52
40.579825,-73.875795,40.760108,-73.803454,2,54.11
40.799086,-73.934023,40.807271,-73.819874,1,23.90
40.682455,-73.740675,40.626207,-73.821544,1,24.14
40.878480,-73.830553,40.808112,-73.787074,2,22.31
40.620082,-73.816253,40.583520,-73.837636,1,14.14
40.589020,-73.851189,40.875758,-73.885248,1,82.28
40.876493,-73.737313,40.581875,-73.779997,1,80.72
40.896396,-73.955656,40.836676,-73.903503,1,22.95
40.886463,-73.860515,40.696660,-73.900901,2,49.13
40.742914,-73.770350,40.847128,-73.870087,2,37.51
40.654734,-73.977019,40.704937,-73.943964,2,18.88
40.750090,-73.890045,40.816526,-73.992467,1,30.52
40.565576,-74.010050,40.883435,-74.009964,1,90.69
40.601487,-74.011569,40.610572,-73.886051,3,30.92
40.798349,-73.978517,40.690012,-73.894998,1,38.48
40.651126,-73.818545,40.653508,-73.793985,2,6.01
40.750859,-73.841889,40.679378,-73.883321,1,26.56
40.560647,-73.745853,40.889718,-73.752155,3,85.43
40.672046,-74.008560,40.772716,-73.848080,1,44.94
40.634132,-73.761770,40.742166,-73.786483,4,33.67
40.852959,-73.933134,40.578508,-73.955008,1,70.95
40.748783,-74.020805,40.703279,-73.810055,1,46.35
40.601450,-73.984007,40.718730,-74.017636,1,36.75
40.828597,-73.832017,40.721776,-74.023300,1,51.71
40.647669,-73.781844,40.899036,-73.977667,1,84.79
40.819391,-73.848450,40.828504,-73.860213,1,6.68
40.632422,-73.784360,40.852693,-73.746491,1,56.96
40.892028,-73.893923,40.619274,-73.850961,1,73.55
40.596379,-73.995087,40.601156,-73.838094,2,37.13
40.852736,-73.771971,40.777454,-73.866487,1,31.76
40.740686,-73.812300,40.893997,-73.907867,4,48.41
40.719244,-73.966058,40.670249,-73.948564,1,16.51
40.754715,-73.951208,40.665597,-73.769345,1,44.13
40.796410,-73.755725,40.629067,-73.901821,1,54.04
40.895389,-73.780656,40.639019,-73.973524,2,84.51
40.770165,-73.755045,40.630874,-73.876388,1,48.37
40.843300,-73.925676,40.810946,-73.885804,1,14.40
40.820689,-74.003104,40.688358,-73.824464,1,52.73
40.738880,-73.722366,40.678035,-74.014804,1,61.15
40.561726,-73.842111,40.864802,-73.914217,1,85.00
40.572281,-73.842513,40.840122,-73.951880,4,136.76
40.577298,-73.809510,40.560865,-73.866272,1,15.52
40.590520,-73.827031,40.801615,-73.950773,3,67.06
40.823444,-73.922966,40.685118,-73.981656,1,39.55
40.683445,-73.908237,40.609115,-73.777755,4,35.41
40.669604,-73.803553,40.753563,-73.888667,1,32.24
40.602020,-74.011543,40.650867,-73.736246,1,61.93
40.775400,-73.797575,40.707119,-73.985346,1,45.29
40.880094,-73.750249,40.591056,-74.027100,1,92.82
40.728331,-73.972116,40.709981,-73.973731,2,8.24
40.705590,-73.939746,40.695525,-73.900038,1,10.60
40.832008,-73.891163,40.717573,-73.879465,1,31.13
40.717862,-74.016986,40.634021,-73.765323,3,63.73
40.779336,-73.983493,40.680034,-73.881510,1,38.07
40.672506,-73.841483,40.740673,-73.986558,1,37.12
40.727922,-73.916943,40.808959,-74.004753,2,25.78
40.896630,-73.736433,40.812894,-73.776469,1,24.63
40.757819,-73.954530,40.759364,-73.764215,2,41.52
40.663889,-73.924132,40.796467,-74.024406,2,42.05
40.831605,-73.897254,40.803474,-73.803065,1,22.18
40.713267,-73.939190,40.760794,-73.740163,2,43.16
40.895239,-73.835609,40.684167,-74.004920,1,68.65
40.889429,-73.835593,40.605988,-73.918290,4,84.85
40.636499,-73.975067,40.709283,-73.971566,1,21.14
40.766820,-73.913701,40.680457,-73.821614,1,32.09
40.605391,-73.949755,40.867213,-73.837180,1,74.88
40.608900,-73.831773,40.759550,-73.861676,4,42.22
40.819647,-73.817414,40.758420,-73.745688,1,22.44
40.614683,-73.741941,40.564208,-73.957075,1,49.08
40.721995,-73.980511,40.762821,-73.963755,2,16.54
40.890798,-73.785001,40.725184,-73.741244,1,45.91
40.767375,-73.885219,40.607046,-73.841007,2,45.09
40.671211,-74.006162,40.824007,-73.924020,4,46.63
40.730329,-73.817351,40.640890,-73.933278,2,38.58
40.812628,-73.730124,40.598606,-73.886335,1,67.68
40.578942,-73.964142,40.661024,-73.849967,2,31.00
40.774272,-73.792428,40.607284,-73.834376,5,53.53
40.614534,-73.969134,40.593740,-73.747588,1,44.98
40.729578,-73.731582,40.592283,-73.996814,1,69.33
40.637990,-73.764799,40.577486,-73.897672,2,33.50
40.857652,-73.768741,40.787598,-73.825956,1,25.05
40.618968,-74.027736,40.630453,-73.886783,2,32.88
40.783396,-73.899316,40.762910,-73.837156,3,19.33
40.582667,-73.872802,40.748668,-73.762755,2,54.07
40.804031,-73.828965,40.583496,-73.932699,4,65.95
40.855968,-73.937672,40.646938,-73.998080,3,55.71
40.833937,-73.762867,40.720354,-73.770074,3,34.98
40.815929,-73.926512,40.731786,-73.884679,1,27.17
40.641587,-73.935125,40.745319,-73.925950,1,29.06
40.632367,-74.007862,40.693844,-73.857330,3,37.97
40.646254,-73.750539,40.777991,-73.960885,1,54.57
40.830921,-73.872099,40.584123,-73.951485,2,71.99
40.615753,-73.795836,40.582340,-73.800416,1,11.12
40.672641,-73.988082,40.888464,-73.776803,5,72.57
40.841944,-73.916979,40.805860,-73.859828,4,19.85
40.645255,-74.012233,40.749032,-73.895648,2,40.41
40.631306,-73.995843,40.578123,-73.767309,1,47.71
40.756269,-73.862912,40.624138,-73.930037,1,38.81
40.899210,-73.947217,40.612960,-73.722264,3,168.05
40.737072,-73.856563,40.668515,-73.942354,2,31.73
40.779766,-74.022847,40.772651,-74.008218,1,7.70
40.840712,-73.880538,40.731827,-73.756512,4,39.13
40.711364,-73.922795,40.855246,-73.839536,1,46.01
40.561608,-73.970097,40.886190,-74.023522,1,90.88
40.562602,-73.848199,40.645173,-73.774236,2,27.90
40.764157,-73.735616,40.802713,-73.842353,1,24.15
40.768713,-73.801155,40.728134,-73.762342,1,18.88
40.602761,-73.816993,40.722204,-73.967948,1,44.53
40.618613,-73.747833,40.677142,-73.866447,1,29.16
40.892262,-73.963598,40.583529,-73.854940,2,92.94
40.778417,-73.901292,40.571619,-73.948831,2,57.59
40.674601,-73.910683,40.737585,-73.981429,4,24.49
40.844856,-73.828097,40.625061,-73.815898,1,57.12
40.562185,-73.850231,40.878316,-73.916891,1,86.16
40.661274,-73.880816,40.778582,-73.960205,1,35.97
40.777313,-73.891506,40.613315,-73.847439,1,43.62
40.564944,-73.995759,40.632168,-73.792099,3,42.39
40.569831,-73.921390,40.601415,-73.793417,6,30.13
40.700901,-73.976892,40.876931,-74.025390,1,50.93
40.750329,-73.843947,40.849949,-73.904074,1,34.31
40.605947,-73.799425,40.665041,-74.001427,1,43.04
40.861578,-73.839694,40.708919,-73.903497,1,43.47
40.592211,-73.752785,40.690631,-73.793681,1,26.32
40.647030,-73.847413,40.718332,-73.892815,1,22.31
40.828062,-73.994023,40.644399,-73.806112,3,64.47
40.683262,-73.932683,40.841463,-73.818125,6,53.92
40.697736,-73.729658,40.851121,-73.762582,2,46.42
40.785492,-74.015218,40.759585,-73.952986,2,19.50
40.829347,-73.793339,40.801563,-73.757640,3,11.71
40.807367,-73.958161,40.893310,-73.750280,1,48.41
40.869735,-73.900169,40.839663,-73.901374,2,9.56
40.578071,-73.938289,40.611352,-73.893405,1,16.47
40.812428,-73.724959,40.648565,-73.766590,3,48.79
40.690790,-73.751395,40.798834,-73.946818,1,52.08
40.889319,-73.899343,40.633547,-74.004608,5,76.15
40.895547,-74.025668,40.785075,-73.782921,3,62.19
40.573603,-73.827044,40.788633,-73.898254,1,61.78
40.817396,-73.813389,40.842961,-73.842920,3,12.03
40.832829,-74.000732,40.734377,-73.769354,2,99.32
40.683922,-73.869786,40.562960,-73.989626,1,40.99
40.780977,-73.754282,40.808424,-73.742206,2,11.83
40.648711,-73.986518,40.653400,-73.975327,1,5.02
40.770218,-73.799764,40.877879,-74.009091,1,55.16
40.882913,-73.819427,40.623559,-73.866203,1,69.64
40.602167,-73.940460,40.883972,-73.943297,1,78.36
40.643641,-73.947195,40.660517,-73.736946,4,49.62
40.631967,-73.745701,40.769738,-73.759200,4,43.92
40.710363,-73.732771,40.735401,-73.968404,1,49.16
40.899262,-73.776578,40.835597,-73.820214,3,23.33
40.565424,-74.007552,40.735740,-73.744009,1,67.69
40.830580,-73.992848,40.798137,-74.017199,2,11.54
40.800830,-73.780260,40.782508,-73.968683,3,42.91
40.813369,-73.872639,40.804874,-73.913645,1,9.30
40.565813,-73.855957,40.662308,-73.887221,1,28.06
40.780593,-73.889950,40.569132,-73.875440,1,57.92
40.828963,-73.829712,40.707364,-73.918680,1,36.70
40.731769,-73.759457,40.711846,-73.865803,1,22.49
40.642527,-73.763821,40.668521,-73.772504,3,11.83
40.820246,-73.843525,40.742616,-73.919642,1,30.68
40.866443,-73.940559,40.787193,-73.759169,2,45.37
40.719097,-73.862348,40.748931,-73.831497,2,12.46
40.759363,-74.020179,40.625381,-73.868857,2,51.46
40.827018,-73.831376,40.881086,-74.012082,1,44.85
40.706159,-73.923064,40.792677,-73.862104,1,30.10
40.563569,-73.818702,40.630625,-73.993180,4,41.61
40.614062,-73.883319,40.775934,-73.743103,2,54.13
40.689187,-73.726841,40.754163,-73.839183,2,32.14
40.822773,-73.880912,40.682109,-74.013433,4,45.16
40.749334,-73.994723,40.778390,-73.984764,3,13.85
40.721414,-73.774096,40.779970,-73.833281,1,20.60
40.610953,-73.931472,40.865981,-73.816963,2,78.62
40.566273,-73.816969,40.845835,-73.748918,2,75.44
40.808963,-73.941947,40.689680,-73.783092,1,42.98
40.704719,-73.761902,40.662159,-73.792974,1,15.04
40.585616,-73.962813,40.763759,-73.814715,5,60.62
40.738579,-73.738618,40.606107,-73.725082,1,38.48
40.652490,-73.998348,40.882348,-73.831054,1,76.14
40.655446,-74.001691,40.685967,-73.850944,2,36.85
40.891628,-74.008219,40.574969,-73.851145,2,92.86
40.613295,-73.753013,40.607117,-73.808893,1,12.53
40.888464,-73.762612,40.763804,-73.774126,1,35.91
40.822548,-73.776346,40.701308,-73.728089,1,34.73
40.623562,-73.724107,40.726871,-73.964987,1,50.97
40.851859,-73.897427,40.842735,-73.978389,1,18.22
40.892467,-73.895657,40.883290,-73.959098,4,19.91
40.841551,-73.784704,40.702983,-73.859613,1,41.88
40.702285,-73.976540,40.819548,-73.728027,1,106.91
40.790782,-73.826886,40.635217,-73.730502,1,44.74
40.572217,-73.810872,40.698030,-74.002386,5,52.96
40.792579,-73.848141,40.590627,-73.794332,2,58.71
40.715259,-73.781483,40.864627,-73.893089,1,43.25
40.571195,-73.981614,40.885895,-73.910335,1,83.68
40.658577,-73.950000,40.658577,-73.964429,2,6.82
40.833420,-73.963359,40.592499,-73.836550,1,68.75
40.596939,-73.879444,40.765352,-73.798455,1,45.51
40.638116,-74.009987,40.782123,-73.742482,2,66.88
40.719137,-73.868260,40.680969,-73.778979,2,24.03
40.665676,-73.918164,40.619050,-74.026461,2,32.99
40.560146,-73.826976,40.868774,-73.977808,2,90.99
40.744955,-73.795892,40.698357,-73.777576,1,14.71
40.823846,-73.803750,40.684657,-73.835855,1,39.46
40.709905,-73.877937,40.847085,-73.822866,1,44.14
40.667377,-73.969365,40.702799,-73.864526,1,30.15
40.606377,-73.849954,40.752784,-73.945322,3,45.49
40.570186,-73.908769,40.601969,-73.899596,1,20.05
40.673092,-73.826843,40.713361,-73.919795,2,25.09
40.802065,-73.749034,40.577860,-73.789795,2,56.62
40.664770,-73.852378,40.712938,-73.909580,1,21.28
40.692424,-73.897413,40.721886,-73.948333,1,13.85
40.567402,-73.782641,40.655206,-74.025691,1,59.48
40.840753,-73.924496,40.617726,-73.764286,1,72.54
40.604144,-73.825209,40.712312,-74.027471,4,57.10
40.658546,-73.917246,40.708124,-73.858564,3,40.36
40.808801,-73.837977,40.714010,-73.844393,4,29.44
40.801963,-73.926097,40.585699,-74.022337,3,64.83
40.577732,-73.803904,40.864487,-74.027803,3,94.23
40.759839,-73.956226,40.586293,-73.824076,1,55.53
40.629134,-73.729331,40.583702,-73.788148,1,17.18
40.742078,-73.909543,40.697396,-73.741509,1,40.92
40.844634,-73.816819,40.861833,-73.733609,1,21.15
40.879642,-73.756730,40.605053,-73.948551,1,85.79
40.884824,-73.758584,40.802404,-73.852745,1,31.23
40.854087,-73.785010,40.888264,-73.865508,1,20.11
40.607945,-73.922872,40.604823,-73.794975,2,28.25
40.606590,-73.969589,40.619748,-73.788692,2,41.45
40.834658,-73.787547,40.649210,-73.770230,1,52.69
40.783893,-73.737031,40.698391,-73.721783,1,24.37
40.583734,-73.935055,40.805827,-74.018339,1,67.90
40.652110,-73.890712,40.592016,-73.822176,1,24.18
40.705924,-73.829979,40.635714,-73.859510,1,21.34
40.563516,-73.773894,40.734921,-74.012446,1,73.42
40.838930,-74.015086,40.719500,-73.833442,1,51.17
40.676431,-73.808728,40.860008,-74.002010,1,68.64
40.669080,-73.833956,40.600484,-73.931491,1,29.07
40.835931,-74.017798,40.609806,-73.812786,1,78.46
40.743522,-73.849027,40.611279,-73.780969,5,39.43
40.645029,-73.822650,40.593433,-73.863117,1,16.63
40.879759,-74.014818,40.563714,-73.815333,1,91.95
40.691638,-73.859915,40.797088,-73.867587,4,30.21
40.779509,-73.780435,40.735278,-73.773055,1,12.93
40.719170,-73.954529,40.598208,-73.916191,4,38.94
40.835291,-74.013695,40.595988,-73.800272,2,76.08
40.863424,-73.896330,40.653997,-73.896351,4,59.52
40.668867,-73.737064,40.705516,-73.827555,5,22.34
40.809959,-73.790966,40.673308,-73.906606,5,44.96
40.673457,-73.989745,40.567751,-73.794790,2,55.69
40.881970,-73.959229,40.602449,-73.747566,2,92.30
40.684788,-73.726488,40.646386,-73.958523,1,53.73
40.680297,-73.861817,40.655123,-73.794008,1,17.83
40.745417,-73.760164,40.706714,-73.907482,3,35.90
40.712682,-73.982208,40.694857,-73.805701,1,39.08
40.626996,-73.768195,40.563868,-73.774165,1,18.50
40.820361,-73.863944,40.599201,-73.809009,1,61.27
40.695500,-73.732425,40.567590,-73.993803,1,65.74
40.649336,-73.933029,40.766984,-73.962414,2,34.92
40.844513,-73.944409,40.857791,-73.795392,1,32.89
40.738907,-73.859262,40.896811,-73.866146,2,43.03
40.673369,-73.757391,40.683132,-74.001621,2,52.78
40.575493,-73.786589,40.765516,-73.841946,1,57.46
40.774899,-73.949316,40.826489,-73.755371,4,44.50
40.605771,-73.883780,40.848473,-73.894810,1,68.06
40.789233,-73.889359,40.640194,-73.952480,1,43.16
40.841991,-73.977260,40.850736,-73.861634,1,24.84
40.725949,-73.994590,40.580490,-73.792457,4,62.61
40.636103,-73.909921,40.852262,-73.831372,1,60.36
40.717756,-73.826809,40.751600,-73.787240,1,11.48
40.832834,-73.908492,40.664059,-73.919122,2,50.59
40.560347,-73.909918,40.753746,-73.882725,1,55.85
40.859846,-73.986785,40.750669,-73.886140,1,34.22
40.573352,-73.809008,40.680927,-74.017674,1,54.00
40.718695,-73.767040,40.589436,-73.794918,2,42.15
40.707863,-73.877394,40.709558,-73.838614,4,12.65
40.677241,-73.864528,40.642128,-73.816617,1,16.52
40.825830,-73.728734,40.833658,-73.732370,2,5.48
40.637247,-74.006510,40.701666,-73.800560,2,48.69
40.686202,-73.730687,40.881995,-73.728668,2,56.19
40.782620,-73.991703,40.839971,-73.731538,1,56.13
40.721393,-73.961175,40.733513,-73.838568,1,28.23
40.635582,-73.767280,40.815699,-73.953648,2,64.27
40.727688,-73.970078,40.702343,-73.953384,2,10.62
40.566707,-73.934890,40.581858,-73.996529,2,18.76
40.694620,-74.014589,40.834810,-73.923157,3,40.29
40.895053,-73.742162,40.816670,-73.851439,2,30.93
40.766659,-73.877140,40.792749,-73.901560,1,8.26
40.820420,-73.842736,40.607593,-73.780612,1,61.91
40.849209,-73.960964,40.574341,-73.738518,1,91.22
40.640861,-73.848302,40.827268,-73.844395,3,52.67
40.866294,-73.921292,40.680776,-73.879060,1,58.24
40.591882,-73.813251,40.799513,-73.948524,2,65.72
40.863562,-73.758208,40.661837,-73.884430,1,60.93
40.898042,-73.853846,40.748655,-73.879364,2,45.28
40.812491,-73.873684,40.884712,-73.993728,1,28.28
40.673154,-73.731441,40.853518,-73.824719,1,59.65
40.887182,-73.974388,40.873509,-73.830636,3,29.79
40.625028,-74.028087,40.775214,-74.017412,1,38.49
40.882556,-74.009776,40.849460,-73.766405,1,57.67
40.849615,-73.989842,40.578636,-73.925221,1,80.86
40.847250,-73.840419,40.650104,-73.801107,2,56.25
40.711855,-73.995176,40.629752,-73.812608,3,43.34
40.678990,-73.774606,40.780535,-73.907882,1,40.76
40.832418,-73.776469,40.867113,-73.809785,2,15.57
40.581099,-73.846765,40.803366,-73.814814,1,62.65
40.605082,-73.728443,40.749422,-73.836413,2,47.87
40.886607,-73.756346,40.863360,-73.857104,1,24.08
40.896433,-73.901946,40.795277,-73.907954,1,29.61
40.709104,-73.912489,40.875851,-73.933122,1,48.85
40.643071,-74.002922,40.854747,-73.873649,1,67.66
40.817785,-73.982571,40.893008,-73.878669,4,33.20
40.611462,-73.998680,40.702014,-73.974691,3,25.96
40.865042,-73.945622,40.717332,-73.779307,1,58.50
40.608301,-73.843172,40.600083,-73.746076,4,23.44
40.670542,-73.820994,40.646456,-73.829336,1,9.41
40.604579,-73.804116,40.584476,-73.729721,1,17.13
40.816266,-73.987199,40.816142,-73.877616,1,24.78
40.827152,-73.939515,40.686294,-73.769005,1,55.90
40.606216,-73.809053,40.827380,-73.999553,1,73.86
40.682689,-73.857842,40.803226,-73.976642,2,47.96
40.765265,-73.939199,40.562338,-73.740333,1,69.57
40.589876,-73.734792,40.861757,-73.989724,1,92.61
40.806147,-73.889721,40.876174,-73.923678,1,19.89
40.641875,-73.904892,40.561145,-73.866054,1,25.29
40.613463,-73.983904,40.596235,-73.956211,1,10.79
40.873679,-73.832360,40.673736,-73.774530,6,56.92
40.749549,-73.892205,40.754301,-73.745519,3,38.15
40.588272,-73.977920,40.806640,-73.753620,4,80.02
40.589433,-74.010478,40.742354,-73.745387,1,74.68
40.589356,-74.007843,40.706811,-73.874468,1,45.58
40.894823,-73.836009,40.811616,-73.836393,2,26.17
40.772258,-74.026484,40.804472,-73.928748,2,25.96
40.573774,-73.938355,40.719514,-73.909387,1,40.18
40.714021,-73.926458,40.560808,-74.006427,6,46.97
40.625796,-74.024441,40.763000,-73.939816,1,40.13
40.565313,-73.846823,40.705071,-73.935487,1,42.15
40.721578,-73.824005,40.885565,-74.019458,1,59.98
40.571370,-73.730670,40.823807,-73.878331,1,76.74
40.810693,-73.766487,40.730454,-73.904084,1,41.11
40.889068,-73.891268,40.868287,-73.904261,1,8.32
40.724389,-73.730663,40.653880,-73.791749,1,25.44
40.668382,-73.759052,40.890074,-73.938008,2,70.38
40.741755,-73.753555,40.889916,-74.009094,2,68.60
40.623722,-73.944813,40.869455,-73.754509,5,80.64
40.764766,-73.780399,40.793099,-73.900768,2,28.89
40.586395,-73.785442,40.853866,-73.874482,1,78.73
40.781805,-73.853787,40.887855,-74.019249,2,46.70
40.657327,-73.803510,40.668465,-73.731588,1,17.78
40.747016,-73.955518,40.739514,-73.850290,1,24.59
40.603320,-73.834773,40.775470,-73.963810,1,57.16
40.634479,-73.985211,40.737049,-73.836019,1,42.04
40.596028,-73.720800,40.716268,-73.795718,5,34.15
40.753080,-73.934457,40.574177,-73.727051,1,68.41
40.799907,-73.806817,40.603061,-73.816447,2,56.82
40.625131,-73.927231,40.824666,-73.847381,5,57.18
40.753529,-73.794171,40.788688,-73.905409,1,25.92
40.652359,-73.958285,40.860905,-74.018347,2,55.53
40.897308,-73.762324,40.830795,-73.743776,5,21.85
40.856269,-73.742003,40.855993,-73.930533,1,38.81
40.863521,-73.821453,40.632249,-74.008319,1,70.76
40.740282,-73.999955,40.747464,-73.928255,1,16.14
40.841944,-74.005168,40.871252,-73.764163,3,52.27
40.722752,-73.941140,40.719237,-73.881014,5,17.54
40.754545,-73.920924,40.864547,-73.922698,3,31.75
40.578804,-73.905810,40.600217,-73.916249,4,11.31
40.606427,-73.816632,40.695765,-74.002420,4,50.86
40.660465,-73.782736,40.698720,-73.774976,1,12.50
40.651260,-73.844485,40.857711,-74.008038,3,67.46
40.574704,-73.848524,40.618066,-73.765967,2,27.29
40.653912,-73.951163,40.608087,-73.756614,4,44.49
40.743077,-74.024007,40.823386,-73.922356,1,30.88
40.689231,-73.769738,40.685650,-73.809618,1,12.11
40.711231,-73.730333,40.882448,-73.756096,1,46.54
40.877821,-73.886711,40.707369,-73.958940,4,54.94
40.701689,-73.946218,40.893551,-73.763595,1,74.07
40.706821,-73.761635,40.838981,-73.911548,1,50.14
40.741865,-73.830902,40.654522,-74.008758,1,49.99
40.884407,-74.027627,40.697243,-73.991819,1,53.25
40.616654,-74.008030,40.580020,-73.880690,1,27.04
40.664052,-73.953503,40.640133,-73.740357,1,50.40
40.788612,-74.001632,40.720152,-73.735936,2,78.08
40.707851,-73.916102,40.830613,-73.815871,1,42.93
40.634719,-73.880386,40.707471,-73.759055,5,40.29
40.830506,-73.990615,40.570845,-73.802725,4,79.76
40.894818,-73.780999,40.894925,-73.953121,4,39.00
40.889455,-73.766131,40.563104,-74.027108,1,103.72
40.767026,-73.975822,40.661377,-73.818212,1,47.47
40.892813,-73.909991,40.852456,-73.931701,2,12.34
40.761148,-73.955468,40.807330,-73.837051,1,26.41
40.611370,-73.972699,40.815893,-73.915211,2,58.84
40.635645,-73.967110,40.879180,-73.983782,1,71.95
40.627325,-73.762584,40.602102,-74.017967,2,54.36
40.849390,-74.009031,40.838835,-73.913408,2,23.22
40.605959,-73.795393,40.660553,-73.798025,1,16.98
40.764059,-73.981549,40.872203,-73.733372,5,60.01
40.875569,-73.927104,40.561985,-73.880807,1,93.21
40.682769,-73.939407,40.866207,-73.920614,1,50.19
40.736763,-73.827415,40.863777,-73.886783,2,38.59
40.676997,-73.792943,40.705175,-74.024774,2,48.59
40.673951,-73.785025,40.779378,-73.913650,1,43.18
40.666945,-73.923917,40.747770,-73.835790,2,30.10
40.561114,-73.804116,40.829704,-73.972909,2,85.72
40.611082,-73.824803,40.704802,-73.899194,4,31.47
40.634000,-73.751512,40.869291,-73.866216,1,63.77
40.675351,-73.921642,40.786520,-74.006611,1,36.23
40.611479,-73.726503,40.763328,-73.911436,2,54.99
40.882520,-73.742350,40.887743,-73.811548,4,19.30
40.803362,-74.025757,40.576442,-73.749360,2,89.56
40.689734,-73.749533,40.619262,-73.762699,2,22.52
40.715625,-73.961855,40.695926,-73.759463,4,43.48
40.692123,-73.957214,40.568557,-73.975470,2,39.43
40.646379,-73.890959,40.770384,-73.765836,1,44.81
40.585681,-73.939395,40.631648,-73.892643,2,18.89
40.665347,-73.857566,40.876809,-73.953604,1,56.81
40.629910,-73.766739,40.789036,-73.935121,1,58.43
40.825928,-73.745792,40.580121,-74.018467,1,85.75
40.654551,-73.803848,40.770304,-73.871511,2,35.96
40.818107,-73.913468,40.601991,-73.752140,1,68.05
40.571435,-73.756481,40.660836,-73.723016,2,29.19
40.614212,-73.737608,40.818469,-73.975535,3,75.51
40.670679,-73.782509,40.721748,-73.960900,4,43.56
40.670423,-73.766580,40.807547,-73.843108,2,43.68
40.896394,-73.882008,40.820674,-73.864777,2,20.85
40.854020,-73.724767,40.830857,-73.906941,3,38.75
40.782454,-73.882420,40.578549,-73.923373,5,58.18
40.896858,-73.844714,40.711153,-74.015587,1,69.96
40.849995,-73.984483,40.804795,-73.971830,2,15.19
40.767020,-73.938662,40.721517,-73.809693,1,29.77
40.811873,-73.791075,40.893264,-73.869857,1,30.07
40.707300,-73.994092,40.597129,-73.891523,1,39.32
40.795362,-73.731619,40.675044,-73.825421,1,34.02
40.631154,-73.799477,40.806508,-73.821438,1,49.15
40.668399,-73.798934,40.607638,-73.996737,2,47.55
40.859839,-73.810426,40.614987,-73.839031,4,72.93
40.596473,-73.746501,40.581441,-73.739665,2,5.34
40.679208,-73.932560,40.565277,-73.869913,3,34.67
40.591434,-73.804183,40.811449,-73.844700,1,61.61
40.733362,-73.894074,40.723178,-73.915170,1,6.50
40.865169,-73.848755,40.613781,-73.838718,1,69.67
40.690224,-73.720307,40.613645,-73.894970,1,46.59
40.670938,-73.960062,40.663732,-73.768046,1,42.88
40.760395,-73.925910,40.845256,-73.734115,2,45.53
40.732627,-73.867226,40.795398,-73.994662,1,28.32
40.701351,-73.875098,40.706398,-73.755096,1,30.04
40.629768,-73.972583,40.805458,-73.720682,2,75.80
40.824422,-73.805720,40.734003,-74.022948,2,53.10
40.793009,-73.728587,40.687203,-73.761708,1,27.99
40.568200,-73.886423,40.629257,-73.913869,2,19.79
40.561670,-73.879944,40.825572,-73.964300,1,78.56
40.688925,-73.938893,40.635134,-73.948224,1,16.90
40.637719,-73.990642,40.625746,-73.897157,2,21.01
40.890829,-73.774900,40.667199,-73.833241,1,69.11
40.708148,-73.787086,40.746787,-73.795309,1,11.09
40.593199,-73.876900,40.575614,-73.860228,2,6.24
40.574008,-74.029198,40.861133,-73.891296,3,79.76
40.898702,-73.736780,40.848844,-74.013040,2,58.33
40.779797,-73.798172,40.596162,-73.779567,1,46.25
40.675881,-73.736573,40.804543,-73.917376,1,47.09
40.783518,-73.962192,40.875430,-73.725317,1,60.81
40.757395,-73.937196,40.590066,-73.885395,1,52.66
40.706738,-73.971077,40.774149,-74.017431,1,22.93
40.799655,-73.809442,40.772974,-73.723830,1,21.43
40.582370,-73.858509,40.848277,-73.826695,2,76.14
40.582930,-73.878158,40.585046,-73.732310,1,32.54
40.685479,-73.827796,40.774655,-74.013239,3,50.29
40.706637,-73.836127,40.775383,-73.957820,1,33.63
40.837288,-73.920598,40.734948,-73.828934,1,37.12
40.794517,-73.927327,40.706256,-73.909316,3,31.16
40.866150,-73.928442,40.800510,-73.952093,1,20.61
40.611483,-73.736556,40.674390,-73.753098,2,18.39
40.752822,-73.753615,40.791866,-73.975392,1,44.86
40.664900,-73.937583,40.604991,-73.942322,2,17.90
40.711582,-73.930614,40.765902,-73.925451,4,18.39
40.886068,-73.779585,40.862409,-73.851003,1,17.14
40.833119,-73.946105,40.816333,-73.929428,1,7.04
40.577830,-73.882948,40.713185,-73.917903,2,39.59
40.899964,-73.862706,40.732059,-73.727459,3,56.34
40.789257,-73.791137,40.863721,-73.757003,2,23.48
40.628982,-73.930134,40.837724,-73.820890,1,58.48
40.657186,-73.800502,40.840449,-73.752523,1,47.60
40.584413,-73.948224,40.730933,-73.800209,4,53.22
40.579360,-73.806672,40.682756,-73.828588,2,29.20
40.868793,-73.890816,40.632604,-73.929631,2,66.14
40.590211,-73.805982,40.868186,-73.797501,1,76.40
40.826952,-74.026384,40.630780,-73.812981,1,75.54
40.648746,-73.854113,40.749354,-73.768724,2,34.78
40.787660,-73.753718,40.878175,-74.004109,1,55.36
40.641474,-73.829874,40.655739,-73.916866,1,20.27
40.731064,-73.828415,40.596636,-74.009237,1,52.42
40.864824,-73.906203,40.744876,-73.983427,2,58.09
40.834830,-73.811269,40.581771,-73.907582,4,77.95
40.858547,-73.939057,40.587027,-73.972087,1,75.84
40.636663,-73.861310,40.812000,-73.838370,2,48.33
40.789123,-73.944045,40.624034,-73.778878,6,56.57
40.852823,-73.790305,40.734251,-73.764647,1,32.78
40.896186,-73.835344,40.662242,-73.958783,2,69.33
40.743497,-73.802414,40.603263,-73.868946,1,41.07
40.689105,-73.978856,40.800821,-73.792041,1,48.06
40.596753,-73.774844,40.854319,-73.989248,5,87.76
40.883374,-74.009295,40.694760,-73.972533,1,51.21
40.582143,-73.913256,40.702349,-73.776496,1,41.73
40.816458,-73.793131,40.755134,-73.878685,4,29.26
40.698084,-73.910181,40.824064,-73.740714,1,49.60
40.787423,-73.769819,40.687272,-73.770766,1,29.14
40.597556,-73.749764,40.874061,-73.827621,1,78.27
40.852440,-73.867516,40.676964,-73.868963,2,46.99
40.768231,-74.021448,40.882288,-73.956711,4,40.52
40.606609,-73.813229,40.702009,-74.026676,3,48.01
40.596788,-73.955820,40.874925,-74.002940,1,76.07
40.622369,-74.001669,40.578631,-73.861470,1,34.04
40.675114,-73.868644,40.571824,-73.911831,2,33.65
40.601502,-73.808409,40.810559,-73.953146,3,66.92
40.740244,-73.873242,40.631328,-73.835450,1,35.21
40.706531,-73.783854,40.653860,-73.763476,1,14.76
40.856572,-73.988738,40.797683,-73.964314,1,18.31
40.565404,-73.948489,40.842198,-73.891407,2,76.49
40.706077,-74.017090,40.745643,-73.976872,1,15.28
40.848843,-74.028944,40.617312,-73.757831,2,84.44
40.751896,-73.755578,40.838347,-73.785004,1,29.44
40.705148,-73.899572,40.596797,-73.990121,1,35.85
40.641749,-74.018441,40.711418,-73.966419,1,26.01
40.698683,-73.737813,40.635362,-73.804287,3,22.67
40.783804,-73.890843,40.860216,-73.922926,2,24.31
40.599956,-73.854827,40.764315,-74.011218,1,59.96
40.875259,-73.767050,40.689519,-74.028434,1,78.09
40.748495,-73.774234,40.604359,-74.010538,4,61.35
40.680572,-73.987373,40.744717,-73.970253,1,17.57
40.801132,-73.840725,40.775633,-73.951251,1,31.30
40.692351,-73.896571,40.644560,-73.990449,3,30.36
40.692532,-73.846759,40.677731,-73.881759,4,11.31
40.880119,-73.903787,40.810271,-73.916278,1,17.44
40.667422,-73.909920,40.657992,-73.832991,1,21.49
40.671356,-73.731446,40.731639,-73.817648,1,25.83
40.866089,-73.781578,40.837499,-73.771075,1,11.94
40.693312,-73.732806,40.560333,-73.970969,1,63.54
40.561105,-73.726326,40.659832,-73.804909,1,31.39
40.650982,-73.790391,40.683275,-73.884387,3,22.14
40.704722,-73.923733,40.726429,-73.752950,2,37.85
40.831325,-73.966273,40.647161,-73.815116,1,61.22
40.703848,-73.938186,40.835637,-73.904165,1,41.61
40.685427,-74.022612,40.666015,-73.861742,3,32.82
40.640268,-73.948353,40.680381,-73.777587,1,72.47
40.750006,-73.858927,40.569957,-73.922545,3,57.16
40.618155,-73.781409,40.613438,-74.021677,1,49.22
40.876924,-73.844252,40.600381,-73.728695,3,83.74
40.649383,-73.941747,40.678596,-73.829015,2,26.75
40.580692,-73.758463,40.741051,-73.788266,1,45.30
40.801553,-73.723082,40.584688,-73.824185,2,59.30
40.700441,-73.986547,40.682782,-73.840661,1,32.07
40.715703,-74.016863,40.784933,-73.910422,6,34.69
40.873412,-73.792471,40.566360,-73.884733,1,84.32
40.866916,-73.733630,40.840477,-73.801667,2,19.72
40.690390,-73.826096,40.648579,-73.930603,1,24.41
40.649167,-73.996902,40.680071,-74.015668,4,12.22
40.693792,-73.881683,40.632026,-73.823716,1,21.61
40.856374,-73.875246,40.712288,-73.990748,3,51.06
40.702008,-73.729645,40.577007,-73.951476,1,53.43
40.632169,-73.813882,40.641717,-73.771002,2,12.02
40.831113,-73.765558,40.775358,-73.785566,2,19.34
40.617264,-73.868092,40.805487,-73.938564,1,55.62
40.789877,-74.017594,40.681914,-74.011860,2,38.38
40.795979,-73.928288,40.682292,-73.781213,2,48.70
40.696638,-73.867553,40.750487,-73.887727,1,17.00
40.649835,-73.735388,40.874473,-73.963371,1,78.13
40.843303,-73.752630,40.881938,-73.802112,4,17.53
40.674239,-74.013077,40.660704,-73.866821,1,32.59
40.849041,-73.956029,40.617085,-73.929669,2,64.54
40.690653,-73.866472,40.802383,-73.900527,1,32.37
40.628603,-73.778590,40.836259,-73.757853,1,61.72
40.744102,-73.723502,40.870464,-74.019157,1,69.51
40.635687,-73.759412,40.738408,-73.895649,3,45.48
40.699203,-73.745019,40.676245,-73.876175,1,30.91
40.715184,-73.844673,40.882712,-73.801682,1,48.58
40.609679,-73.804513,40.757800,-73.825063,2,40.71
40.793249,-74.013257,40.841461,-73.794901,1,46.17
40.646204,-73.938957,40.698616,-73.792706,1,33.79
40.659519,-73.824982,40.690158,-73.933603,3,24.88
40.844517,-73.798386,40.872253,-73.814289,1,10.68
40.580402,-74.003358,40.745833,-73.933362,1,50.95
40.620923,-73.945492,40.855329,-73.964259,1,67.03
40.893395,-73.860882,40.845627,-73.853098,1,14.03
40.781394,-73.993585,40.803006,-73.950911,1,11.23
40.649737,-73.967406,40.835190,-73.803404,1,65.78
40.864276,-73.925267,40.566589,-73.761091,1,86.03
40.896066,-73.814674,40.877620,-73.932048,1,24.06
40.813705,-73.740074,40.777929,-73.817634,3,19.18
40.645278,-74.010843,40.867492,-73.863442,1,66.44
40.895819,-73.864528,40.806176,-74.021612,1,43.65
40.677916,-73.960667,40.816183,-73.743506,3,58.65
40.725971,-73.953814,40.724367,-73.748164,2,46.81
40.885890,-73.896413,40.806006,-73.953832,2,28.48
40.858736,-73.968478,40.808262,-73.748241,1,49.74
40.668370,-73.942354,40.733473,-74.018502,2,23.36
40.673149,-73.976076,40.796596,-73.992639,1,34.80
40.810574,-73.920825,40.719336,-74.026819,1,34.72
40.562705,-74.013650,40.754530,-74.016205,1,50.26
40.746729,-73.908632,40.596515,-73.751615,1,51.81
40.589374,-74.007591,40.820929,-73.752199,2,90.46
40.682624,-73.904079,40.873821,-73.978004,2,58.61
40.656468,-73.752400,40.733289,-74.021138,1,60.44
40.620394,-73.849101,40.644488,-73.823961,2,11.69
40.862576,-73.882899,40.701771,-73.759475,2,51.54
40.704758,-73.899717,40.614042,-73.956341,1,32.20
40.598683,-73.823947,40.691235,-73.781820,3,27.29
40.656553,-73.770398,40.742488,-73.970734,3,50.09
40.724169,-73.769761,40.651832,-73.746343,1,21.48
40.875145,-74.024220,40.851513,-73.884182,1,29.73
40.739019,-73.906572,40.840740,-73.772342,1,41.33
40.569737,-73.862579,40.762282,-73.935072,1,53.21
40.867359,-73.952728,40.614218,-73.886593,1,67.13
40.560294,-73.863373,40.889701,-73.741159,1,86.34
40.771286,-73.785841,40.626574,-73.930765,2,58.50
40.731476,-73.894382,40.751798,-73.766313,1,28.53
40.831190,-73.988110,40.580493,-74.027148,1,137.26
40.572372,-74.024621,40.595861,-74.021493,1,10.90
40.874333,-73.724812,40.561350,-73.883298,3,86.48
40.768418,-73.965070,40.857462,-74.015609,1,26.36
40.598438,-73.946220,40.647532,-74.001633,1,19.72
40.578421,-73.759011,40.721543,-73.950408,1,56.46
40.649917,-73.759539,40.788257,-73.980000,1,61.81
40.858010,-73.891921,40.846130,-73.748159,1,32.35
40.643030,-73.904316,40.893950,-73.985520,1,66.21
40.793989,-73.971099,40.643985,-73.968112,1,42.34
40.851217,-73.978412,40.803236,-73.876986,1,21.03
40.725655,-74.019423,40.771625,-73.910087,2,32.07
40.819359,-73.819998,40.672542,-73.740754,2,45.70
40.840731,-73.721250,40.607954,-73.724696,2,67.84
40.804044,-73.932090,40.747993,-73.969785,1,21.01
40.679482,-74.017259,40.756182,-73.991511,2,20.47
40.615347,-74.023861,40.896412,-73.735229,4,96.00
40.593271,-73.833121,40.811371,-73.782734,3,61.93
40.744380,-73.822970,40.722554,-74.011598,1,43.35
40.756050,-73.924001,40.750610,-74.010529,1,21.23
40.792088,-73.931236,40.787845,-73.976750,1,12.45
40.775988,-73.820437,40.893070,-73.766613,2,60.57
40.721462,-73.749623,40.777804,-73.763531,1,16.87
40.751301,-73.966842,40.723337,-73.814878,1,54.93
40.813741,-73.940353,40.694219,-73.874116,1,38.87
40.590355,-73.843924,40.821953,-73.937446,1,68.33
40.725481,-74.017316,40.867569,-73.993599,1,38.45
40.839708,-73.983672,40.899953,-73.964221,4,18.23
40.698508,-73.934165,40.704280,-74.008989,1,17.95
40.846434,-74.011912,40.808973,-73.836784,1,38.08
40.788699,-73.788432,40.882448,-73.949414,1,45.51
40.619108,-73.828139,40.625622,-73.991939,1,32.06
40.879255,-73.858457,40.737531,-73.963810,2,44.33
40.814556,-73.918187,40.816716,-73.727552,1,37.30
40.761692,-73.811086,40.880392,-73.942957,1,44.09
40.747524,-73.982338,40.592279,-74.002344,4,45.38
40.763912,-73.877924,40.621275,-73.799992,1,45.28
40.801702,-73.969190,40.642142,-73.883659,1,53.16
40.839682,-73.825709,40.754561,-73.740773,1,29.46
40.673379,-73.734699,40.675901,-73.779714,4,13.65
40.847294,-73.784349,40.719159,-73.940726,1,50.06
40.673818,-73.869092,40.664220,-73.740319,2,31.16
40.613705,-73.818020,40.613789,-74.011970,2,44.68
40.620133,-73.741346,40.601398,-73.922473,1,40.11
40.748393,-73.857074,40.568781,-73.984838,1,54.25
40.570102,-73.750615,40.884116,-73.794531,1,89.17
40.853287,-73.741797,40.700638,-73.952111,1,60.75
40.846363,-73.855380,40.716872,-73.831606,1,34.92
40.623782,-73.930502,40.823564,-73.963021,3,55.15
40.680557,-73.989129,40.734197,-73.922401,2,23.92
40.722782,-73.782759,40.586365,-74.003556,2,61.56
40.844535,-73.819339,40.807571,-73.827821,2,14.33
40.768884,-73.859228,40.717877,-73.989053,1,32.53
40.891011,-73.763928,40.627944,-73.906546,2,79.28
40.677595,-74.002896,40.624938,-73.922343,1,25.93
40.794512,-73.825309,40.569372,-73.819767,2,61.56
40.672408,-73.759937,40.859981,-74.005533,2,73.20
40.585530,-73.999377,40.691203,-73.853223,1,40.86
40.812754,-73.723154,40.574923,-73.814906,2,70.40
40.666997,-73.734667,40.798590,-73.825623,2,42.71
40.686609,-73.766636,40.824578,-73.990957,1,61.55
40.607509,-73.783979,40.681561,-73.927200,1,32.67
40.866699,-73.748326,40.565596,-73.841574,3,90.14
40.774717,-73.971424,40.567415,-73.849743,1,62.79
40.831938,-73.965589,40.617566,-73.931603,2,62.18
40.610382,-73.999888,40.874243,-73.878052,1,84.42
40.794550,-73.998886,40.800711,-73.868692,2,28.34
40.800647,-73.982021,40.798495,-73.804133,1,41.15
40.844390,-73.973227,40.585565,-73.734466,1,93.04
40.633032,-73.901464,40.615606,-73.834644,1,18.29
40.763349,-73.882284,40.772071,-73.960064,1,18.66
40.755303,-73.949988,40.658456,-73.856236,3,38.84
40.744569,-73.815269,40.860002,-73.775284,1,34.46
40.617041,-73.806756,40.621591,-73.876619,1,16.04
40.846451,-73.778077,40.865134,-73.945569,2,34.25
40.591637,-73.903391,40.791688,-73.985570,2,60.79
40.740286,-74.018988,40.687286,-73.985500,1,18.06
40.834573,-73.730187,40.564214,-73.788879,3,77.93
40.740641,-73.967824,40.796072,-73.918102,1,18.86
40.781870,-73.870106,40.798598,-73.873287,1,6.83
40.625346,-73.993048,40.643881,-73.845975,2,33.55
40.737858,-73.755409,40.771661,-73.784785,4,16.72
40.691794,-73.954472,40.668892,-73.836847,3,27.71
40.856376,-73.957349,40.747304,-73.984964,3,35.41
40.605961,-73.859260,40.725848,-73.962205,1,39.61
40.653465,-73.786360,40.658188,-73.772167,1,6.84
40.679031,-74.010614,40.886918,-73.885396,1,63.97
40.780616,-73.879220,40.737473,-73.866207,1,11.30
40.681941,-73.778377,40.686668,-73.891901,2,25.13
40.570752,-73.754148,40.764392,-73.947782,2,66.51
40.881752,-73.923990,40.660281,-73.762231,3,71.85
40.713848,-73.961733,40.803123,-73.932894,1,27.24
40.762377,-73.873105,40.646753,-73.944616,3,41.30
40.587871,-73.847670,40.763497,-73.912834,1,50.06
40.823295,-73.869469,40.692308,-74.027508,1,52.66
40.655253,-73.819083,40.764149,-73.848655,1,36.72
40.751260,-73.774153,40.802254,-73.998858,1,49.17
40.590202,-73.842127,40.873765,-73.797820,1,81.76
40.717266,-73.753731,40.671043,-73.891144,1,33.46
40.652963,-73.864223,40.814849,-73.866674,1,48.04
40.631157,-73.953649,40.731245,-73.833273,1,38.79
40.837037,-73.725313,40.599270,-73.940997,3,81.01
40.842760,-73.819607,40.639616,-73.791594,3,59.74
40.778157,-73.737468,40.776915,-73.902973,1,36.37
40.589995,-73.812589,40.603511,-73.947549,1,30.30
40.682185,-73.723999,40.726404,-73.775836,1,19.50
40.730118,-73.754402,40.814447,-73.853658,1,29.94
40.793904,-74.014104,40.710968,-74.020567,1,24.71
40.742923,-73.727786,40.887818,-73.931975,2,63.62
40.629452,-74.010384,40.675992,-73.872489,1,32.73
40.598951,-73.825432,40.869402,-73.820136,1,78.04
40.655490,-73.919239,40.812226,-73.724004,2,61.88
40.569432,-73.789166,40.648901,-73.773062,1,22.15
40.825483,-73.965671,40.891179,-73.910228,2,25.53
40.657930,-73.882591,40.823387,-73.850128,1,47.06
40.601246,-74.025534,40.570941,-73.950355,1,22.48
40.842159,-74.000245,40.872431,-73.797180,1,46.28
40.735310,-73.964892,40.770535,-73.978807,1,12.52
40.862818,-73.919517,40.726608,-73.933623,1,38.84
40.692645,-73.920638,40.882237,-73.848081,1,54.86
40.890968,-73.978371,40.872212,-74.006162,3,13.80
40.803117,-74.015651,40.672349,-73.951888,3,44.10
40.861963,-73.912893,40.684994,-73.903748,4,54.40
40.657433,-74.000869,40.754965,-73.779941,4,50.46
40.644602,-73.787009,40.702894,-73.775519,1,19.69
40.864715,-73.878281,40.751492,-73.994255,1,42.70
40.756229,-73.754252,40.562142,-73.759466,2,79.30
40.648997,-73.876099,40.788306,-73.938896,2,42.99
40.894569,-73.948141,40.691004,-73.866560,3,66.18
40.655694,-73.958171,40.708293,-73.740686,1,50.93
40.796742,-73.982695,40.657685,-73.907509,5,38.51
40.885318,-73.740828,40.686226,-74.007203,1,123.98
40.858271,-73.861891,40.732499,-73.935521,2,40.09
40.633951,-73.847193,40.686743,-73.868690,1,15.73
40.892764,-73.858649,40.652556,-74.014485,2,76.63
40.675457,-73.723126,40.889384,-74.001741,1,164.85
40.630478,-73.977569,40.714890,-73.775214,1,46.77
40.852614,-74.010862,40.851811,-73.851662,1,33.05
40.712278,-73.738204,40.641622,-74.010992,1,64.18
40.796861,-73.927999,40.606099,-73.795080,2,99.38
40.684520,-73.910390,40.632332,-73.896648,3,15.66
40.685881,-73.912235,40.834313,-73.951984,1,42.58
40.772591,-73.811617,40.582538,-73.800140,4,58.74
40.861540,-74.023461,40.715046,-73.857205,2,53.76
40.623691,-73.818443,40.663476,-73.812909,1,13.24
40.651374,-74.008101,40.899829,-74.001661,2,74.85
40.675659,-73.799505,40.571081,-73.762594,4,32.00
40.865252,-73.844802,40.675808,-73.908233,1,83.92
40.677661,-73.820801,40.817569,-73.993682,2,55.34
40.849675,-73.894317,40.610329,-73.780596,1,68.61
40.894393,-73.950853,40.647006,-73.860761,1,73.40
40.605727,-73.950599,40.876509,-73.900432,1,79.37
40.825011,-73.985946,40.765222,-73.795348,1,43.23
40.611234,-73.786974,40.808428,-73.994729,1,72.91
40.666100,-73.745367,40.807950,-73.818993,2,39.91
40.798700,-73.772948,40.718607,-73.923955,1,40.03
40.604353,-73.784403,40.881287,-73.865395,2,79.25
40.873354,-73.922344,40.756164,-73.776910,4,45.53
40.582794,-73.922773,40.637972,-73.926312,1,18.35
40.773164,-73.791452,40.707952,-73.745182,5,22.06
40.597577,-74.001400,40.724976,-73.934764,1,39.48
40.627007,-73.822234,40.745612,-73.935703,2,39.25
40.869336,-73.906251,40.793395,-73.893809,2,26.10
40.728028,-73.927455,40.641993,-73.945166,4,26.91
40.594166,-73.839371,40.651849,-73.731777,1,26.36
40.889129,-73.885808,40.880838,-73.901794,3,5.73
40.656661,-73.820090,40.688724,-73.746200,3,16.61
40.826840,-74.014571,40.887394,-73.827602,2,72.69
40.741361,-73.880397,40.661546,-73.837977,4,23.97
40.621963,-74.013359,40.785711,-73.932295,1,50.91
40.768340,-73.868560,40.579038,-73.802310,4,54.17
40.716933,-73.828809,40.736293,-73.881260,1,15.88
40.608544,-73.819963,40.860446,-73.800735,1,66.16
40.714667,-73.987029,40.705458,-74.002635,1,5.52
40.658210,-73.832398,40.861622,-73.768486,3,63.20
40.769206,-73.781490,40.867053,-73.909360,5,42.04
40.593038,-73.994840,40.791221,-73.818430,1,65.42
40.598178,-73.770239,40.685585,-73.911499,2,42.16
40.707376,-73.798098,40.621571,-73.915298,1,34.95
40.798364,-73.831643,40.585615,-73.770554,1,60.52
40.605482,-73.946681,40.816438,-73.923112,1,58.66
40.888111,-73.759765,40.892306,-73.976234,2,47.93
40.618970,-73.898705,40.775621,-73.892995,2,43.87
40.859225,-73.980994,40.582635,-73.761699,1,91.48
40.677349,-73.794399,40.840673,-74.005453,1,64.14
40.765156,-74.005832,40.627821,-73.737500,1,62.32
40.603684,-73.725981,40.651366,-73.829842,1,27.23
40.783960,-74.001728,40.713728,-73.828958,1,38.50
40.570196,-73.978552,40.866309,-73.763019,1,89.77
40.655373,-73.993017,40.817353,-73.883478,1,49.62
40.718258,-73.774292,40.892682,-73.826016,2,48.64
40.818191,-73.863443,40.615748,-74.028880,4,63.79
40.572758,-73.833867,40.739154,-74.028782,1,118.42
40.778030,-73.837198,40.714577,-73.828591,1,17.46
40.619116,-74.010560,40.642088,-74.020093,3,7.72
40.878144,-73.999122,40.600292,-73.772818,1,87.21
40.706872,-73.735106,40.624000,-73.985408,1,57.54
40.723512,-73.735966,40.774435,-73.771647,3,16.86
40.675403,-73.757306,40.741066,-73.877517,1,32.33
40.563249,-73.949795,40.594617,-73.746575,1,48.36
40.891470,-73.773075,40.824939,-73.933073,2,42.21
40.758566,-73.985677,40.621979,-73.825957,1,53.95
40.592987,-73.983279,40.827855,-73.873358,1,70.47
40.585895,-73.837291,40.561123,-73.848587,2,11.80
40.717386,-73.962632,40.874050,-73.876991,2,71.55
40.771625,-73.893382,40.785725,-73.951941,1,14.48
40.614000,-73.812256,40.583824,-73.735348,1,18.55
40.827323,-73.776055,40.690409,-73.977971,1,50.54
40.878341,-73.737637,40.626820,-73.962970,2,78.60
40.701477,-73.867090,40.679074,-74.028387,1,35.23
40.649739,-73.852726,40.692972,-73.853252,2,14.42
40.565364,-73.864956,40.899915,-73.865799,1,87.89
40.596674,-73.825178,40.878063,-73.891611,1,78.36
40.835364,-73.830753,40.587802,-73.876608,1,66.97
40.648222,-74.014065,40.658976,-73.931755,2,19.56
40.630153,-73.793858,40.843221,-73.984001,2,66.70
40.816117,-73.863850,40.800354,-73.738947,2,24.87
40.823393,-73.736881,40.560689,-74.018956,1,89.18
40.634320,-73.789366,40.654108,-73.775578,2,9.74
40.792092,-73.979923,40.570011,-73.813492,1,63.17
40.790863,-73.992867,40.737243,-73.823275,1,41.35
40.883945,-73.730527,40.719459,-73.784021,2,48.28
40.604615,-73.791243,40.588835,-73.795071,1,5.29
40.676716,-73.946207,40.894456,-73.905411,1,64.89
40.591766,-73.918651,40.688644,-73.986363,1,30.21
40.570770,-73.764148,40.729003,-73.796021,2,69.69
40.576647,-73.806535,40.706692,-73.992308,3,57.98
40.697597,-73.953440,40.756335,-73.792597,1,42.26
40.562774,-74.006348,40.792250,-73.857141,2,69.66
40.754205,-73.726715,40.629200,-73.889369,1,52.51
40.672395,-73.770313,40.766902,-73.803915,1,31.87
40.612724,-73.867237,40.866919,-74.018243,2,76.25
40.709910,-73.979408,40.824811,-74.000974,3,35.54
40.646948,-74.006378,40.824006,-73.763117,4,73.03
40.794951,-73.831364,40.723836,-73.916433,2,28.57
40.832601,-73.860484,40.754026,-73.992300,1,35.56
40.774520,-73.962248,40.741095,-74.023381,1,18.54
40.844659,-73.925440,40.831863,-73.814692,4,28.91
40.766136,-73.757835,40.760251,-73.910551,2,36.43
40.681719,-73.908398,40.879444,-73.836344,2,54.43
40.599023,-73.921729,40.876656,-73.885872,1,77.36
40.642957,-73.753120,40.836556,-73.830983,1,53.25
40.765393,-74.006286,40.680223,-73.841820,5,44.17
40.875564,-73.837830,40.693570,-73.879537,1,48.68
40.712438,-73.908047,40.763431,-73.812513,1,25.77
40.794524,-73.805876,40.865678,-73.843538,6,21.77
40.645565,-73.912548,40.712308,-73.842885,2,26.70
40.661618,-73.760083,40.770927,-73.732201,1,35.51
40.880967,-73.922244,40.599109,-73.985533,1,76.96
40.602524,-73.760057,40.861087,-73.778971,1,73.31
40.764796,-73.991956,40.802716,-73.739037,1,54.50
40.760464,-73.798770,40.714214,-73.858461,2,20.10
40.647862,-74.019523,40.771917,-73.737028,2,69.05
40.851935,-73.989668,40.614604,-73.810977,1,71.06
40.640691,-73.929022,40.831821,-73.862327,1,58.01
40.747057,-73.845381,40.690033,-73.814325,1,19.12
40.873396,-73.801090,40.731459,-74.024610,1,60.15
40.574945,-73.968727,40.649221,-73.938565,1,20.02
40.616957,-73.926820,40.598381,-73.903769,1,10.27
40.745930,-73.727546,40.808641,-73.787408,3,24.04
40.676968,-73.749153,40.633906,-73.807818,2,21.89
40.746184,-73.942889,40.707683,-74.000718,4,19.11
40.885847,-73.917832,40.774779,-73.822900,2,34.84
40.738394,-73.898336,40.673332,-73.924575,1,19.58
40.850919,-73.858435,40.616638,-73.931338,1,64.75
40.667134,-73.729291,40.594609,-73.754741,3,22.60
40.855912,-74.023901,40.631627,-73.855438,1,64.96
40.581928,-73.932495,40.823017,-73.807642,1,71.54
40.583861,-73.969552,40.562919,-73.913219,1,13.57
40.662007,-73.736443,40.863076,-73.963826,1,77.81
40.887035,-73.929021,40.866142,-73.995636,1,17.63
40.703818,-73.759316,40.710049,-73.916684,1,32.48
40.864414,-73.951556,40.600457,-73.920444,5,75.05
40.859934,-73.752535,40.784171,-73.839373,3,31.61
40.643735,-73.905473,40.819134,-74.020621,2,51.91
40.645408,-73.798932,40.573025,-73.738225,3,28.38
40.826440,-73.781341,40.821127,-73.810834,2,8.91
40.572617,-73.863143,40.788057,-74.004891,1,64.94
40.780821,-73.901854,40.893707,-73.780083,2,40.35
40.777723,-73.914328,40.611798,-73.993569,3,50.00
40.705015,-73.926227,40.579380,-73.922721,1,36.33
40.635195,-73.736308,40.726894,-73.804046,1,33.09
40.616158,-73.983874,40.609318,-73.758052,1,46.46
40.607033,-73.919492,40.562528,-74.029103,1,27.77
40.654556,-73.980315,40.683758,-74.005100,3,13.34
40.571073,-73.744939,40.758599,-74.002890,1,75.92
40.699468,-73.874387,40.588800,-73.770507,5,35.92
40.855323,-73.753538,40.718713,-73.823148,1,35.73
40.687245,-73.915027,40.790339,-73.859923,2,45.03
40.660526,-73.930091,40.687508,-73.740728,1,41.70
40.772745,-73.885114,40.724036,-73.921146,2,16.42
40.719860,-73.781303,40.612538,-73.962713,2,51.29
40.875449,-73.957206,40.803736,-73.758502,1,50.05
40.777751,-73.810521,40.819156,-73.821299,1,14.63
40.776070,-73.965040,40.712470,-73.722074,3,53.90
40.577397,-73.946462,40.577610,-73.895764,1,14.52
40.795823,-73.871722,40.708516,-73.817435,1,25.87
40.624654,-73.963871,40.591023,-73.843343,4,29.63
40.739467,-73.828166,40.892947,-73.726936,3,50.31
40.877761,-73.865660,40.874432,-73.787595,2,20.86
40.675797,-73.729883,40.765512,-74.015159,1,62.91
40.722717,-73.784763,40.733529,-74.017986,1,45.70
40.603133,-73.770476,40.589004,-73.784150,1,15.02
40.602071,-73.996276,40.623032,-74.027109,1,10.98
40.578926,-73.834494,40.578366,-73.996643,1,33.83
40.748650,-73.729933,40.744651,-73.893891,3,35.26
40.725980,-73.814178,40.833429,-74.026138,1,51.66
40.789872,-73.994685,40.766142,-73.869675,1,27.55
40.785514,-73.765990,40.720282,-73.725502,1,20.43
40.761664,-73.999392,40.620830,-73.997022,1,36.24
40.736182,-73.737507,40.613726,-73.999158,2,71.11
40.671739,-73.801638,40.591545,-73.865575,2,29.59
40.760277,-73.914338,40.786134,-73.867809,1,14.67
40.895983,-73.729691,40.678673,-73.834737,2,95.91
40.873337,-73.770450,40.883823,-73.720602,4,14.66
40.708440,-74.004968,40.869311,-73.806106,1,63.32
40.709379,-73.922606,40.602071,-73.785348,1,41.58
40.839279,-73.872576,40.585051,-74.005858,1,147.49
40.824882,-73.952980,40.735604,-73.757005,1,49.85
40.844427,-73.898364,40.772607,-73.956709,5,25.86
40.560230,-73.972386,40.827546,-73.971045,1,77.35
40.562834,-73.725434,40.822878,-73.915694,4,79.28
40.713031,-73.792478,40.637730,-73.797601,2,26.82
40.798804,-73.897007,40.849428,-73.952825,1,20.91
40.836610,-73.956788,40.560762,-74.014164,1,81.81
40.654814,-73.834270,40.898180,-73.962049,2,139.00
40.696970,-73.877741,40.769715,-73.835239,1,26.51
40.586417,-73.992047,40.808768,-73.991772,1,63.97
40.698425,-73.884666,40.724442,-73.786342,2,21.89
40.691583,-73.768462,40.899520,-73.954488,1,70.47
40.883301,-73.978647,40.807462,-74.019825,1,22.03
40.895146,-73.947507,40.620336,-73.892479,1,82.47
40.859637,-74.028968,40.636606,-73.999180,1,64.97
40.633534,-73.841642,40.874989,-73.824836,2,60.65
40.804162,-73.895989,40.783915,-73.786534,2,22.30
40.678941,-73.978237,40.688942,-73.997863,3,8.94
40.692858,-73.831087,40.564422,-73.924116,1,46.53
40.820674,-73.751692,40.756659,-73.833380,4,24.12
40.668417,-73.988074,40.725284,-73.957515,1,18.05
40.771810,-73.965784,40.883681,-73.911923,1,34.53
40.777974,-73.767506,40.662052,-73.809711,2,36.14
40.565781,-73.989531,40.850165,-73.847077,2,85.84
40.723688,-73.945458,40.728824,-73.988954,1,11.40
40.693565,-73.723980,40.768756,-73.947218,6,49.62
40.638932,-73.760681,40.611155,-73.859257,1,39.20
40.569689,-73.725015,40.629344,-73.886875,1,39.10
40.679528,-74.026873,40.624924,-73.841023,1,42.05
40.705726,-73.891776,40.829078,-73.916376,1,32.99
40.795618,-73.875701,40.848501,-73.870112,4,17.65
40.849113,-73.846871,40.748804,-73.731311,1,36.45
40.757245,-73.926457,40.737882,-73.808290,3,29.55
40.655946,-73.969523,40.634370,-73.995777,2,12.73
40.804818,-73.834746,40.714411,-73.762340,2,31.28
40.617664,-73.726629,40.851983,-74.020986,1,84.59
40.561060,-73.820549,40.666829,-73.934461,1,35.57
40.898178,-73.781534,40.785258,-73.750991,1,28.06
40.633716,-74.027539,40.666525,-73.720021,2,61.91
40.796393,-73.757694,40.739411,-73.891604,2,34.64
40.582131,-73.833319,40.693209,-73.867869,1,34.06
40.867921,-73.905763,40.651141,-73.760556,2,73.16
40.630521,-73.985584,40.569682,-73.762982,1,50.23
40.703801,-73.914453,40.884540,-73.964711,1,48.88
40.704697,-73.918795,40.803868,-74.005762,2,35.01
40.653011,-73.781668,40.819246,-73.912053,5,50.90
40.718927,-73.915869,40.649005,-73.789987,1,37.35
40.831733,-73.781884,40.825627,-73.852537,3,16.84
40.699129,-73.950513,40.665267,-73.908588,1,16.01
40.592942,-73.802165,40.871502,-73.947835,2,88.49
40.797093,-73.958156,40.804921,-73.843639,1,54.86
40.676193,-74.027187,40.600339,-73.863083,2,43.30
40.758138,-73.746610,40.831980,-73.866606,1,30.73
40.756172,-73.730308,40.632063,-73.859136,3,45.82
40.596983,-73.830972,40.591939,-73.812794,2,5.00
40.618535,-73.897320,40.786449,-73.903364,5,50.48
40.837837,-73.730665,40.572591,-73.811324,2,76.77
40.582875,-73.984783,40.828901,-73.951357,2,64.74
40.852990,-73.722004,40.724582,-74.014873,3,120.21
40.694540,-73.725402,40.799437,-73.894317,1,40.49
40.782432,-73.918977,40.634943,-73.886609,1,39.92
40.684585,-73.866614,40.679098,-73.800283,1,24.71
40.566353,-73.871359,40.828058,-73.786520,2,78.02
40.653283,-73.723022,40.838430,-74.007182,4,83.71
40.732834,-73.908923,40.817042,-73.781950,2,37.32
40.811930,-73.923705,40.763183,-73.816796,1,24.81
40.760938,-73.758073,40.739027,-73.783596,2,10.35
40.813581,-73.979516,40.600050,-73.960403,1,65.38
40.809497,-74.025630,40.880693,-73.832761,1,50.50
40.707245,-73.754918,40.619171,-73.803768,1,27.60
40.699884,-73.989222,40.867053,-73.957156,5,47.33
40.780522,-73.908331,40.670185,-73.879917,2,34.33
40.779060,-73.968898,40.769072,-73.917370,1,11.51
40.762696,-73.734154,40.629048,-73.872825,1,51.08
40.814319,-73.955973,40.699440,-73.971317,1,34.29
40.837236,-74.029904,40.864375,-73.743000,3,60.81
40.847000,-73.801116,40.811162,-73.915750,1,31.64
40.684642,-74.028514,40.746714,-73.776077,1,58.79
40.878896,-73.723023,40.706747,-73.756276,3,48.00
40.632658,-73.783498,40.739761,-73.771363,1,32.51
40.865025,-73.780254,40.837120,-73.964600,1,37.67
40.820406,-73.831007,40.835703,-73.906256,1,21.04
40.748625,-73.792402,40.632260,-73.815316,1,29.94
40.616731,-73.872566,40.809642,-73.960066,1,59.16
40.599189,-73.804020,40.765774,-73.887582,2,49.69
40.751512,-73.894978,40.747331,-73.909031,2,6.21
40.874734,-74.000603,40.772595,-73.769441,1,60.29
40.778632,-73.721664,40.609904,-73.774277,2,44.33
40.842381,-73.744112,40.583100,-73.821832,2,71.32
40.702972,-73.790346,40.580622,-74.021929,1,56.99
40.847703,-73.928158,40.762778,-73.754879,1,44.23
40.802277,-73.754761,40.581001,-74.011658,4,73.17
40.804978,-73.998842,40.642041,-73.801136,3,61.30
40.876168,-73.949409,40.690259,-73.943123,2,49.76
40.633126,-73.763000,40.568234,-74.027141,3,57.33
40.854805,-73.769768,40.756752,-73.750957,1,31.28
40.672080,-73.963727,40.702146,-74.005502,3,15.17
40.743823,-73.892205,40.572249,-73.807932,1,51.65
40.668009,-73.850387,40.733310,-73.788710,1,22.83
40.741398,-73.729109,40.570501,-73.968174,1,71.52
40.605255,-73.958298,40.606113,-73.930356,2,5.63
40.665065,-74.000692,40.773179,-73.802665,1,46.49
40.895031,-73.950235,40.681466,-73.771958,3,67.19
40.868127,-73.903186,40.715883,-73.738623,2,56.85
40.832158,-73.974408,40.733537,-74.010565,4,28.38
40.834586,-73.726024,40.589953,-73.836546,3,70.47
40.740246,-73.992808,40.566984,-73.837152,1,57.73
40.830823,-73.852092,40.805496,-73.734481,1,25.29
40.728023,-73.847082,40.591829,-73.873453,1,41.32
40.848056,-73.871927,40.637255,-73.890524,6,64.58
40.758605,-73.843341,40.770823,-74.025432,4,38.42
40.679838,-73.910341,40.606411,-73.759048,4,43.99
40.606428,-73.919779,40.595716,-73.726755,1,42.58
40.579727,-73.951790,40.792696,-73.810469,2,64.13
40.872298,-73.768828,40.854867,-73.823417,1,11.86
40.618417,-73.881872,40.743341,-73.986433,1,40.10
40.783366,-73.841494,40.834422,-73.720046,2,30.44
40.719884,-73.731312,40.782549,-73.735012,1,17.81
40.697691,-73.963912,40.565975,-73.906376,3,39.80
40.720836,-74.025266,40.652291,-73.815679,2,52.21
40.620646,-73.758033,40.569047,-73.845569,1,24.78
40.683020,-73.950275,40.855814,-73.986926,3,49.25
40.713966,-73.951603,40.715293,-73.801691,1,28.13
40.673159,-74.014250,40.810090,-73.941081,3,42.12
40.568339,-73.932447,40.622604,-73.748490,1,47.41
40.637440,-73.748755,40.838844,-73.833487,2,59.86
40.647681,-73.915804,40.680252,-74.016248,1,25.38
40.593149,-73.736908,40.765633,-73.873734,1,54.98
40.610454,-73.966416,40.644059,-73.869025,1,23.17
40.692490,-73.976614,40.659894,-73.902956,1,21.38
40.760719,-73.749824,40.650071,-73.988725,1,62.93
40.883281,-74.008122,40.654220,-73.754782,1,83.73
40.684785,-73.734844,40.745364,-73.874490,5,39.53
40.759587,-73.773950,40.620381,-73.996430,1,60.05
40.661960,-73.912559,40.584796,-73.879260,5,26.65
40.740443,-73.902240,40.662670,-73.967684,6,28.18
40.642449,-74.028573,40.675430,-73.813631,1,45.41
40.699988,-73.798795,40.830243,-73.814707,1,40.49
40.812206,-73.889252,40.836629,-73.734193,4,40.61
40.635147,-73.831120,40.745642,-73.932837,1,36.44
40.626380,-73.850157,40.627335,-73.784105,1,17.69
40.623987,-73.891220,40.779755,-73.782317,3,52.95
40.591582,-74.002156,40.752341,-74.016574,1,49.98
40.717547,-73.881266,40.612648,-73.928318,1,39.09
40.742788,-73.983381,40.587858,-73.755666,1,59.27
40.601953,-73.853720,40.693729,-73.879719,1,27.14
40.880720,-73.742126,40.566394,-73.911075,1,96.74
40.882229,-74.003469,40.889022,-73.747453,1,53.72
40.789114,-73.798494,40.592876,-73.869478,5,63.31
40.737769,-73.883188,40.675252,-73.789866,4,31.95
40.579418,-73.855463,40.702268,-73.744540,1,38.89
40.595491,-73.980671,40.738342,-73.942927,1,43.95
40.733330,-73.874754,40.725911,-73.820966,1,12.35
40.578551,-73.965058,40.698450,-73.780662,1,83.45
40.620911,-73.965331,40.894675,-73.751570,1,89.97
40.588120,-73.955752,40.772052,-73.980833,1,55.65
40.657965,-73.845473,40.708779,-74.007233,1,42.05
40.846926,-73.825204,40.875269,-73.850896,1,14.09
40.815882,-73.928997,40.659298,-73.897211,4,45.64
40.848254,-74.017158,40.875804,-73.837731,1,44.84
40.648945,-73.998693,40.626107,-73.945048,1,16.06
40.592206,-73.738654,40.660366,-73.971400,5,54.26
40.743570,-73.987922,40.685551,-74.021235,6,18.59
40.642448,-73.872230,40.810262,-73.920374,1,44.46
40.765517,-73.987184,40.876766,-73.820845,1,46.35
40.651771,-73.723058,40.707602,-73.902470,2,38.81
40.662521,-73.936308,40.586685,-73.843244,1,29.35
40.630904,-73.790552,40.717938,-73.883870,1,29.69
40.856878,-73.863989,40.885900,-73.852310,1,8.25
40.895917,-73.932865,40.588426,-73.967615,3,78.15
40.681874,-74.021702,40.575854,-73.870842,4,46.16
40.848284,-73.741101,40.868060,-74.029622,2,65.55
40.661820,-73.784402,40.640650,-73.905936,1,25.96
40.692446,-73.882960,40.779608,-73.974623,1,28.78
40.593955,-73.979435,40.760422,-73.871022,1,78.01
40.632934,-73.914341,40.616493,-73.726471,1,40.50
40.679884,-73.784073,40.705022,-73.872271,2,28.28
40.629297,-73.896551,40.801536,-73.923860,4,44.21
40.626272,-73.944284,40.653024,-73.732173,1,46.40
40.679529,-73.839793,40.895174,-73.791719,1,61.73
40.729684,-73.744503,40.582481,-73.736946,3,39.82
40.790480,-73.791023,40.880205,-74.006243,3,56.05
40.847900,-73.898321,40.658960,-73.824314,1,54.66
40.710179,-73.834441,40.793701,-73.836565,2,24.09
40.677293,-73.899374,40.852568,-73.971967,1,47.16
40.629701,-73.994188,40.898421,-74.028433,1,68.27
40.886241,-73.922593,40.624330,-73.898858,1,76.07
40.572468,-73.739199,40.831303,-73.810408,1,79.45
40.781802,-73.885251,40.601017,-73.868164,1,94.06
40.801601,-73.759862,40.562471,-73.860530,2,64.44
40.709910,-74.014812,40.829242,-73.859691,1,75.37
40.791201,-73.994597,40.608017,-73.745664,1,68.34
40.701455,-74.017783,40.591913,-73.834713,1,45.85
40.590796,-73.806754,40.761313,-73.791862,4,49.74
40.840926,-73.801460,40.835970,-74.025144,1,51.94
40.721486,-73.940889,40.645856,-73.796887,5,40.52
40.622166,-73.894591,40.617219,-73.859180,5,9.77
40.897000,-73.761533,40.797403,-73.828220,1,31.52
40.583948,-73.737688,40.842108,-73.978787,1,85.74
40.723658,-73.846141,40.758281,-73.763051,1,20.04
40.854535,-73.986911,40.683466,-74.014660,3,76.57
40.785848,-73.721395,40.733890,-74.015749,4,66.57
40.831040,-73.944023,40.610938,-73.991228,1,58.63
40.581940,-73.974461,40.864642,-73.833895,3,88.69
40.603261,-73.888343,40.875029,-74.013853,1,82.94
40.778981,-73.926986,40.689430,-73.816390,1,35.74
40.823443,-73.790370,40.758061,-73.851428,5,25.04
40.672436,-74.006193,40.849770,-73.755819,1,70.83
40.857740,-73.818891,40.889642,-73.943368,1,25.43
40.834071,-73.808443,40.636548,-73.804630,6,54.70
40.832080,-73.951093,40.805497,-73.902085,1,14.31
40.600989,-73.944206,40.571107,-73.742445,2,41.63
40.849433,-73.835759,40.642905,-73.893742,2,57.03
40.656124,-73.810668,40.612880,-73.952461,2,33.46
40.803646,-73.908231,40.755938,-74.027072,4,30.62
40.784831,-74.029942,40.715581,-73.799115,2,47.70
40.640419,-73.772933,40.638394,-73.886111,1,53.81
40.721715,-73.790970,40.756037,-73.730409,1,16.48
40.685563,-73.901809,40.809321,-73.781474,1,42.17
40.640554,-73.754169,40.753644,-73.774536,2,32.01
40.759366,-73.918557,40.567404,-73.759776,2,63.62
40.710893,-74.027459,40.615076,-73.802051,1,60.04
40.673064,-73.811941,40.681948,-73.845043,2,11.34
40.579430,-73.907031,40.760981,-73.937427,3,54.42
40.679750,-73.923024,40.849295,-74.007124,1,46.47
40.574684,-73.870140,40.714124,-73.910949,2,43.45
40.609414,-73.993259,40.740574,-73.849429,2,79.76
40.801940,-73.842153,40.632385,-73.792327,3,49.07
40.653637,-73.959620,40.815703,-73.900902,1,87.30
40.701613,-73.770929,40.744195,-73.962355,1,44.22
40.801034,-73.801290,40.784108,-73.762427,5,13.66
40.840433,-73.733897,40.561615,-73.914014,1,75.36
40.575943,-73.869139,40.610224,-74.024096,1,34.99
40.897518,-74.018109,40.667073,-73.806728,2,77.63
40.656796,-73.748093,40.672921,-73.937322,3,37.20
40.869151,-73.852102,40.792208,-73.779163,3,28.32
40.801082,-73.903784,40.873161,-73.942583,2,22.09
40.659473,-73.843980,40.755056,-73.843300,3,30.04
40.766184,-73.884271,40.726126,-73.789953,1,24.59
40.772345,-73.774145,40.628453,-73.917658,5,54.91
40.738119,-73.725910,40.706267,-73.790103,1,15.91
40.808590,-73.805501,40.752621,-73.727118,1,25.36
40.609809,-73.968260,40.595837,-73.963663,2,6.59
40.690953,-74.012716,40.832041,-73.772089,1,67.16
40.874400,-74.026166,40.584262,-73.917043,1,82.86
40.580950,-73.753534,40.859235,-73.725438,1,76.74
40.696560,-73.978183,40.696224,-73.901464,2,17.10
40.888395,-73.805592,40.700253,-73.965023,2,64.48
40.638504,-73.816739,40.599341,-74.003978,1,39.06
40.759806,-73.918325,40.785231,-73.958604,1,13.40
40.808734,-73.916057,40.691816,-73.726254,3,54.76
40.854381,-74.005347,40.772676,-73.930152,2,27.33
40.579565,-73.749557,40.569276,-74.009084,1,54.52
40.615666,-73.875857,40.799462,-73.897483,4,55.33
40.760177,-73.920654,40.828938,-73.782248,1,30.59
40.766292,-73.840273,40.687926,-73.913736,2,27.04
40.590463,-73.770436,40.681727,-73.905516,2,42.34
40.895115,-74.003762,40.812026,-73.836495,2,46.52
40.736235,-73.825828,40.782742,-73.782406,1,17.56
40.605342,-73.814831,40.892897,-73.894974,1,73.73
40.808492,-73.844174,40.858004,-73.746452,3,24.91
40.582184,-73.911596,40.804791,-73.737640,2,66.40
40.677324,-73.878800,40.889765,-73.950577,1,61.91
40.734341,-73.727571,40.677340,-74.001451,1,60.92
40.760221,-73.793921,40.896120,-73.734158,1,80.43
40.586617,-73.963751,40.868194,-73.937408,1,71.51
40.718642,-73.810503,40.728376,-73.860286,2,13.60
40.587317,-73.902484,40.574139,-73.907522,1,5.30
40.618057,-73.851529,40.582258,-73.759574,1,23.22
40.713751,-74.006053,40.879563,-73.773361,1,68.82
40.809340,-73.949604,40.576544,-73.808824,1,73.86
40.636473,-73.827240,40.801218,-74.007463,1,54.52
40.767624,-73.886797,40.765034,-73.744085,4,30.73
40.638266,-73.738007,40.893623,-73.894534,2,78.62
40.773686,-73.797963,40.629244,-73.786984,1,42.88
40.771641,-73.980996,40.642379,-73.723576,1,70.95
40.683923,-73.895843,40.662887,-74.017244,1,31.56
40.603156,-73.845097,40.877407,-74.009777,4,87.67
40.651211,-74.000356,40.810422,-73.907253,1,47.49
40.697019,-73.829412,40.776283,-73.852218,2,25.88
40.779473,-73.943105,40.840953,-73.990261,1,21.32
40.754182,-73.914089,40.808008,-73.827850,3,23.42
40.824649,-73.825442,40.818751,-74.003845,3,42.39
40.607421,-73.909921,40.673430,-73.834610,1,28.32
40.719839,-73.816759,40.798343,-73.819025,2,25.11
40.741900,-73.795734,40.809202,-73.818584,3,22.60
40.718065,-73.906768,40.880620,-73.802171,4,47.87
40.641437,-73.876840,40.675508,-73.801898,4,19.48
40.790490,-73.915335,40.813423,-73.863203,3,16.56
40.849293,-73.934636,40.878316,-73.927427,4,10.87
40.822310,-73.799147,40.628113,-73.809745,1,54.41
40.625794,-73.846444,40.631209,-73.833536,2,5.41
40.670749,-74.029874,40.612905,-73.760976,1,54.45
40.794525,-73.836581,40.585503,-73.911271,1,62.67
40.712257,-73.980382,40.645182,-73.775997,1,47.83
40.823979,-73.986926,40.774578,-73.997907,2,14.24
40.665448,-73.808468,40.874249,-73.890404,1,58.90
40.873186,-73.982153,40.788723,-73.915584,1,27.20
40.682755,-73.753872,40.757990,-73.950248,5,46.22
40.795253,-73.819462,40.615934,-73.874492,3,48.57
40.781244,-73.843039,40.584230,-73.774584,2,56.21
40.686188,-73.948951,40.652973,-73.975305,1,11.13
40.819738,-73.780387,40.633505,-73.891658,1,61.40
40.659833,-73.878760,40.573009,-73.972511,1,30.36
40.899792,-73.727687,40.782120,-73.992399,1,70.59
40.870043,-73.852802,40.788973,-73.939222,1,32.46
40.746922,-73.921630,40.601778,-73.957749,4,43.95
40.560416,-73.800498,40.698884,-73.840416,3,39.94
40.893391,-74.024148,40.616813,-73.915435,2,81.01
40.596849,-73.960478,40.792764,-73.906779,1,55.21
40.896386,-73.723808,40.716899,-73.846312,1,56.11
40.634651,-73.935878,40.650314,-73.865776,5,19.56
40.885410,-73.789948,40.692586,-73.841954,5,60.64
40.614785,-73.898088,40.820401,-73.895820,2,58.10
40.793540,-73.954040,40.830300,-73.905798,4,16.20
40.861360,-73.987565,40.601493,-73.994659,2,134.07
40.598234,-73.987003,40.757241,-73.923762,1,45.50
40.678770,-73.999987,40.827944,-73.908361,2,49.74
40.600442,-74.013710,40.748737,-73.878349,2,51.04
40.605867,-73.837501,40.895507,-73.731540,1,77.96
40.795267,-73.798136,40.623319,-73.986455,1,66.65
40.576009,-73.789066,40.612113,-73.940066,1,31.45
40.615556,-73.812912,40.872182,-73.987866,1,72.70
40.634668,-73.833951,40.636757,-73.854134,1,4.79
40.895210,-73.759632,40.629453,-73.763845,2,74.43
40.823425,-73.954332,40.898952,-73.809622,3,38.82
40.621308,-73.873245,40.847053,-74.012738,1,66.10
40.787916,-73.923531,40.836179,-73.786873,3,36.97
40.769076,-73.882132,40.872914,-73.807894,1,37.53
40.561011,-73.735754,40.757986,-73.885114,1,63.08
40.824480,-73.985871,40.749042,-73.993355,1,21.75
40.619215,-73.803250,40.804146,-73.919986,1,55.00
40.715125,-73.780728,40.768222,-73.881258,1,28.02
40.616703,-73.971089,40.635618,-73.917576,2,13.95
40.609542,-73.981722,40.572604,-73.853104,1,29.16
40.874347,-73.824908,40.595957,-73.730386,3,82.57
40.804004,-73.811672,40.638058,-73.909493,3,47.39
40.781867,-73.925402,40.571713,-73.834799,1,60.47
40.671928,-74.019902,40.596858,-74.024075,1,23.19
40.723332,-73.802799,40.855263,-73.939252,1,45.33
40.782179,-73.784008,40.796404,-73.933924,2,33.39
40.746754,-73.722161,40.886978,-74.008351,1,72.28
40.606158,-73.737701,40.793631,-73.722176,1,104.89
40.677120,-73.731981,40.863935,-73.801825,1,52.79
40.815854,-73.997006,40.813312,-74.024703,1,9.03
40.771034,-73.758136,40.599137,-73.998166,1,63.62
40.824392,-73.965201,40.642510,-73.835842,3,62.57
40.743405,-73.909678,40.734340,-73.891477,1,7.51
40.667644,-73.879612,40.655268,-73.959414,1,19.37
40.792451,-73.791381,40.737081,-73.909935,1,34.30
40.836327,-74.022119,40.605769,-73.937119,1,65.28
40.563642,-73.923790,40.770331,-73.909601,1,61.31
40.699484,-73.981800,40.838749,-73.913020,2,39.64
40.704850,-73.840281,40.836132,-73.742512,1,40.74
40.787332,-73.761568,40.761166,-73.854399,2,23.40
40.645156,-74.017748,40.621022,-73.796794,1,74.83
40.632951,-73.792749,40.667439,-73.850458,1,20.25
40.777354,-73.977493,40.736418,-73.785045,1,45.81
40.726919,-73.923724,40.714206,-73.722778,1,39.73
40.570601,-73.752325,40.815221,-73.910448,2,78.80
40.751121,-73.953690,40.810244,-73.955694,2,19.51
40.804327,-73.870997,40.663158,-73.857628,2,40.24
40.759813,-73.784316,40.877484,-73.791370,1,34.45
40.755666,-73.917756,40.772700,-73.872918,1,14.69
40.750053,-73.939704,40.701782,-73.758722,2,43.29
40.610584,-73.721082,40.696220,-73.754432,1,26.60
40.815134,-73.774895,40.752697,-73.726602,2,23.07
40.784076,-74.005371,40.856266,-73.901302,1,28.59
40.892474,-73.737372,40.757086,-73.888519,1,49.43
40.576332,-73.747019,40.621989,-73.929912,1,41.82
40.678328,-73.879276,40.621946,-73.724974,2,39.96
40.768791,-73.748922,40.898065,-73.937834,1,55.26
40.597139,-73.752306,40.626766,-73.725456,1,12.03
40.875488,-73.936938,40.595582,-73.870853,2,85.42
40.594060,-73.794149,40.653412,-73.984692,5,46.69
40.766857,-73.944304,40.579113,-73.981666,2,54.75
40.663190,-73.990662,40.773599,-73.897553,1,36.61
40.588412,-73.765390,40.594572,-73.992495,3,51.35
40.568868,-73.973831,40.683694,-73.952066,1,31.50
40.859888,-73.970698,40.751058,-73.810534,4,48.21
40.765022,-73.907678,40.622356,-73.758719,2,51.20
40.756518,-73.912582,40.863847,-73.760238,1,42.86
40.839421,-74.015284,40.703339,-73.978889,1,35.41
40.724781,-73.981076,40.656996,-74.019938,1,23.48
40.686998,-73.763762,40.815400,-73.934544,1,91.93
40.773064,-73.822187,40.590755,-73.778993,3,51.24
40.761196,-73.913695,40.761699,-73.848757,4,18.28
40.699557,-73.923613,40.686237,-73.902753,2,8.32
40.581238,-73.879990,40.596326,-73.734025,2,28.01
40.641824,-73.893844,40.841627,-73.888997,1,53.67
40.738242,-73.754137,40.572989,-73.976430,1,116.74
40.766594,-73.981775,40.633850,-73.939190,1,37.62
40.770536,-73.903793,40.766392,-73.942527,1,9.92
40.662612,-73.995769,40.720279,-73.767933,1,51.66
40.733780,-73.974458,40.693364,-73.910427,3,18.33
40.805329,-73.899476,40.629425,-73.746409,1,56.57
40.657932,-73.902887,40.831227,-73.844876,1,44.57
40.780043,-73.732668,40.765390,-73.850538,2,26.28
40.623777,-73.811430,40.583193,-73.807534,2,15.91
40.620611,-73.726581,40.757481,-73.739933,1,36.76
40.608704,-73.733159,40.570915,-73.916720,1,37.14
40.811931,-73.762887,40.853304,-73.829738,1,22.12
40.631453,-73.830928,40.571818,-73.982760,1,35.17
40.734212,-73.817314,40.793450,-73.801428,1,17.16
40.686122,-73.732575,40.615446,-73.743687,2,21.79
40.860609,-73.979838,40.763262,-73.936753,2,34.02
40.694041,-73.916388,40.764195,-73.945026,1,23.10
40.742681,-73.860334,40.639335,-73.844370,2,28.29
40.593078,-73.773227,40.819797,-73.859207,1,63.95
40.562621,-73.813978,40.799178,-73.751038,4,68.49
40.615152,-73.925650,40.661365,-73.798971,2,33.86
40.744777,-74.019353,40.615414,-73.831086,3,54.99
40.654794,-73.797343,40.835535,-73.795473,1,53.00
40.777800,-73.820350,40.573690,-73.985807,1,61.12
40.759825,-74.025130,40.577516,-73.838574,1,61.87
40.817512,-73.761829,40.829089,-73.763720,2,4.98
40.693961,-73.844354,40.756825,-73.734998,3,30.54
40.789252,-73.783824,40.589245,-73.867700,1,55.13
40.837392,-73.969934,40.742194,-73.823213,5,43.92
40.658082,-73.990471,40.609787,-73.879814,1,29.27
40.718050,-73.779533,40.721778,-73.734377,1,10.16
40.863237,-73.789284,40.715796,-73.783439,1,41.41
40.800512,-73.933747,40.719310,-73.789280,1,35.88
40.785396,-73.962405,40.891816,-73.918510,1,30.46
40.754164,-74.028840,40.716139,-73.797582,1,94.08
40.805435,-73.826674,40.837749,-73.744421,4,21.27
40.899871,-73.949134,40.852738,-73.757356,1,47.44
40.870707,-74.021526,40.752928,-73.814759,1,63.00
40.895507,-74.000962,40.723746,-73.798656,1,110.60
40.856205,-73.822325,40.721467,-73.897687,1,41.16
40.876261,-73.985845,40.842473,-74.028910,2,17.53
40.895583,-73.786875,40.784381,-73.922671,2,41.56
40.779435,-73.944742,40.751361,-73.871044,1,17.16
40.590214,-73.944326,40.697986,-73.984177,2,29.88
40.728916,-73.888327,40.849258,-74.026293,1,47.40
40.860156,-73.974481,40.708383,-73.966474,3,42.26
40.873809,-73.793271,40.682625,-73.811809,1,53.45
40.674851,-73.773366,40.697067,-73.881671,1,26.71
40.746998,-73.736191,40.770084,-73.952845,3,45.97
40.600566,-73.798523,40.843820,-73.772954,2,63.22
40.723061,-73.993789,40.712791,-73.810238,5,41.59
40.576529,-73.772295,40.865798,-73.738766,1,84.25
40.782695,-73.850374,40.703441,-73.763939,3,29.77
40.563124,-73.796185,40.810094,-74.011774,5,85.67
40.639237,-73.969282,40.846557,-73.807685,1,72.60
40.803965,-74.026553,40.726140,-73.850380,1,43.98
40.689275,-73.792295,40.580987,-73.766176,2,35.40
40.897079,-73.974883,40.734755,-73.879112,3,53.12
40.854983,-73.734090,40.671800,-73.830809,1,55.51
40.698631,-73.991936,40.800716,-73.761778,1,57.47
40.768236,-73.985940,40.657995,-73.935637,2,33.23
40.843153,-73.845354,40.836109,-73.975808,1,24.20
40.783906,-74.008386,40.862267,-73.963622,2,26.49
40.635039,-74.027769,40.746530,-74.020915,1,31.19
40.680737,-73.952819,40.650576,-73.912167,1,19.54
40.852452,-73.863380,40.879377,-73.931094,1,16.56
40.702098,-73.972260,40.755591,-73.779948,1,43.00
40.805425,-73.820442,40.726848,-73.934647,4,29.56
40.631347,-73.853062,40.737389,-73.825056,1,27.55
40.870451,-74.010202,40.754335,-73.862734,2,44.44
40.709718,-73.991639,40.793948,-73.739554,3,55.75
40.710397,-73.895076,40.874560,-74.013235,1,53.99
40.889546,-73.775328,40.624016,-73.813433,2,79.93
40.794167,-73.882716,40.660007,-73.728972,3,46.10
40.814939,-73.816893,40.848672,-73.886761,2,21.23
40.623214,-73.963605,40.647451,-73.892121,2,20.60
40.816264,-74.025073,40.826119,-73.897289,1,30.88
40.806244,-73.788628,40.626826,-73.790654,1,51.13
40.588685,-73.732810,40.621893,-73.883586,2,36.83
40.560144,-73.848514,40.810051,-73.901495,1,64.41
40.618094,-73.911214,40.770173,-73.845238,1,45.54
40.740707,-73.997685,40.877285,-73.781222,5,58.27
40.796919,-73.727264,40.622016,-73.932050,2,65.89
40.603348,-73.877205,40.739666,-73.923087,1,36.71
40.802687,-73.744927,40.757028,-73.901743,1,36.38
40.700231,-73.909039,40.761365,-73.761132,5,35.02
40.817463,-73.816032,40.859900,-74.018214,4,47.71
40.856380,-73.727073,40.735450,-73.975354,1,62.80
40.626337,-73.755009,40.691177,-73.762643,1,21.12
40.787998,-73.949725,40.766789,-73.978900,1,12.32
40.623709,-73.966993,40.786761,-73.863614,3,54.82
40.740676,-73.950812,40.696013,-73.892803,1,18.92
40.887081,-73.883940,40.592037,-73.731880,1,91.85
40.587064,-73.935554,40.830904,-73.823659,6,72.38
40.812502,-73.916891,40.683041,-73.998748,6,43.72
40.645220,-74.010003,40.571765,-73.932043,1,28.12
40.595063,-73.944796,40.850710,-73.770756,1,74.26
40.717394,-74.011016,40.684086,-73.859211,2,36.57
40.831015,-73.906262,40.676723,-73.913070,4,48.49
40.837672,-73.810401,40.826256,-73.987437,1,37.29
40.835095,-73.962465,40.646445,-73.762465,2,65.13
40.767694,-73.804489,40.652289,-73.985632,1,46.58
40.843532,-73.904460,40.709993,-73.779282,2,45.99
40.777953,-73.814725,40.714636,-74.006384,2,42.98
40.752568,-73.928389,40.752050,-73.993718,1,16.73
40.612146,-73.892496,40.663414,-73.966168,2,26.31
40.579460,-73.864758,40.587945,-73.737102,3,29.59
40.765730,-74.012261,40.589610,-74.003678,1,53.21
40.890703,-73.824042,40.634041,-73.823356,1,71.23
40.573245,-73.813101,40.577808,-73.883787,1,16.57
40.641808,-73.885642,40.630946,-73.838339,1,12.45
40.580607,-73.973943,40.606078,-73.900587,2,20.14
40.724091,-73.748561,40.718909,-73.744185,1,3.83
40.713930,-73.740045,40.563557,-74.005479,1,67.17
40.662785,-73.729698,40.873539,-73.868754,1,64.91
40.879924,-74.009583,40.737744,-73.899468,1,46.23
40.859871,-73.996985,40.597403,-73.841912,1,87.23
40.579572,-73.802417,40.738833,-74.022631,1,60.13
40.880630,-73.975420,40.883734,-73.889057,3,17.98
40.829001,-73.868651,40.803418,-73.912547,2,14.02
40.877954,-73.826849,40.623069,-73.814071,2,77.61
40.789288,-73.939603,40.825784,-73.929384,1,11.27
40.662957,-73.817544,40.594965,-73.906654,1,28.03
40.699369,-73.992156,40.839418,-73.860695,1,49.19
40.893410,-74.025105,40.670773,-73.731921,1,83.47
40.648771,-73.799451,40.658031,-73.733090,4,18.31
40.744263,-73.806483,40.899544,-73.840575,5,48.36
40.756694,-73.845281,40.763283,-74.012033,1,36.88
40.860932,-73.887792,40.877167,-74.027525,5,32.53
40.812707,-73.768201,40.799536,-73.955856,4,45.02
40.755538,-73.766512,40.725762,-73.979729,1,44.11
40.619966,-73.960546,40.576261,-73.773082,2,44.21
40.629386,-73.856522,40.740853,-74.028361,1,49.93
40.600328,-74.005628,40.608353,-73.931795,4,16.79
40.740030,-73.759640,40.574596,-73.841719,1,48.90
40.864741,-73.918823,40.626098,-73.930278,1,71.62
40.703601,-73.793872,40.692455,-73.924613,1,26.53
40.618309,-73.945773,40.685694,-73.999647,1,21.71
40.689218,-73.923160,40.574832,-73.972994,1,32.60
40.781911,-73.742108,40.675107,-73.912551,1,45.98
40.601286,-73.948203,40.638343,-73.873692,1,18.59
40.667881,-73.763747,40.856537,-73.964627,3,72.35
40.606832,-73.830574,40.755281,-73.994083,1,54.27
40.676628,-73.752069,40.607297,-73.761146,1,21.15
40.799536,-73.906159,40.607525,-73.841131,2,52.75
40.875600,-73.765511,40.575636,-73.870023,1,83.99
40.620483,-73.724145,40.786072,-73.813071,1,52.02
40.755317,-73.968826,40.643705,-73.964073,4,34.04
40.875362,-73.875909,40.636480,-73.744882,2,72.02
40.806266,-74.012862,40.616988,-73.852317,3,64.29
40.742187,-73.849126,40.745013,-73.738823,5,24.91
40.576952,-73.808453,40.719314,-73.748257,1,39.01
40.627434,-73.987650,40.676627,-73.982945,1,13.23
40.573908,-73.908751,40.653573,-73.968842,1,24.83
40.852995,-73.756703,40.837056,-74.021806,2,49.16
40.787043,-74.008578,40.690861,-73.980579,1,31.49
40.843450,-73.923236,40.690696,-73.982437,2,43.23
40.869702,-73.852074,40.571496,-73.730189,1,87.96
40.882844,-73.737057,40.572470,-73.894560,1,89.30
40.897876,-73.756972,40.573037,-73.964578,5,102.14
40.727296,-73.980629,40.644519,-73.873376,2,32.55
40.882643,-73.763578,40.620807,-73.877199,2,146.83
40.696386,-73.807245,40.665346,-73.822353,3,12.53
40.886515,-73.724723,40.628626,-74.000869,2,89.18
40.810316,-73.858131,40.891730,-73.750984,1,29.06
40.650027,-73.841526,40.635076,-73.916171,1,19.85
40.563650,-73.975703,40.868577,-73.792860,2,93.30
40.886587,-73.768631,40.600864,-73.997997,3,89.84
40.702487,-73.956624,40.672499,-73.942798,1,12.24
40.625101,-73.745940,40.613220,-73.913536,1,40.40
40.780738,-73.754207,40.850012,-73.958752,1,45.45
40.583899,-73.937017,40.879758,-73.793973,3,79.89
40.738530,-73.828255,40.606152,-73.899096,3,40.73
40.711011,-74.003877,40.693325,-73.819296,1,42.98
40.754544,-73.892638,40.623499,-73.774333,3,44.87
40.733527,-73.901922,40.627603,-73.760476,1,38.07
40.809706,-73.828940,40.775591,-73.800905,2,12.58
40.576882,-73.926635,40.800629,-74.019131,4,96.61
40.780323,-73.817039,40.820350,-73.796662,2,11.85
40.828177,-73.927205,40.860121,-73.774947,1,32.40
40.753847,-73.940827,40.874453,-73.881414,2,38.85
40.596211,-73.950215,40.778602,-73.893884,1,59.83
40.588516,-73.767265,40.819076,-73.946523,1,69.32
40.615612,-73.937101,40.678087,-73.724127,2,49.12
40.775391,-73.848337,40.730883,-73.802981,1,17.76
40.703626,-74.004830,40.644559,-73.888814,1,28.58
40.572542,-73.759844,40.832982,-73.906823,2,77.92
40.691672,-73.819757,40.711132,-73.724762,1,22.11
40.620609,-73.815792,40.588837,-73.735455,1,18.34
40.766711,-73.979275,40.772702,-73.740030,1,48.92
40.744281,-73.759041,40.839115,-73.961718,2,52.66
40.785980,-73.994173,40.645910,-74.007469,2,64.09
40.580171,-73.833147,40.836594,-73.788783,1,74.15
40.896341,-73.753012,40.884480,-73.854669,1,23.99
40.851410,-74.014771,40.879981,-73.886898,4,28.64
40.575132,-73.934574,40.687902,-73.958752,5,35.52
40.569552,-73.917787,40.563117,-73.870723,1,11.60
40.645039,-73.875950,40.692690,-73.837703,1,16.93
40.715490,-73.760657,40.567084,-73.774987,5,44.97
40.686896,-74.021946,40.730026,-73.836696,1,43.76
40.578945,-73.875366,40.854022,-73.844440,3,81.97
40.853453,-73.761660,40.734787,-73.947960,1,48.61
40.801698,-74.007221,40.821674,-73.807379,1,45.50
40.686100,-74.006346,40.836923,-73.893017,2,46.44
40.693377,-73.809684,40.600751,-73.778888,1,28.27
40.797013,-73.783194,40.888115,-73.938896,1,43.92
40.669866,-73.884057,40.755175,-73.870266,2,26.91
40.823752,-73.905391,40.799484,-73.956145,1,16.52
40.626469,-73.819814,40.857153,-73.824689,1,64.73
40.784453,-73.819326,40.654622,-73.827058,5,37.88
40.776836,-73.887405,40.857631,-73.789559,1,32.62
40.859179,-73.898891,40.586585,-73.950513,1,70.95
40.894309,-73.757050,40.590284,-73.842939,1,82.68
40.697899,-73.728007,40.592093,-73.905577,3,53.57
40.814976,-74.021692,40.819042,-73.798739,1,48.76
40.690253,-73.824480,40.699698,-73.760653,4,16.92
40.775558,-73.936661,40.582591,-73.864232,1,53.34
40.899183,-73.895527,40.647473,-73.742376,2,84.45
40.738618,-73.815611,40.869195,-73.854904,2,39.40
40.825013,-74.028835,40.845038,-73.797467,1,53.31
40.564092,-74.024209,40.819678,-73.732953,1,95.49
40.718642,-74.001947,40.638929,-73.899432,2,34.39
40.809542,-74.016908,40.707031,-73.746669,3,65.87
40.751809,-73.804027,40.571596,-74.019282,1,70.38
40.703889,-73.842571,40.752810,-73.808903,3,33.83
40.827231,-73.922049,40.789066,-73.857030,3,18.87
40.709279,-73.876319,40.714941,-73.945559,1,16.02
40.779506,-73.923523,40.734524,-73.917010,1,11.66
40.816290,-73.775798,40.685388,-73.868349,2,39.06
40.561347,-73.795955,40.861593,-73.759154,3,82.68
40.843002,-73.964412,40.633534,-73.988929,1,56.55
40.755595,-73.806368,40.678273,-73.764277,1,22.88
40.851893,-74.029075,40.717967,-73.878790,3,49.40
40.664624,-73.852799,40.689292,-73.890990,3,12.75
40.769547,-73.770367,40.677967,-73.856297,5,33.03
40.669245,-73.732149,40.694410,-73.937227,1,46.36
40.664723,-73.816656,40.872449,-73.922308,2,60.81
40.752804,-73.976640,40.605427,-73.772095,1,55.82
40.866627,-73.904799,40.813053,-73.800902,1,24.40
40.650393,-73.924434,40.583899,-73.926746,3,20.45
40.800935,-73.889497,40.678980,-73.930665,5,41.55
40.728385,-73.897404,40.609175,-73.972325,1,39.69
40.777619,-73.972193,40.764658,-73.903609,1,15.94
40.874730,-73.765284,40.699604,-73.991762,2,70.91
40.743040,-74.000441,40.752458,-73.768950,1,99.36
40.821430,-73.904638,40.718991,-73.965570,4,33.81
40.839986,-73.925045,40.843336,-73.945512,5,10.64
40.565809,-73.916034,40.612820,-73.748489,1,37.17
40.890082,-73.959841,40.783032,-73.928098,1,29.91
40.672095,-73.970260,40.850288,-73.976511,3,51.65
40.765449,-74.018666,40.839499,-73.931041,1,31.67
40.881317,-73.917874,40.733413,-73.844528,3,44.14
40.695406,-74.015829,40.887227,-73.790814,1,73.10
40.604478,-74.020089,40.613643,-73.894449,1,29.31
40.775848,-73.958524,40.871970,-73.988071,2,35.02
40.638408,-73.769893,40.841045,-73.769041,1,52.60
40.623884,-73.721936,40.609859,-73.984091,1,60.04
40.630951,-73.791183,40.711888,-73.725791,1,27.40
40.661911,-73.842374,40.753888,-73.814209,1,27.24
40.688962,-73.765119,40.784668,-73.749597,2,27.49
40.562378,-73.782972,40.894179,-74.018093,1,107.25
40.742127,-73.887159,40.682598,-73.832797,1,22.49
40.661287,-73.734676,40.852739,-73.989066,1,75.91
40.793406,-73.795123,40.676013,-73.814799,1,54.03
40.762271,-73.722943,40.680262,-73.903825,2,45.07
40.685305,-73.724347,40.702100,-74.020897,1,66.37
40.882753,-73.944305,40.861901,-74.029308,1,21.90
40.813501,-73.772415,40.855701,-73.924430,3,32.01
40.674439,-73.890267,40.604319,-74.021507,1,34.89
40.648985,-74.029279,40.771123,-73.882554,1,45.26
40.578367,-73.746479,40.590813,-73.981666,3,55.14
40.856951,-73.909429,40.699810,-73.924940,2,43.66
40.569152,-73.915230,40.648722,-73.898493,1,23.94
40.862241,-73.947626,40.794447,-73.942710,1,21.04
40.683171,-73.802790,40.695413,-73.980167,2,37.30
40.569596,-74.026893,40.585896,-73.985305,1,11.60
40.654284,-73.905151,40.602997,-73.758654,1,38.24
40.726991,-73.800423,40.721393,-73.979180,2,38.97
40.659948,-73.947069,40.640430,-74.009272,4,16.90
40.584427,-73.777919,40.854967,-74.007887,1,82.10
40.827428,-73.772747,40.633974,-73.928033,2,61.72
40.726932,-73.980300,40.778958,-73.825804,2,40.16
40.852864,-73.866258,40.681863,-74.025015,2,55.84
40.589330,-73.777142,40.589911,-73.852240,1,18.59
40.706548,-74.007068,40.863209,-73.742603,2,72.59
40.725439,-73.796244,40.692849,-73.853327,1,18.37
40.705595,-73.767333,40.745914,-73.773017,1,13.16
40.855993,-73.840842,40.602058,-73.738290,1,74.38
40.561792,-73.995499,40.880128,-73.812439,1,98.02
40.716674,-73.842085,40.721918,-73.863361,5,12.85
40.687961,-73.910884,40.805121,-73.813141,3,40.48
40.860053,-73.942444,40.696056,-73.823497,2,52.86
40.672989,-73.901189,40.723337,-73.847575,2,16.67
40.859937,-73.918791,40.796855,-73.778010,2,34.40
40.865616,-73.759182,40.666616,-73.908937,1,61.95
40.709917,-73.737597,40.694444,-74.029454,2,67.58
40.866249,-73.792878,40.821590,-73.957859,1,42.07
40.586431,-73.923561,40.843358,-73.720667,1,81.40
40.759837,-73.888360,40.768969,-74.019384,1,27.65
40.582464,-73.751484,40.792898,-73.966149,1,77.61
40.852656,-73.944927,40.598600,-73.993114,1,71.31
40.721885,-73.985011,40.885470,-73.789274,1,65.68
40.606504,-73.968527,40.824548,-73.862768,3,66.20
40.653818,-73.867713,40.811298,-73.831921,2,45.05
40.741470,-73.833601,40.769498,-73.920914,1,20.54
40.585400,-73.915769,40.748604,-73.731640,1,54.95
40.586716,-73.791996,40.570442,-73.832915,5,12.46
40.770614,-73.853364,40.820025,-73.966288,1,28.22
40.777617,-73.928194,40.792839,-73.919329,1,6.87
40.591856,-73.901144,40.821185,-73.948351,4,60.38
40.812844,-73.823698,40.848816,-73.744538,1,22.58
40.818164,-73.952423,40.687126,-73.864068,3,40.12
40.804976,-73.764262,40.705322,-73.819317,3,28.29
40.818161,-73.990868,40.785151,-73.821458,4,41.34
40.815184,-73.992042,40.771692,-73.942795,2,16.75
40.612597,-73.996041,40.770530,-73.973138,1,46.64
40.888783,-73.856269,40.847955,-73.787408,1,20.08
40.592560,-73.992377,40.886979,-73.843385,3,92.53
40.713760,-73.810249,40.690744,-73.909463,3,22.46
40.883121,-73.916025,40.675011,-73.813214,1,63.71
40.854291,-73.914129,40.867599,-73.794687,1,27.35
40.680546,-73.789145,40.690198,-73.853533,1,16.25
40.689262,-73.860064,40.798430,-73.937912,1,37.16
40.826121,-73.911462,40.615552,-73.924404,2,61.80
40.853928,-73.889897,40.689278,-73.776188,1,57.12
40.754593,-73.855327,40.831929,-73.822568,1,26.57
40.582752,-73.767671,40.628321,-73.978246,3,49.75
40.768414,-73.794607,40.605988,-74.004173,1,62.60
40.843018,-74.026703,40.606143,-73.893435,3,67.70
40.759374,-73.842714,40.561855,-73.792922,1,61.41
40.609185,-73.921623,40.766223,-73.834219,1,48.98
40.635736,-73.918941,40.745279,-73.938162,1,29.52
40.721942,-73.842637,40.895389,-73.856625,1,50.37
40.561132,-73.853749,40.673109,-74.005913,1,49.26
40.761792,-73.915313,40.723057,-73.880565,3,16.09
40.564934,-73.736796,40.671948,-73.998448,5,61.81
40.645721,-73.857840,40.676172,-73.878905,1,10.51
40.789869,-73.816964,40.768873,-73.975621,6,36.47
40.847198,-73.922200,40.695928,-74.007054,1,46.85
40.606465,-74.008225,40.806181,-73.839395,1,63.76
40.767237,-73.942959,40.872616,-73.985053,1,33.62
40.601377,-73.778647,40.572474,-73.892528,1,29.16
40.739780,-73.804504,40.778622,-73.856812,3,17.25
40.887107,-73.891955,40.788839,-73.880834,1,28.11
40.719802,-73.819985,40.835768,-74.022031,1,50.84
40.830760,-73.914911,40.576608,-73.742661,1,83.68
40.604507,-73.863442,40.795044,-73.814119,1,49.99
40.770887,-73.829404,40.673109,-73.790039,2,28.16
40.583480,-73.965509,40.633670,-73.785045,1,38.00
40.651346,-73.927518,40.730979,-73.798248,1,36.74
40.723297,-73.871985,40.692115,-73.873493,1,10.96
40.801359,-73.816523,40.800790,-73.954743,1,33.63
40.643198,-73.993885,40.624413,-73.726906,1,58.00
40.661657,-73.744914,40.648670,-73.722651,1,9.86
40.842802,-73.775210,40.794769,-73.914569,5,35.45
40.705462,-74.008869,40.793324,-73.924057,4,32.13
40.878203,-73.972585,40.580287,-73.747584,2,93.39
40.587412,-73.818207,40.764307,-73.822852,1,51.37
40.588380,-74.014676,40.814135,-73.989892,2,57.13
40.851280,-74.020572,40.563465,-74.027738,2,81.12
40.624866,-73.877840,40.756989,-73.788269,1,39.48
40.678934,-73.770919,40.662979,-73.733583,1,9.62
40.571212,-73.914785,40.858863,-73.840674,1,80.68
40.786346,-73.910291,40.846592,-73.933559,2,17.70
40.837639,-73.866623,40.748550,-73.919824,1,27.78
40.709274,-73.751348,40.636950,-73.846589,2,25.98
40.846827,-73.939208,40.667053,-73.937145,1,49.20
40.596337,-73.823882,40.753920,-73.738288,3,45.73
40.747758,-73.972639,40.811282,-73.933438,1,21.84
40.577980,-73.841219,40.892687,-73.784652,1,84.32
40.860837,-73.769722,40.579147,-73.850133,2,74.30
40.862593,-73.928715,40.673614,-74.009843,6,58.99
40.565539,-73.993415,40.604516,-73.966655,1,15.72
40.581452,-74.001010,40.840518,-73.735064,1,88.30
40.795920,-73.887359,40.768737,-73.979065,1,23.26
40.858301,-73.976270,40.634979,-73.978066,2,63.91
40.874458,-73.996007,40.645921,-73.819874,1,70.71
40.869172,-73.779608,40.767190,-74.029425,2,62.10
40.854309,-73.769535,40.575744,-73.764134,1,69.43
40.885281,-73.926228,40.761756,-73.784707,1,43.50
40.825604,-73.979193,40.755397,-73.878682,1,32.95
40.733321,-74.020474,40.825530,-73.912972,1,36.93
40.648098,-74.000797,40.613677,-73.757245,1,51.82
40.662776,-73.828760,40.590145,-73.751227,3,26.42
40.698264,-73.888071,40.641800,-73.911654,6,19.16
40.880384,-73.804635,40.741134,-73.814907,2,41.91
40.865838,-73.732760,40.882258,-73.947168,1,47.36
40.852398,-73.739912,40.897886,-73.923920,1,42.86
40.867202,-73.813659,40.840152,-73.943331,1,27.96
40.561517,-73.956889,40.802858,-73.973414,2,69.47
40.680027,-73.767718,40.812848,-73.740619,2,33.23
40.786856,-73.958675,40.750545,-73.870048,1,21.81
40.770420,-74.006278,40.651695,-73.918131,1,37.79
40.698969,-73.974153,40.748050,-73.981372,2,17.40
40.647116,-73.849543,40.619487,-73.876501,2,12.49
40.809287,-73.743076,40.704288,-74.025197,1,64.08
40.699223,-73.859207,40.701155,-73.829609,2,9.39
40.863822,-73.821632,40.568486,-73.740362,4,87.09
40.651200,-73.991976,40.859418,-73.765903,1,74.10
40.589716,-73.829280,40.712846,-73.816008,5,37.62
40.767276,-73.818021,40.673945,-73.821444,1,30.73
40.896822,-73.796366,40.705326,-73.914099,2,59.84
40.675353,-73.949104,40.562405,-73.994963,1,35.54
40.579633,-73.790812,40.894457,-73.744636,2,90.15
40.612462,-73.860452,40.654136,-73.920389,1,16.01
40.665824,-73.939923,40.718915,-73.995548,3,22.16
40.868061,-73.953735,40.610763,-73.958105,1,73.16
40.684165,-73.741411,40.889100,-74.000062,1,74.10
40.876306,-73.825764,40.687564,-73.768623,1,82.22
40.734676,-73.887323,40.634978,-73.767627,1,40.52
40.838972,-73.843737,40.740219,-73.857823,5,32.72
40.721651,-73.930919,40.751877,-74.003867,2,14.17
40.665665,-74.021000,40.775230,-73.773112,1,62.59
40.713396,-73.904413,40.766312,-73.722908,1,38.15
40.612282,-73.886820,40.744230,-73.993518,3,43.44
40.846966,-73.918355,40.738510,-73.997941,1,34.23
40.758178,-73.791895,40.885682,-73.800469,1,33.54
40.862976,-73.742539,40.729473,-74.004562,2,69.71
40.769637,-73.839607,40.634347,-74.017440,1,58.39
40.736589,-73.962063,40.674815,-73.834147,2,32.78
40.568566,-73.720867,40.699045,-73.872198,2,50.21
40.753366,-73.832866,40.619874,-73.953377,1,47.78
40.748704,-74.009988,40.742057,-73.941759,1,27.46
40.740447,-73.950731,40.709386,-73.825301,2,29.36
40.661915,-73.736239,40.611101,-73.845102,1,27.27
40.723487,-73.797726,40.622041,-73.767440,2,30.45
40.806599,-73.864060,40.770434,-73.777886,3,23.55
40.821459,-73.721825,40.707413,-73.833296,1,37.72
40.782584,-73.788147,40.847697,-73.852731,1,23.04
40.868110,-74.002291,40.758454,-73.755238,1,62.01
40.618442,-73.730865,40.641448,-73.723109,1,8.34
40.870809,-73.783608,40.879337,-73.792180,1,5.88
40.818895,-73.953276,40.809169,-73.722958,2,48.77
40.648499,-73.999449,40.715561,-73.806947,1,47.88
40.654938,-73.836613,40.846313,-73.785604,1,51.38
40.670940,-73.991127,40.869184,-73.880005,1,62.02
40.691791,-73.811614,40.791828,-73.721191,1,64.83
40.718162,-73.917600,40.864456,-73.749414,1,55.49
40.641702,-73.816704,40.796987,-73.800404,1,43.06
40.756139,-73.765185,40.702082,-73.768690,1,18.32
40.627913,-73.997977,40.672367,-74.014410,1,14.72
40.696929,-73.781017,40.725660,-73.825849,2,14.42
40.681818,-73.882727,40.676251,-73.851447,2,11.10
40.725721,-74.014298,40.681691,-73.942363,2,23.89
40.608841,-73.951919,40.772425,-73.762552,1,60.73
40.804352,-73.953204,40.612710,-73.808854,3,67.13
40.568384,-74.026713,40.792227,-74.001630,1,62.39
40.709767,-73.905506,40.630022,-73.815657,1,30.94
40.643606,-73.740665,40.735816,-73.836856,1,33.81
40.679717,-74.002109,40.875952,-74.016321,2,54.16
40.640386,-73.893788,40.693135,-73.808035,1,26.10
40.696806,-73.907477,40.820747,-73.923768,2,30.10
40.688041,-73.861913,40.817103,-73.913716,1,36.78
40.882661,-73.964629,40.894641,-73.865318,1,25.88
40.761706,-73.955040,40.834025,-73.853094,2,29.10
40.768699,-73.954328,40.759680,-73.729719,3,46.14
40.664044,-73.948759,40.741578,-73.770037,1,45.97
40.620673,-73.727722,40.580075,-74.006801,1,60.45
40.865154,-73.890613,40.742296,-73.803472,2,38.21
40.706262,-74.025747,40.715671,-73.782151,1,54.01
40.722896,-73.747355,40.602273,-73.738029,2,28.02
40.588805,-74.019740,40.824384,-73.934866,1,67.48
40.827356,-73.774088,40.726801,-73.762226,1,30.84
40.862078,-73.866891,40.733017,-73.871106,1,40.77
40.567914,-73.985870,40.751658,-73.901485,4,59.34
40.888452,-73.812054,40.571859,-73.899529,1,93.06
40.607845,-73.884102,40.767363,-73.808844,1,41.07
40.659418,-73.843854,40.798400,-73.960933,1,40.46
40.746364,-73.836452,40.732142,-73.789677,1,13.30
40.698459,-73.784218,40.871811,-73.962358,2,60.97
40.620637,-73.736737,40.849706,-73.954111,1,79.30
40.564720,-73.990124,40.868644,-73.928832,1,79.50
40.765429,-73.997913,40.817766,-73.912966,1,23.86
40.694307,-73.998563,40.653635,-73.822747,6,37.30
40.830418,-73.898361,40.769148,-73.995605,1,30.14
40.749190,-73.772938,40.659527,-73.903307,4,38.23
40.575508,-73.936836,40.577044,-73.873018,2,17.69
40.660780,-74.001157,40.887561,-74.002605,1,59.98
40.794276,-73.787866,40.872517,-73.985875,2,50.54
40.804521,-74.025962,40.661687,-73.992157,1,42.92
40.774917,-74.008015,40.895690,-73.926122,2,38.95
40.860390,-73.796011,40.843879,-73.952068,1,36.08
40.690344,-73.755488,40.867063,-73.925231,1,59.60
40.704627,-73.749092,40.876733,-73.783246,3,49.92
40.645465,-74.022933,40.820938,-73.768587,6,74.70
40.804860,-73.964800,40.875860,-73.988665,2,23.86
40.716005,-73.990300,40.747725,-73.898214,1,23.93
40.789378,-73.800714,40.896198,-73.843180,1,30.05
40.846383,-73.870403,40.803716,-73.931842,2,18.87
40.720607,-73.729831,40.754421,-73.795027,3,17.29
40.791644,-73.811372,40.634620,-73.902444,1,46.38
40.850028,-73.798263,40.824354,-73.728063,2,18.14
40.777992,-73.893448,40.597956,-73.991676,2,56.29
40.667669,-73.904405,40.692634,-73.925084,4,10.00
40.572370,-73.961412,40.821101,-73.947311,2,69.09
40.888419,-73.742633,40.865767,-73.868384,1,29.40
40.873074,-73.799870,40.566244,-73.952496,2,90.19
40.871412,-73.730128,40.862768,-73.902502,2,38.77
40.635991,-73.835060,40.775462,-73.747627,1,43.06
40.579982,-73.755048,40.890146,-73.726246,1,90.48
40.746628,-73.769640,40.702295,-73.795235,2,15.82
40.617435,-73.850131,40.787531,-74.026323,2,60.24
40.803849,-73.827573,40.565401,-73.976642,2,68.59
40.825599,-73.809724,40.838736,-73.805033,2,7.07
40.814967,-73.938572,40.608720,-73.861752,1,62.15
40.783555,-73.910613,40.676020,-73.917628,1,34.17
40.825308,-73.918752,40.854559,-73.961219,2,17.63
40.764052,-73.864155,40.858142,-73.831898,1,28.87
40.738355,-74.027568,40.815688,-73.835717,2,45.06
40.819540,-73.962426,40.574665,-73.914941,4,64.35
40.872658,-73.803862,40.629119,-73.892309,1,68.19
40.891320,-73.872699,40.743062,-73.985195,1,47.92
40.676102,-73.813491,40.737810,-73.848020,1,19.82
40.599271,-73.722045,40.666390,-73.955271,2,53.59
40.842933,-73.945495,40.747867,-73.899387,1,30.06
40.729234,-73.805310,40.639260,-73.864472,1,28.42
40.846218,-73.754871,40.619684,-74.027517,4,88.23
40.886402,-73.966560,40.767201,-73.739978,3,60.01
40.795232,-73.847921,40.875343,-73.996046,1,38.48
40.842289,-73.812281,40.790435,-73.862387,2,21.06
40.569190,-73.780540,40.616163,-73.782336,2,17.60
40.862599,-74.000378,40.870474,-73.982447,1,6.78
40.678521,-73.859499,40.800237,-73.865339,1,34.26
40.603482,-73.738752,40.671042,-73.759929,6,20.57
40.711455,-74.025050,40.883245,-73.959257,2,48.82
40.861439,-73.777556,40.898468,-73.911176,3,34.45
40.845466,-73.887766,40.571558,-73.775081,1,78.18
40.743990,-73.849748,40.825133,-73.852899,1,21.76
40.811652,-73.978795,40.628891,-73.972013,2,50.89
40.607077,-73.983282,40.777636,-73.756826,1,66.69
40.845439,-73.878136,40.681750,-73.795409,1,47.58
40.724065,-74.006591,40.760846,-73.812119,1,41.41
40.851211,-73.740538,40.641859,-73.726979,1,60.13
40.623459,-73.812819,40.590710,-73.931021,4,27.67
40.734648,-73.926802,40.677364,-73.821128,1,30.01
40.613441,-73.931615,40.789125,-73.888463,5,49.08
40.651747,-73.902797,40.713538,-73.725618,1,37.55
40.867827,-73.968758,40.809472,-73.960424,1,17.49
40.880768,-73.819622,40.588472,-73.908672,1,74.43
40.879759,-73.766991,40.651145,-73.812130,2,61.93
40.718273,-73.921918,40.585146,-73.936045,1,36.90
40.857737,-73.759193,40.663749,-74.028820,1,76.49
40.730013,-73.934027,40.597201,-73.999556,1,37.33
40.597130,-73.828309,40.705898,-73.755889,1,32.11
40.797293,-73.924194,40.599215,-73.980746,3,55.01
40.849533,-73.773486,40.743176,-73.769203,2,26.79
40.705095,-73.754201,40.562230,-73.882371,1,49.43
40.842814,-73.930411,40.676389,-73.819256,1,50.99
40.779868,-73.867810,40.850733,-73.881926,3,21.29
40.567688,-73.816111,40.564992,-73.904046,1,16.23
40.575570,-73.940273,40.605627,-73.733137,2,38.88
40.625528,-73.806276,40.704957,-73.740818,1,25.84
40.845952,-73.975713,40.807145,-73.838412,1,33.11
40.597841,-73.819344,40.786195,-73.791399,4,55.68
40.646932,-73.995172,40.841300,-73.920516,1,58.81
40.621856,-73.843403,40.607306,-73.796365,1,12.44
40.690167,-73.829965,40.695365,-73.815768,1,6.43
40.664630,-73.861014,40.786690,-73.931458,1,41.61
40.666798,-73.883565,40.586353,-73.720798,6,83.89
40.687763,-74.008814,40.587667,-74.001271,4,28.18
40.780620,-73.966320,40.857779,-73.935675,1,21.72
40.641578,-73.802649,40.584607,-74.005330,2,44.59
40.796838,-73.947541,40.606997,-73.828045,1,59.36
40.618894,-73.755826,40.757837,-73.888091,4,48.33
40.581283,-73.858759,40.774010,-73.999361,1,60.44
40.766151,-73.995586,40.564276,-73.833268,2,72.64
40.638682,-73.813295,40.808793,-73.935725,6,54.16
40.846764,-74.025989,40.587669,-73.941360,1,74.15
40.624508,-73.964453,40.601941,-73.773188,1,41.49
40.676467,-73.856670,40.876070,-73.863186,2,104.60
40.854687,-73.905581,40.700243,-73.860100,1,46.06
40.850490,-74.015488,40.685440,-73.765594,1,70.37
40.655807,-73.765275,40.686034,-73.937408,2,43.03
40.637837,-73.828319,40.710102,-73.952487,4,31.04
40.760132,-73.869804,40.647493,-73.919171,1,30.94
40.610308,-73.893593,40.630566,-73.871520,1,9.05
40.690138,-73.776281,40.841036,-73.939487,4,55.17
40.739844,-73.894098,40.657347,-73.912089,1,24.85
40.859568,-73.807057,40.586417,-73.785071,1,70.39
40.799645,-73.869204,40.653993,-73.766002,1,45.29
40.642378,-73.947126,40.637147,-73.770300,3,35.90
40.678861,-73.906840,40.574166,-73.766145,1,41.74
40.737033,-73.769746,40.862602,-73.852523,1,36.96
40.672018,-73.989503,40.610250,-73.769733,4,50.15
40.638483,-73.933879,40.691354,-73.945356,4,19.70
40.811728,-73.747851,40.813477,-73.897574,1,31.62
40.635703,-73.867835,40.754996,-73.774970,1,38.90
40.679438,-73.807390,40.860018,-73.877605,3,57.32
40.720766,-73.798111,40.609736,-73.855844,2,37.08
40.613872,-73.977741,40.595175,-73.760369,3,42.24
40.585808,-73.924363,40.576412,-73.847854,2,16.70
40.623758,-73.892966,40.802308,-73.960343,2,79.69
40.695722,-73.821443,40.606223,-73.979774,2,45.35
40.885096,-73.922719,40.711174,-74.022664,1,56.86
40.655958,-74.004911,40.814289,-73.882656,1,52.59
40.862785,-74.006554,40.837152,-74.011955,1,10.53
40.779991,-73.978355,40.881430,-73.784549,1,51.81
40.866022,-73.893318,40.848527,-73.789195,1,26.26
40.750853,-73.959817,40.592711,-74.020774,2,54.45
40.804902,-74.013082,40.613968,-73.835711,1,64.32
40.568667,-73.771832,40.685381,-73.779957,1,33.96
40.593133,-73.790177,40.705501,-73.837597,1,36.39
40.609982,-73.827695,40.759319,-73.972728,2,47.52
40.809912,-73.745301,40.774562,-73.885395,1,34.01
40.790892,-73.916465,40.693983,-73.804421,3,36.10
40.793950,-73.921640,40.642402,-73.840980,3,52.38
40.697111,-73.813176,40.752249,-73.917667,2,31.68
40.813932,-73.904735,40.589846,-74.014070,1,60.48
40.673558,-73.831787,40.778778,-73.995916,1,42.26
40.873515,-73.991567,40.787224,-73.824524,3,44.03
40.719503,-73.953301,40.760951,-74.003389,1,16.24
40.695956,-73.992593,40.606502,-74.001894,1,25.95
40.659529,-73.730848,40.772430,-73.751625,3,35.81
40.697897,-73.953459,40.806556,-73.906808,3,37.51
40.632008,-73.924418,40.563599,-73.941012,1,19.97
40.714554,-73.741702,40.762992,-73.845306,1,29.62
40.741861,-73.732119,40.675427,-73.883068,1,36.68
40.846199,-73.996567,40.873513,-73.860302,2,34.81
40.652781,-73.764128,40.594534,-74.017969,1,54.01
40.829248,-73.976542,40.785344,-73.844774,3,33.40
40.849310,-73.938615,40.691008,-73.785599,1,51.37
40.719240,-73.982017,40.894047,-73.842034,2,60.01
40.623076,-74.010296,40.716180,-73.933144,3,27.90
40.562769,-73.917864,40.606632,-73.820710,2,27.39
40.803660,-73.906140,40.822828,-73.921395,1,11.39
40.562986,-73.897142,40.649277,-73.929827,5,27.84
40.886519,-73.750585,40.801114,-73.920661,3,44.00
40.606861,-73.931133,40.609444,-73.792333,1,32.96
40.566351,-73.829150,40.884955,-73.895023,1,83.65
40.658371,-73.942898,40.648036,-74.005276,6,17.65
40.799790,-73.964208,40.634198,-74.004701,1,50.37
40.678877,-73.747306,40.603969,-73.907906,2,44.72
40.878771,-73.738722,40.722250,-73.755024,1,41.82
40.690081,-73.924433,40.742689,-73.767881,6,38.96
40.877166,-73.806781,40.581731,-73.973780,1,87.59
40.625565,-73.986245,40.807073,-73.748377,1,75.40
40.680385,-74.023725,40.609125,-73.735538,1,120.08
40.788011,-73.922631,40.761900,-73.800688,1,27.78
40.638282,-73.955058,40.606478,-74.015624,4,29.39
40.690162,-73.916411,40.817536,-73.862543,2,37.64
40.593573,-74.003695,40.742622,-73.970781,1,41.18
40.813039,-73.840484,40.658222,-73.768884,1,47.28
40.610244,-73.905682,40.678422,-73.838213,1,28.23
40.851289,-73.969788,40.739953,-73.746544,1,53.97
40.598215,-73.732010,40.894014,-73.865674,1,90.87
40.596634,-73.903867,40.683697,-73.855503,1,26.50
40.885331,-74.023803,40.780968,-73.756795,1,65.62
40.845733,-73.927837,40.583260,-73.886049,2,73.76
40.868905,-73.938032,40.854318,-74.026045,1,19.33
40.683116,-73.728445,40.577974,-73.882448,4,46.06
40.799126,-73.896241,40.605167,-73.742468,3,64.70
40.700868,-73.741913,40.577528,-73.940796,2,60.23
40.866143,-73.825495,40.575629,-73.798174,1,85.88
40.809555,-73.821528,40.632548,-73.753353,2,56.52
40.581050,-73.883596,40.875630,-73.776570,1,84.70
40.770690,-74.024956,40.799594,-73.840914,1,40.81
40.878425,-73.874878,40.877025,-74.009870,1,32.57
40.590669,-73.837259,40.720921,-73.872908,1,35.53
40.734173,-73.802938,40.821297,-73.849684,2,30.11
40.847419,-73.793323,40.613397,-73.841075,2,66.78
40.730303,-73.812878,40.884437,-73.773018,2,40.49
40.809684,-73.732332,40.874815,-73.812265,3,29.72
40.651093,-73.987188,40.612785,-73.741068,2,49.91
40.577317,-73.740171,40.828627,-74.002400,1,83.29
40.783900,-73.763745,40.606782,-73.978111,1,64.10
40.802320,-73.825200,40.606026,-73.945415,3,58.87
40.618964,-73.745885,40.766518,-73.799775,2,43.42
40.774129,-73.892994,40.682459,-73.776359,2,34.81
40.838605,-73.855451,40.695125,-73.760473,1,44.72
40.661496,-73.915388,40.708743,-73.827308,1,23.61
40.800268,-73.751683,40.856458,-73.730081,1,19.48
40.590287,-73.998899,40.573472,-73.905068,1,20.36
40.832072,-73.913993,40.628173,-73.897823,1,58.45
40.847224,-73.778259,40.833722,-73.766201,2,7.97
40.820672,-73.933038,40.877758,-73.956741,2,18.30
40.822198,-73.819372,40.885815,-74.012909,2,45.91
40.854680,-73.841032,40.667754,-73.913841,2,51.41
40.619767,-73.762231,40.761932,-73.852098,5,47.80
40.895601,-73.818634,40.729342,-73.987757,1,55.56
40.626676,-73.763160,40.573551,-73.951162,1,92.19
40.779696,-73.949622,40.842011,-73.733641,3,48.86
40.863455,-73.773931,40.686107,-73.943856,2,60.37
40.691933,-74.028622,40.755981,-73.985522,1,20.57
40.592708,-73.727677,40.787958,-73.883236,3,57.97
40.628337,-73.933228,40.663487,-73.988294,4,14.56
40.759907,-73.929114,40.809972,-73.734573,6,44.61
40.894259,-73.794971,40.793075,-73.896800,2,38.89
40.673909,-73.993907,40.811565,-73.882857,1,45.59
40.880802,-73.762613,40.737128,-73.767808,1,40.86
40.775551,-73.799808,40.711770,-73.809252,1,17.17
40.708759,-73.792822,40.618680,-73.758407,1,24.31
40.640128,-73.817292,40.626578,-73.900450,1,19.86
40.625422,-73.820082,40.898542,-73.773047,1,76.81
40.873003,-73.784214,40.837220,-73.896206,1,24.03
40.810539,-73.919600,40.884819,-73.922547,2,23.19
40.561095,-73.777958,40.884858,-74.005170,1,99.20
40.617550,-73.868319,40.737833,-73.950639,4,36.06
40.801981,-73.975485,40.826248,-74.000466,1,10.50
40.700903,-73.737460,40.565394,-73.735327,1,38.44
40.722695,-73.829445,40.630895,-73.877885,3,27.75
40.569108,-73.956719,40.571791,-73.879061,1,20.06
40.787884,-73.971438,40.630048,-74.017041,5,49.05
40.895594,-73.964005,40.717527,-73.893060,1,50.83
40.662195,-73.908885,40.808903,-73.961248,4,43.22
40.782777,-74.021559,40.633088,-74.023139,1,43.00
40.792132,-73.998124,40.729975,-73.744110,3,57.82
40.775800,-73.764261,40.687486,-73.984056,1,50.48
40.591470,-73.869443,40.765447,-73.765837,5,57.19
40.641566,-73.941985,40.820564,-73.831259,1,57.88
40.617003,-73.728564,40.774814,-73.935301,2,61.81
40.745441,-74.017001,40.778056,-73.937132,1,18.10
40.856034,-73.810278,40.632002,-73.880472,6,67.91
40.630442,-73.971868,40.722862,-73.908412,3,30.60
40.683153,-73.757190,40.841541,-73.783686,1,48.61
40.613012,-73.740055,40.763433,-73.951891,1,63.37
40.885886,-73.997161,40.819247,-73.822057,2,35.96
40.575321,-73.759102,40.791201,-73.893494,5,66.13
40.621727,-73.977189,40.588623,-73.991629,2,9.67
40.628279,-73.785261,40.781721,-73.760785,5,46.47
40.695841,-73.941040,40.639025,-73.955198,2,18.52
40.615469,-73.792317,40.660148,-73.776082,2,13.78
40.680519,-73.928517,40.689144,-73.747899,2,38.25
40.883630,-73.992817,40.776603,-73.731141,2,59.09
40.592566,-73.952335,40.614876,-73.820725,1,29.12
40.603094,-73.877293,40.675627,-73.846758,1,23.11
40.716478,-73.920480,40.632447,-73.881830,1,26.94
40.888998,-73.863167,40.571790,-74.026370,1,89.42
40.757589,-74.021788,40.807134,-73.992272,2,15.68
40.826003,-74.016133,40.639784,-73.917193,1,58.62
40.600281,-74.025936,40.889462,-74.016311,2,73.78
40.783350,-73.851598,40.780735,-73.851347,1,1.13
40.686564,-73.922015,40.862134,-73.987700,6,55.66
40.826174,-73.993813,40.791878,-74.005735,1,8.45
40.790313,-73.888057,40.853239,-73.815548,1,24.97
40.589602,-73.998390,40.827771,-73.752422,1,85.47
40.651734,-73.795018,40.898561,-73.768962,1,72.80
40.585315,-73.937470,40.724549,-73.801049,2,51.85
40.645584,-73.824039,40.824831,-73.853281,1,55.40
40.594891,-73.834217,40.633993,-73.898729,1,17.32
40.692323,-73.952405,40.823214,-73.888203,1,38.11
40.781311,-73.950601,40.695180,-73.797127,2,39.36
40.755659,-73.956694,40.882585,-73.965418,1,42.85
40.876124,-73.951740,40.885805,-73.961135,2,14.87
40.794195,-73.855125,40.885394,-73.730672,1,45.27
40.723202,-73.882522,40.823158,-73.927521,4,31.18
40.621490,-73.723410,40.569007,-74.020208,1,62.65
40.647247,-73.907469,40.876917,-73.948725,1,72.94
40.685476,-73.824685,40.767184,-73.848257,1,23.59
40.874266,-73.894413,40.869445,-73.935027,2,18.60
40.633573,-73.947151,40.798138,-73.800533,2,53.40
40.578421,-73.978653,40.597933,-73.814682,1,35.13
40.756532,-73.806196,40.752815,-73.915432,1,21.19
40.765251,-73.776251,40.826128,-73.839089,1,23.67
40.752069,-73.725763,40.584201,-73.766964,2,51.46
40.763605,-73.838928,40.881797,-73.967194,2,41.81
40.758887,-73.970907,40.610549,-73.736847,2,64.18
40.714284,-73.792958,40.854243,-73.904302,2,47.41
40.629469,-73.735466,40.596784,-73.809267,3,19.86
40.610438,-73.867153,40.659626,-73.921778,2,21.31
40.585736,-73.943544,40.753208,-73.755718,4,57.90
40.852816,-73.811479,40.880515,-73.729157,1,20.41
40.774358,-73.914123,40.591438,-74.026408,3,59.04
40.822198,-73.765665,40.860193,-73.743094,3,18.68
40.776090,-73.748384,40.706741,-73.990696,2,53.86
40.873329,-73.818383,40.767226,-73.799545,5,33.53
40.814546,-73.950853,40.608820,-73.758459,1,67.06
40.725478,-73.757632,40.898059,-74.010010,1,68.53
40.869781,-73.951916,40.607649,-73.989864,3,75.92
40.776279,-73.934971,40.817246,-73.817680,2,30.47
40.895326,-73.975650,40.709486,-73.910689,1,52.68
40.590456,-73.856417,40.824321,-73.804479,1,66.16
40.885280,-73.741919,40.596785,-73.959070,2,99.20
40.607069,-73.883123,40.830529,-73.946611,1,67.51
40.561334,-74.008988,40.707144,-73.805132,1,104.84
40.610993,-73.989702,40.590425,-73.828031,1,34.11
40.862839,-73.721923,40.786512,-73.988315,4,59.82
40.691254,-73.896401,40.676402,-73.943734,1,12.46
40.861723,-73.745991,40.651330,-73.940924,2,108.16
40.697944,-73.726271,40.625716,-73.802770,3,28.45
40.670534,-73.768099,40.595691,-73.880339,1,34.71
40.701332,-73.771903,40.658284,-73.780882,3,18.73
40.810839,-73.802792,40.646002,-73.926202,1,56.03
40.601743,-73.823090,40.599547,-73.855181,1,9.57
40.697092,-73.897917,40.776867,-73.964922,2,26.65
40.754762,-73.955143,40.689829,-73.815365,5,39.96
40.579671,-73.904491,40.668707,-73.978031,1,28.61
40.568253,-73.912595,40.872375,-73.837593,1,83.72
40.716923,-73.782617,40.832691,-73.900576,1,44.63
40.677107,-73.778097,40.704443,-73.998320,1,49.19
40.837743,-74.000790,40.632246,-73.734578,1,84.22
40.739896,-73.939764,40.666719,-73.934271,1,20.61
40.708293,-73.966933,40.689772,-73.989209,1,8.76
40.729400,-73.789828,40.835199,-73.851875,2,32.49
40.688748,-73.859733,40.568075,-73.884360,1,27.89
40.726860,-73.827605,40.821316,-73.777939,3,26.13
40.672548,-73.822652,40.850344,-73.883864,2,50.74
40.636269,-73.855962,40.797401,-73.993949,1,50.17
40.709754,-73.954104,40.797810,-73.938756,1,27.25
40.894788,-73.961293,40.619427,-73.780489,2,81.22
40.776261,-73.957180,40.792066,-73.893608,4,21.12
40.881798,-73.949107,40.796346,-74.025451,1,27.17
40.585377,-73.969644,40.757733,-73.932535,1,73.63
40.794263,-73.973383,40.619552,-73.896221,3,52.17
40.682952,-73.999335,40.594168,-73.916121,2,35.87
40.761441,-73.819632,40.870325,-73.756757,2,32.33
40.585398,-73.771241,40.876289,-73.957681,1,90.93
40.746436,-73.795157,40.681847,-73.753125,2,21.74
40.614273,-73.930255,40.578004,-73.815609,5,50.01
40.668266,-73.877153,40.894865,-73.731016,1,65.52
40.756448,-74.023443,40.809447,-73.916203,3,25.76
40.796066,-73.967846,40.861168,-73.866073,1,29.71
40.668814,-73.815209,40.732813,-73.797372,1,19.94
40.733812,-74.006053,40.794603,-73.885721,2,29.98
40.841653,-73.733841,40.718471,-73.841613,6,47.59
40.875147,-73.734126,40.662901,-73.835426,3,65.53
40.818721,-73.910949,40.813690,-73.814156,2,24.00
40.779181,-73.786051,40.600083,-73.905606,1,58.48
40.790175,-73.813303,40.820244,-74.026033,1,45.27
40.719544,-73.998489,40.730331,-74.024677,1,10.46
40.898670,-74.026956,40.619001,-73.980598,1,77.33
40.573982,-73.944727,40.755217,-73.859565,1,47.08
40.887218,-73.946508,40.809252,-73.791329,1,36.86
40.767854,-73.921603,40.722997,-73.784167,1,28.31
40.843127,-73.853581,40.814134,-73.924106,6,19.70
40.622757,-73.768508,40.782941,-73.785702,2,47.58
40.856488,-73.917281,40.562920,-73.879688,1,83.98
40.714214,-73.749918,40.658377,-73.772863,3,18.28
40.793768,-73.849564,40.654062,-73.819695,1,40.14
40.876447,-73.840126,40.881805,-73.855667,1,3.38
40.748226,-73.925377,40.868295,-74.010706,1,40.87
40.662782,-73.812811,40.720292,-73.905273,3,28.90
40.577695,-73.822685,40.595847,-73.822299,2,7.90
40.626198,-73.865451,40.879643,-73.852234,2,71.89
40.691314,-73.952171,40.742500,-73.846071,1,24.46
40.586830,-74.015865,40.865640,-73.884155,1,81.84
40.781366,-74.020214,40.621057,-73.792519,3,64.60
40.871846,-73.743896,40.696310,-74.008201,5,73.95
40.680127,-73.812566,40.723496,-73.800912,2,13.74
40.768280,-73.905449,40.718709,-73.991805,2,22.36
40.617976,-73.834922,40.674579,-74.001229,1,41.16
40.795146,-73.729541,40.583361,-74.014071,1,89.87
40.725164,-74.004395,40.593782,-73.784050,1,58.37
40.868019,-74.026212,40.812712,-73.915178,1,29.93
40.620581,-74.016952,40.888498,-73.961074,3,72.99
40.785758,-73.780077,40.608065,-73.991243,3,66.75
40.674643,-74.023486,40.699346,-73.941039,4,36.98
40.716289,-73.837700,40.883341,-73.938435,2,78.31
40.597810,-73.793390,40.670655,-73.997191,1,45.33
40.666171,-73.919024,40.611351,-73.967745,2,18.71
40.733422,-73.912723,40.723070,-73.792566,2,28.27
40.780044,-73.990803,40.607795,-73.805021,1,62.93
40.588642,-73.973054,40.848024,-74.016632,1,66.69
40.693734,-73.977459,40.870839,-74.015290,2,52.49
40.779168,-73.957712,40.669094,-74.026622,1,73.10
40.622739,-73.834299,40.651666,-73.955442,1,25.67
40.634295,-73.996571,40.569435,-73.786796,1,49.49
40.664578,-73.944206,40.647696,-73.724434,5,50.44
40.839123,-73.884479,40.667456,-73.724767,2,63.10
40.617926,-73.989256,40.869499,-73.840568,1,75.45
40.745200,-73.796212,40.858108,-73.910621,1,38.81
40.824790,-73.747112,40.741241,-73.868799,1,40.04
40.803911,-73.865311,40.814409,-73.863328,2,5.23
40.841557,-73.854872,40.685404,-73.893438,1,46.19
40.799353,-73.833442,40.760604,-73.998651,1,34.64
40.743742,-74.016620,40.685845,-73.750393,1,56.89
40.697536,-73.838207,40.831725,-73.840957,1,36.68
40.733737,-74.007843,40.858648,-73.730018,1,65.32
40.687516,-73.812484,40.634364,-73.886734,1,24.64
40.833654,-74.013326,40.646732,-73.881967,5,59.64
40.671968,-73.976549,40.690793,-73.735430,4,54.01
40.737869,-73.738377,40.587824,-73.721200,2,44.43
40.561092,-73.790628,40.768677,-73.990561,1,69.25
40.657555,-73.737429,40.578604,-73.984712,2,56.72
40.837451,-73.879428,40.708709,-74.015260,1,46.50
40.668844,-73.985271,40.850623,-73.737395,2,74.92
40.771528,-73.731839,40.637343,-73.883676,1,51.30
40.736828,-73.981727,40.668913,-73.737445,1,54.93
40.804427,-74.023608,40.687003,-74.007996,2,35.72
40.871483,-73.938877,40.722055,-73.925462,1,39.87
40.774078,-73.965488,40.798168,-73.809835,2,36.07
40.652264,-73.941076,40.664150,-73.920298,1,3.91
40.772872,-73.901846,40.776681,-73.943125,1,10.73
40.697692,-73.804619,40.728411,-73.865821,1,19.63
40.619899,-73.772687,40.572870,-73.877334,2,26.43
40.863025,-73.883176,40.599372,-73.954011,1,117.02
40.768809,-73.730233,40.839496,-73.988792,4,59.56
40.658211,-73.826645,40.814902,-73.866202,2,50.98
40.843843,-73.853397,40.596634,-73.778077,4,75.41
40.803337,-73.961561,40.568815,-74.006600,2,69.54
40.574394,-74.000542,40.608773,-73.977020,2,13.18
40.622223,-73.792352,40.828011,-73.779778,2,59.25
40.729125,-73.723946,40.771497,-73.923359,2,46.57
40.739413,-73.834373,40.586583,-73.989570,1,58.21
40.614979,-73.799719,40.652300,-73.734513,3,23.60
40.666873,-73.727934,40.584774,-73.866549,1,39.54
40.851613,-73.882647,40.787412,-73.735587,3,38.02
40.754691,-73.762895,40.573084,-73.829335,2,55.70
40.847172,-73.879793,40.887369,-73.818101,1,18.38
40.639832,-73.838600,40.813112,-73.883632,2,50.45
40.848209,-73.980979,40.719123,-73.947832,2,39.12
40.701421,-73.913458,40.666708,-73.881496,1,15.42
40.754483,-73.759424,40.851884,-73.954044,1,49.65
40.723300,-74.003651,40.588885,-73.955835,2,40.64
40.739429,-73.993172,40.564928,-73.963934,1,49.13
40.680667,-73.941944,40.855547,-73.860493,2,51.21
40.801688,-73.884941,40.628605,-73.884492,4,50.35
40.588122,-73.895369,40.890174,-73.926807,3,85.54
40.693100,-73.980902,40.812379,-74.003284,1,34.75
40.722167,-73.928413,40.775007,-73.744226,1,39.59
40.604247,-73.909125,40.785980,-73.862046,1,52.43
40.781678,-73.911668,40.873016,-73.752144,2,40.32
40.761217,-73.784049,40.618517,-73.965230,1,59.40
40.669444,-73.747064,40.706113,-73.748843,2,11.91
40.772512,-73.950050,40.874546,-73.802633,1,39.81
40.716483,-73.746413,40.752339,-74.015362,2,57.17
40.799734,-73.854762,40.634076,-73.732442,2,57.20
40.723092,-73.904283,40.886176,-73.860753,4,49.92
40.686838,-73.772149,40.694146,-73.998191,4,52.94
40.841741,-73.822561,40.854190,-73.819525,3,10.05
40.793321,-73.810053,40.733838,-73.970627,5,38.51
40.567050,-73.847507,40.725789,-73.990300,1,51.36
40.788024,-73.913520,40.672910,-73.774813,1,45.42
40.622229,-73.775195,40.576371,-73.855165,1,22.22
40.593887,-73.813839,40.650111,-73.742081,3,30.51
40.874344,-73.808247,40.822985,-73.812395,2,15.56
40.773482,-73.973827,40.572097,-73.997097,1,53.92
40.597583,-74.028030,40.673783,-73.995029,2,23.83
40.626742,-73.871397,40.827482,-73.735342,3,64.74
40.631622,-73.910325,40.575182,-74.026595,1,30.80
40.699903,-73.891747,40.815212,-73.755124,1,44.39
40.799189,-73.976172,40.868641,-73.762986,1,47.10
40.711014,-73.883477,40.808168,-73.863947,1,27.80
40.565983,-73.994000,40.856269,-74.009646,1,74.37
40.823734,-73.995096,40.690299,-73.795952,2,56.47
40.648608,-73.891123,40.787722,-73.873280,4,66.07
40.816428,-73.833151,40.598563,-73.892671,3,58.20
40.792491,-73.757186,40.655553,-73.833820,1,41.57
40.639250,-73.931991,40.577897,-73.979336,1,21.46
40.859657,-73.997345,40.840356,-73.745137,2,55.78
40.834573,-73.800610,40.665726,-73.732398,4,52.09
40.892196,-73.937709,40.703992,-73.841762,1,52.92
40.574523,-73.937999,40.842634,-73.868155,2,77.08
40.703373,-73.846368,40.700804,-73.788536,1,14.72
40.756793,-73.892146,40.778597,-74.023443,1,30.35
40.746941,-73.748620,40.875637,-73.742825,1,35.12
40.865065,-73.729114,40.777522,-73.798727,2,31.06
40.676037,-73.733127,40.834905,-74.003649,3,75.95
40.612736,-73.980762,40.663247,-73.743224,3,57.26
40.699891,-74.003237,40.899572,-73.983676,2,54.79
40.824236,-73.769510,40.896602,-73.742451,2,23.93
40.767395,-73.759444,40.854887,-73.788690,1,27.14
40.620727,-73.980795,40.812576,-73.804506,1,69.28
40.584753,-73.890305,40.817210,-73.871290,1,63.99
40.745989,-73.765401,40.743845,-73.826043,5,15.16
40.568280,-73.875671,40.606444,-73.896323,3,14.76
40.794245,-73.728983,40.750611,-73.745884,1,15.12
40.847701,-74.015977,40.679194,-73.834397,2,57.84
40.830880,-73.987554,40.665067,-73.874146,2,49.50
40.768888,-73.721089,40.880117,-73.944908,1,55.06
40.658194,-74.007574,40.612866,-73.745050,1,54.57
40.889929,-73.819181,40.691897,-73.775215,1,60.79
40.568822,-73.976695,40.855960,-73.946169,1,75.17
40.747632,-73.879862,40.722260,-73.886205,5,11.86
40.618681,-73.895751,40.605953,-73.931369,2,11.36
40.748437,-73.987767,40.725054,-73.941273,1,13.65
40.574825,-73.972100,40.835156,-73.881728,2,75.76
40.631524,-73.803682,40.873217,-73.967782,2,73.21
40.845659,-73.820090,40.802477,-74.023722,1,44.53
40.804173,-74.006317,40.562124,-73.938254,1,72.39
40.627112,-73.927053,40.725696,-74.017826,2,33.35
40.633512,-73.730086,40.735942,-73.816390,1,35.88
40.661895,-73.777219,40.630451,-73.747372,1,12.22
40.688177,-73.936856,40.798155,-73.730595,3,59.75
40.587270,-73.745339,40.694832,-73.743459,2,27.59
40.846038,-73.827524,40.694689,-73.830634,4,42.93
40.659077,-73.721248,40.667999,-73.818325,1,23.77
40.821882,-73.973167,40.677791,-73.846926,1,96.37
40.890136,-74.021971,40.637865,-73.830490,3,73.27
40.576438,-73.793113,40.567096,-73.973682,1,35.89
40.848804,-73.880887,40.560270,-73.732167,2,86.63
40.747323,-73.753035,40.585573,-73.913973,1,55.24
40.668560,-73.800473,40.786130,-73.840448,1,35.36
40.571673,-73.904215,40.615725,-73.994474,3,25.97
40.686302,-73.907704,40.606488,-73.789241,2,33.07
40.826261,-73.788761,40.733190,-73.989931,1,48.90
40.593896,-73.843224,40.609047,-73.877137,1,11.19
40.602719,-73.764875,40.588612,-73.973625,1,43.16
40.603850,-74.029509,40.626639,-73.999349,2,11.32
40.864154,-73.899607,40.745748,-73.922606,1,40.85
40.861258,-73.965427,40.589764,-73.958837,2,73.49
40.837929,-73.916595,40.811529,-73.723970,1,42.76
40.779942,-73.962124,40.807263,-73.950173,1,10.95
40.576327,-73.989212,40.767768,-73.750382,2,69.58
40.710248,-73.934449,40.797550,-74.003430,1,30.19
40.794548,-73.791384,40.746443,-73.812151,2,16.19
40.817635,-73.838401,40.685137,-73.783750,1,42.00
40.776033,-73.747198,40.810565,-73.914974,3,38.93
40.620011,-73.817248,40.830984,-74.002308,1,67.56
40.641340,-73.807078,40.874778,-73.835860,1,62.91
40.701407,-73.848551,40.820727,-73.787883,3,37.25
40.660995,-73.987426,40.567137,-73.852053,1,42.20
40.622962,-74.008519,40.560655,-73.850777,1,34.37
40.618513,-73.889515,40.637976,-74.004972,1,26.10
40.743006,-74.000381,40.741029,-73.809674,4,40.19
40.799833,-73.997896,40.798850,-73.741506,2,58.90
40.650939,-73.879705,40.736385,-73.848161,1,28.34
40.667712,-73.952006,40.822834,-73.833775,2,49.62
40.764369,-73.852687,40.878552,-73.916082,1,37.29
40.570619,-73.902089,40.801711,-73.722902,3,76.00
40.569638,-73.842528,40.644206,-73.921284,1,26.45
40.887693,-73.898536,40.879130,-73.950315,1,11.76
40.811571,-74.029074,40.799180,-73.802460,2,48.85
40.660039,-73.919993,40.614039,-73.777217,2,29.89
40.810975,-73.960299,40.888965,-73.845979,2,33.72
40.789086,-73.751910,40.812416,-73.998158,2,54.35
40.790813,-73.872482,40.579377,-73.839742,1,57.95
40.718613,-73.835024,40.879334,-73.908068,3,48.43
40.855195,-74.017320,40.751682,-73.981066,1,31.73
40.561943,-74.022000,40.762543,-73.874158,2,68.28
40.797518,-73.874023,40.579513,-74.025545,1,62.21
40.847442,-73.884336,40.755489,-73.979357,1,32.29
40.868963,-73.786134,40.683702,-73.852693,1,57.50
40.865758,-73.877683,40.801397,-73.893405,3,21.08
40.888489,-73.723217,40.852130,-73.889731,2,40.70
40.643795,-73.903662,40.573359,-73.807182,2,26.11
40.735157,-73.740164,40.688685,-73.779708,1,15.18
40.688419,-73.950356,40.564434,-73.739787,1,54.14
40.708978,-73.924995,40.634384,-73.739195,1,44.07
40.586758,-73.902879,40.872897,-73.951748,2,83.47
40.608976,-73.779830,40.578510,-74.027513,2,48.92
40.618591,-73.798433,40.865729,-74.018486,4,77.34
40.584752,-73.953641,40.636869,-73.878362,3,18.98
40.896886,-73.770455,40.844606,-73.916867,1,35.26
40.568710,-73.873445,40.574626,-73.869023,4,8.02
40.826775,-73.910103,40.631002,-74.018518,3,59.62
40.711696,-73.744699,40.691711,-73.950610,2,43.24
40.594394,-73.755325,40.683100,-73.843703,1,32.52
40.699128,-74.009436,40.861343,-73.798775,2,61.40
40.616083,-73.881791,40.888328,-73.748767,2,76.78
40.787281,-73.737812,40.627186,-73.849491,1,47.43
40.852351,-73.930723,40.852111,-73.976080,1,10.74
40.897205,-74.028103,40.742641,-73.991925,4,42.54
40.876983,-73.880474,40.810200,-73.863271,1,19.22
40.854976,-73.829113,40.642258,-73.877633,2,58.90
40.898595,-73.921934,40.576928,-73.906684,1,84.39
40.604829,-73.937086,40.890207,-73.932388,4,84.72
40.654677,-73.873878,40.560998,-73.923953,2,27.86
40.751763,-73.852525,40.871462,-73.725609,3,42.38
40.759770,-73.734707,40.790666,-73.815343,1,19.90
40.780440,-73.795191,40.739058,-73.773720,1,17.12
40.793929,-73.748000,40.697653,-74.025216,1,64.45
40.785980,-73.994438,40.755306,-73.899105,1,21.11
40.776523,-73.807767,40.699125,-73.954754,2,41.52
40.658316,-73.958598,40.580233,-73.774446,2,50.85
40.728655,-73.892001,40.579705,-73.747489,1,54.03
40.707931,-73.794658,40.832564,-73.733307,1,40.67
40.871448,-74.025154,40.691761,-73.821111,4,67.33
40.764685,-73.953702,40.879841,-73.805648,1,42.50
40.762588,-73.790038,40.758784,-73.901265,4,25.01
40.731264,-73.823112,40.838385,-73.760052,3,33.43
40.692226,-73.778234,40.872624,-73.830021,2,52.59
40.808386,-73.742878,40.601720,-73.953867,3,73.33
40.633117,-73.972052,40.646709,-74.002680,3,10.53
40.716221,-73.891100,40.793347,-73.789796,1,35.86
40.608178,-73.743955,40.883076,-74.023706,1,91.67
40.642341,-73.952665,40.609261,-73.816223,1,31.31
40.658251,-74.003630,40.703130,-73.914236,5,26.71
40.795881,-73.830862,40.874449,-73.977188,1,38.34
40.700648,-73.743645,40.650943,-73.953166,1,44.08
40.735801,-73.789019,40.682978,-73.806683,1,18.34
40.683949,-73.725685,40.702147,-73.883157,1,34.67
40.812049,-73.750226,40.822942,-74.013314,1,59.64
40.814018,-74.002193,40.896001,-73.934428,1,28.68
40.873324,-73.850929,40.813919,-73.870513,1,21.13
40.760829,-73.824788,40.563513,-74.012115,4,105.13
40.694935,-73.846559,40.717322,-74.019666,2,36.46
40.658435,-73.902999,40.784368,-74.022268,1,46.55
40.732046,-73.809131,40.804869,-73.729891,2,27.92
40.744724,-73.997953,40.579999,-73.987466,1,49.49
40.586378,-74.028663,40.766314,-73.855586,2,58.71
40.772190,-73.720777,40.789492,-73.987399,1,56.13
40.706767,-74.027234,40.584262,-73.726222,2,68.46
40.573106,-73.720808,40.707153,-74.029146,3,73.37
40.864711,-73.998249,40.735123,-73.850338,1,47.22
40.877237,-73.904656,40.704476,-73.941960,5,53.32
40.669102,-73.869752,40.672206,-73.779269,3,24.38
40.695899,-74.028031,40.639066,-73.961404,2,22.88
40.740506,-73.880960,40.585235,-73.920390,1,47.27
40.677461,-73.810488,40.831139,-73.942807,2,49.75
40.821432,-73.961834,40.595959,-73.982497,1,64.55
40.616996,-73.798588,40.669247,-73.723494,1,22.88
40.624979,-73.794787,40.762798,-73.780073,2,37.01
40.598854,-73.737595,40.798108,-73.953339,3,70.99
40.655961,-73.921412,40.600921,-73.977479,1,19.75
40.734521,-73.833567,40.724288,-73.859992,2,17.54
40.655059,-73.865246,40.686398,-73.812358,1,15.22
40.823992,-73.942937,40.732181,-73.866436,2,35.88
40.709745,-73.773915,40.764440,-73.950321,1,42.03
40.815472,-73.983219,40.891970,-73.989598,4,25.84
40.810545,-73.732896,40.755072,-73.912550,2,43.73
40.779986,-73.931528,40.590937,-73.751575,1,69.95
40.763902,-74.013146,40.629237,-73.732576,3,71.78
40.834780,-74.008725,40.685881,-73.751855,2,73.10
40.891692,-73.969197,40.702982,-73.997167,1,48.56
40.641853,-73.937351,40.592307,-73.912676,1,17.30
40.597329,-73.971723,40.671086,-73.724548,1,52.30
40.683169,-73.948117,40.659565,-73.788548,3,37.90
40.789470,-73.805516,40.738298,-74.029149,2,49.19
40.896113,-73.726395,40.645116,-73.881473,1,81.78
40.673061,-73.825312,40.670114,-73.804768,2,5.33
40.888855,-73.995495,40.598958,-73.908890,2,84.22
40.855158,-73.906288,40.873778,-73.947327,5,10.61
40.614932,-73.914217,40.800660,-73.915176,3,53.43
40.565617,-73.791034,40.835505,-73.986764,1,87.94
40.898367,-73.890605,40.592996,-73.782356,2,97.57
40.594740,-73.769810,40.896181,-73.883356,1,80.51
40.700925,-73.843259,40.620763,-73.926724,2,29.25
40.733721,-73.760667,40.793179,-73.966038,1,51.18
40.781241,-73.768408,40.569424,-73.820548,1,58.51
40.720276,-73.867698,40.679269,-73.915057,1,20.17
40.669467,-73.888250,40.899133,-74.021676,1,75.17
40.624032,-73.731745,40.819087,-74.007795,3,81.21
40.829679,-73.886428,40.855704,-73.927299,1,12.87
40.679151,-73.850199,40.693637,-73.869320,1,8.09
40.631988,-73.991779,40.572752,-73.939607,1,22.09
40.657571,-73.970010,40.778407,-73.797986,4,53.20
40.878934,-73.870580,40.744508,-74.007143,1,50.16
40.796880,-74.025243,40.694904,-73.983936,1,29.85
40.794069,-73.951000,40.561589,-73.752333,6,80.81
40.890530,-73.786873,40.633551,-73.974193,3,82.82
40.615876,-73.723666,40.851761,-73.952101,1,75.23
40.878523,-73.757898,40.685576,-73.981047,1,74.82
40.665284,-73.740222,40.732395,-73.970780,5,52.03
40.659267,-73.906592,40.667738,-73.823262,1,21.16
40.726282,-73.924967,40.634824,-73.850479,1,32.45
40.712138,-73.786312,40.625414,-73.960372,1,44.54
40.792297,-73.892531,40.706699,-73.771052,2,36.87
40.842449,-74.020394,40.853782,-73.728171,1,90.63
40.797906,-73.995048,40.660140,-73.993667,1,39.54
40.893961,-73.930343,40.851195,-74.025449,2,23.22
40.845050,-73.754670,40.706492,-73.976795,1,61.05
40.647061,-73.791790,40.733249,-73.902846,2,33.60
40.818886,-73.726414,40.882969,-73.767752,4,26.05
40.638908,-73.839364,40.684459,-73.823006,1,16.18
40.581512,-73.796815,40.726615,-73.912075,6,47.44
40.868566,-73.892064,40.742494,-73.966306,2,42.42
40.759434,-73.982195,40.582231,-73.739925,1,67.96
40.565569,-73.929604,40.772404,-73.843892,1,62.28
40.756048,-73.896649,40.706490,-73.928281,1,15.83
40.830182,-73.791821,40.597890,-73.784967,1,63.49
40.683087,-73.778369,40.899847,-73.894500,3,64.25
40.769238,-73.745721,40.567371,-73.770683,2,59.56
40.646390,-74.023618,40.731888,-74.028207,1,31.31
40.661282,-73.737912,40.867854,-73.864681,5,68.26
40.764693,-73.915978,40.654621,-74.001036,1,36.60
40.782075,-73.919722,40.772798,-73.979139,6,16.10
40.685194,-73.746057,40.859292,-73.950879,3,67.40
40.612586,-73.872284,40.651444,-73.861967,3,12.32
40.590423,-73.903211,40.654184,-73.748188,3,46.18
40.577563,-74.006653,40.639692,-73.759712,1,50.98
40.680821,-73.929293,40.689943,-73.950796,1,4.81
40.671187,-74.005394,40.561983,-73.784985,4,56.78
40.658631,-74.028544,40.638285,-73.748116,1,54.21
40.739592,-73.785233,40.596067,-73.898072,4,51.59
40.785927,-73.853216,40.563160,-73.985664,2,63.75
40.758019,-73.930491,40.616537,-73.786650,1,52.15
40.667541,-73.939367,40.781805,-73.919629,1,31.12
40.853359,-73.918233,40.874888,-73.841422,1,31.37
40.757965,-73.735410,40.833746,-73.793508,1,26.18
40.686258,-73.884197,40.632812,-73.772185,2,28.29
40.818573,-73.976380,40.760529,-73.851857,3,33.76
40.685144,-74.006223,40.885730,-73.894379,2,61.37
40.682358,-73.770809,40.685162,-73.990458,1,49.55
40.564089,-73.970079,40.599597,-73.849726,3,32.52
40.867306,-74.021723,40.591213,-73.794003,4,94.34
40.883368,-73.867374,40.891240,-73.890829,1,7.63
40.815936,-73.955652,40.682874,-73.989664,3,39.79
40.699492,-73.922695,40.671095,-73.948712,1,11.63
40.783221,-73.816125,40.733314,-73.798083,3,18.94
40.811120,-73.771403,40.820770,-73.838939,2,18.45
40.781247,-73.966044,40.566826,-74.028125,1,52.45
40.795259,-73.857110,40.576438,-73.803425,1,60.69
40.724104,-73.762387,40.843989,-73.947173,1,54.62
40.757919,-73.992767,40.723435,-73.785129,1,45.26
40.878969,-73.836593,40.666343,-73.815034,1,60.39
40.728722,-73.934951,40.750328,-74.028554,3,21.42
40.884767,-73.808654,40.741671,-73.982235,1,50.24
40.680602,-73.852718,40.874568,-73.812869,1,52.35
40.874322,-73.831809,40.639422,-73.800346,2,62.23
40.627895,-73.806776,40.650228,-73.786928,1,9.76
40.861101,-73.840018,40.770034,-73.731769,3,36.08
40.713747,-73.805771,40.879925,-73.929397,1,60.84
40.735070,-73.749337,40.847487,-73.822220,2,33.82
40.817318,-73.744506,40.827377,-73.842052,1,22.45
40.595956,-73.984058,40.758041,-73.878493,1,44.46
40.747812,-73.846266,40.626256,-73.827254,2,36.47
40.767384,-73.942992,40.606462,-73.970245,1,44.67
40.675283,-73.795894,40.899172,-73.974405,2,72.23
40.607528,-74.020038,40.561395,-73.814055,3,45.66
40.876422,-73.731671,40.708558,-73.975192,1,71.04
40.843723,-73.927959,40.782609,-73.965903,1,17.93
40.617845,-73.758784,40.626813,-73.778229,1,6.15
40.714990,-73.908087,40.612175,-73.936523,1,33.50
40.618817,-73.944989,40.861569,-73.916081,5,68.41
40.731531,-73.935952,40.898288,-74.017413,1,48.68
40.644885,-73.928433,40.647900,-73.835303,2,21.17
40.783591,-73.780080,40.631253,-73.889548,1,51.67
40.756186,-73.798378,40.880639,-73.959649,1,49.86
40.750503,-73.882007,40.751802,-73.981535,1,21.55
40.669126,-73.857654,40.609282,-73.926503,2,24.87
40.853552,-73.952933,40.744524,-73.875404,1,36.08
40.861240,-73.906133,40.767608,-73.801871,1,34.48
40.723839,-73.920201,40.657519,-73.955791,1,18.95
40.718315,-73.830827,40.815820,-73.962294,1,41.77
40.895783,-73.984742,40.618628,-73.814810,2,86.13
40.625364,-73.924363,40.789954,-73.756732,1,104.19
40.788401,-73.866144,40.628139,-73.945579,3,44.39
40.577137,-73.731327,40.775764,-73.919857,1,63.64
40.800229,-73.948139,40.859322,-73.976636,1,22.60
40.780626,-73.927938,40.882562,-73.757839,5,49.31
40.606725,-74.028326,40.871900,-73.838323,1,88.88
40.732517,-73.741683,40.839027,-73.950843,1,49.57
40.802975,-74.009376,40.584294,-73.804116,1,73.73
40.708517,-73.796442,40.722078,-73.852636,1,12.66
40.754686,-74.025789,40.682248,-73.963684,1,27.76
40.702445,-73.984799,40.635324,-73.783172,2,48.18
40.839764,-73.909257,40.770625,-73.887143,1,22.65
40.858656,-73.973414,40.803202,-73.831421,1,33.71
40.838189,-73.849652,40.860755,-73.792398,1,17.16
40.831908,-73.870459,40.740678,-73.920010,2,28.96
40.633697,-73.988917,40.802687,-73.804052,1,58.06
40.604640,-73.773674,40.667986,-73.863709,1,30.85
40.636555,-73.811895,40.764556,-73.805166,1,37.80
40.714843,-73.793090,40.724042,-73.760860,2,10.85
40.775811,-73.985870,40.607239,-73.740358,1,73.91
40.736518,-73.825175,40.796608,-73.982086,2,39.69
40.615316,-74.003809,40.675078,-73.767730,2,55.43
40.890320,-73.749720,40.713438,-73.991216,2,66.68
40.746103,-73.735077,40.734240,-73.871035,3,26.99
40.585695,-73.774878,40.810018,-73.766660,4,69.35
40.770743,-73.761982,40.830367,-73.756030,1,18.95
40.711345,-73.942861,40.767605,-73.847895,3,30.95
40.571724,-73.862732,40.763690,-73.995577,1,60.47
40.699539,-73.960892,40.731073,-73.815466,1,32.54
40.763732,-73.947487,40.853122,-73.806538,2,41.48
40.777335,-73.986692,40.779103,-73.884365,2,26.70
40.687355,-73.744688,40.831295,-73.807429,5,45.87
40.772623,-73.725436,40.787511,-74.028448,1,66.16
40.886293,-73.850097,40.863483,-73.950412,1,24.74
40.815268,-73.780561,40.643977,-73.725208,3,47.35
40.791454,-73.920193,40.769064,-73.770755,1,35.90
40.650997,-73.975062,40.619790,-73.968974,5,13.24
40.851376,-74.001253,40.661008,-73.731915,6,79.19
40.820820,-73.773924,40.687318,-73.831684,1,40.39
40.569638,-73.975723,40.748310,-73.747407,3,71.63
40.694248,-73.864051,40.698808,-73.894184,1,7.88
40.834417,-73.800684,40.580734,-73.816302,3,67.99
40.699492,-73.899623,40.592983,-73.793341,2,68.08
40.896046,-73.831160,40.573457,-73.942583,1,93.94
40.575846,-73.875836,40.629698,-74.009268,2,30.81
40.841229,-73.918209,40.685528,-73.721544,1,60.22
40.870182,-73.903975,40.656787,-73.786134,3,68.19
40.642994,-73.952188,40.698758,-73.726746,2,52.64
40.714445,-73.773091,40.896783,-73.910289,1,58.73
40.894170,-73.966651,40.675118,-73.875882,2,60.03
40.867990,-73.800736,40.787697,-73.852063,1,26.37
40.721402,-73.836905,40.705152,-73.734418,1,23.67
40.870535,-73.967329,40.783698,-73.927349,4,29.18
40.716769,-73.959867,40.741351,-73.938192,2,11.03
40.738154,-73.959347,40.720195,-73.763694,4,42.53
40.804855,-73.773174,40.609254,-73.958059,3,75.06
40.602045,-73.880615,40.617628,-73.988183,1,23.72
40.723098,-73.901493,40.894646,-73.845127,1,45.91
40.736225,-73.849628,40.759367,-73.961669,2,24.54
40.697763,-74.001652,40.681852,-73.848476,1,36.39
40.743606,-73.853551,40.742052,-73.726380,2,28.71
40.886260,-73.833662,40.792104,-73.758273,3,30.66
40.892050,-73.781148,40.638978,-73.820851,4,78.48
40.815020,-73.876036,40.755446,-73.781735,1,25.58
40.861734,-73.809705,40.727959,-73.875544,2,43.03
40.581966,-73.941329,40.720197,-73.795721,2,45.94
40.875822,-73.811029,40.856842,-73.750500,2,15.90
40.837793,-73.952732,40.753356,-73.874356,3,27.15
40.817155,-73.877568,40.613355,-73.729171,1,63.80
40.821157,-73.800362,40.567522,-73.854435,3,67.49
40.632393,-73.938970,40.884322,-73.846736,2,72.61
40.835942,-73.871071,40.796362,-73.725070,1,28.55
40.619422,-73.951325,40.795590,-73.746537,1,62.61
40.882875,-73.762031,40.851936,-73.989691,1,85.06
40.797280,-73.965129,40.704668,-73.927604,1,26.51
40.760635,-73.732142,40.681756,-73.981707,1,58.19
40.639580,-73.726027,40.600112,-74.019529,3,64.97
40.635166,-73.790554,40.602176,-73.923580,2,30.56
40.625663,-73.980515,40.730132,-74.014520,1,30.76
40.741840,-73.764530,40.655485,-73.900838,1,40.33
40.668451,-73.807087,40.587687,-73.987864,1,51.13
40.828750,-73.814166,40.860887,-73.905702,1,25.09
40.725304,-73.837613,40.720241,-73.763185,1,17.11
40.808532,-73.854911,40.745101,-73.842705,1,19.49
40.804185,-73.748164,40.869953,-73.903714,1,36.06
40.879308,-73.878942,40.744038,-73.967485,1,45.14
40.712969,-73.829849,40.702209,-73.789348,1,10.62
40.718206,-73.785523,40.619063,-73.872645,2,39.08
40.833710,-73.860506,40.669627,-73.868699,1,48.90
40.686102,-73.975933,40.722877,-73.782908,2,44.90
40.667587,-73.956767,40.699433,-74.026157,1,19.90
40.805924,-73.967585,40.738897,-73.781392,1,45.27
40.871435,-73.935051,40.861931,-73.991558,1,14.72
40.842974,-74.028103,40.794709,-73.941073,1,24.69
40.601875,-73.999511,40.581278,-73.944121,2,15.55
40.792729,-73.879044,40.812744,-73.836380,1,12.88
40.872646,-73.996419,40.753675,-74.007000,1,32.17
40.783087,-73.841639,40.839903,-73.743455,1,27.34
40.575544,-73.789591,40.670268,-73.767218,5,33.10
40.572127,-73.939848,40.568272,-73.876375,2,18.89
40.897911,-73.729225,40.886439,-73.954397,1,51.37
40.759078,-73.817451,40.805261,-73.858993,1,17.74
40.771006,-73.755571,40.751355,-73.974917,4,47.74
40.685604,-73.909160,40.726571,-73.895006,1,15.32
40.642210,-73.789125,40.647767,-73.744753,1,14.28
40.855651,-73.936699,40.695724,-73.962123,1,48.48
40.786160,-74.001361,40.731446,-73.861733,1,37.56
40.805155,-73.963368,40.602337,-73.808248,6,68.64
40.673235,-73.720078,40.664595,-73.960363,2,54.60
40.860165,-74.003182,40.747490,-74.021447,1,33.96
40.891795,-73.728887,40.857954,-74.029828,2,62.13
40.657757,-73.977474,40.662685,-73.878114,1,21.68
40.594639,-73.885583,40.744943,-73.914450,5,45.18
40.631729,-73.899650,40.596492,-73.907564,1,10.76
40.835667,-73.834612,40.755715,-73.885627,1,30.19
40.727970,-73.759109,40.873110,-73.732141,3,42.10
40.812372,-73.882852,40.761635,-73.905211,2,16.34
40.725672,-73.779550,40.846439,-73.935932,1,42.78
40.882298,-73.875064,40.795717,-73.890917,1,27.70
40.812395,-73.771854,40.835922,-73.721980,1,13.32
40.804770,-73.892804,40.832399,-73.954601,1,17.01
40.731947,-73.965953,40.724755,-73.906669,2,16.57
40.705175,-73.749832,40.768009,-73.847704,4,31.30
40.670079,-73.873164,40.561620,-73.734208,1,41.43
40.832883,-73.864267,40.744140,-73.964158,2,36.32
40.786158,-73.933538,40.683939,-73.902634,1,32.48
40.622795,-73.720502,40.619533,-73.732597,2,5.50
40.645708,-74.004974,40.565980,-73.819299,1,47.06
40.586638,-73.775054,40.830710,-73.870713,1,75.68
40.866943,-73.791030,40.638713,-73.940736,5,68.50
40.807705,-73.938951,40.688525,-73.747546,2,53.13
40.615672,-73.856397,40.813335,-73.830184,2,54.20
40.752102,-74.016168,40.736109,-73.997524,1,9.06
40.847362,-73.861830,40.817964,-73.738103,2,27.64
40.829694,-73.927056,40.689850,-73.892673,1,41.86
40.776110,-74.016083,40.890067,-73.953441,1,37.80
40.667076,-73.884018,40.676777,-73.857669,1,9.88
40.786648,-73.841876,40.748893,-73.925063,1,21.83
40.845376,-73.807057,40.564619,-73.772277,1,79.50
40.595866,-73.904953,40.658427,-73.883580,1,17.12
40.634864,-73.850928,40.816199,-73.969945,2,52.76
40.786571,-73.946491,40.572349,-73.909166,1,61.73
40.891101,-73.771026,40.693888,-73.812755,3,62.61
40.737197,-73.740585,40.814764,-73.777275,4,25.62
40.768184,-73.797457,40.855019,-73.883917,1,29.81
40.672355,-73.956397,40.620456,-73.771968,2,39.54
40.751018,-73.775242,40.864253,-73.930561,2,48.03
40.867708,-73.790038,40.585744,-73.992832,4,86.29
40.610238,-74.012056,40.661629,-73.926258,4,23.82
40.845139,-73.885920,40.680708,-73.920888,1,47.82
40.780953,-73.830774,40.835143,-73.803772,2,20.43
40.896222,-73.883753,40.715315,-74.010212,2,58.83
40.658828,-73.854903,40.689683,-73.935395,2,21.57
40.795370,-73.722975,40.699096,-73.726192,1,30.34
40.799030,-73.979544,40.571173,-73.944884,1,61.85
40.570487,-74.005744,40.671364,-73.738980,2,63.63
40.583557,-73.772104,40.894728,-73.795235,1,84.91
40.581246,-73.890442,40.719203,-73.981322,2,56.64
40.601702,-73.963777,40.740355,-73.816874,1,46.90
40.739840,-73.722826,40.865440,-73.847770,4,47.77
40.825251,-73.855249,40.737863,-73.772247,1,33.97
40.835205,-73.839322,40.695499,-73.894490,2,42.90
40.659204,-73.887228,40.858449,-73.870052,4,62.76
40.674359,-73.923273,40.570656,-73.832666,3,38.71
40.707984,-73.917772,40.580427,-73.847760,4,41.99
40.822518,-73.865988,40.833049,-73.799984,3,17.65
40.843952,-73.971292,40.691730,-73.846617,1,53.35
40.651241,-73.985421,40.658525,-73.819028,1,37.23
40.724782,-73.749441,40.727370,-73.771296,2,7.39
40.567512,-73.806407,40.693196,-73.983438,1,53.40
40.750250,-73.746056,40.783430,-73.973596,1,51.01
40.818169,-73.722175,40.663927,-73.988211,2,74.82
40.570832,-73.959757,40.785472,-73.940384,3,58.89
40.572692,-73.925258,40.820136,-74.008867,1,77.44
40.774497,-73.825981,40.863539,-73.821537,1,24.24
40.745319,-73.906338,40.740926,-73.741388,1,35.84
40.654740,-73.890389,40.811842,-73.958534,1,45.67
40.575928,-73.785128,40.872693,-73.892116,2,81.03
40.624251,-73.868334,40.681078,-73.967450,1,28.16
40.689647,-73.903181,40.630553,-73.839133,2,24.36
40.757224,-73.820132,40.606567,-73.820550,2,45.59
40.600609,-73.865498,40.778680,-73.728432,1,62.01
40.607290,-73.744652,40.818586,-73.826743,4,61.96
40.686047,-73.928626,40.743426,-73.824178,1,26.02
40.874808,-74.007193,40.815837,-73.820182,1,49.45
40.607057,-73.950433,40.875463,-73.896525,1,77.66
40.854984,-73.869532,40.766715,-73.901135,1,26.72
40.821132,-73.865230,40.811688,-74.023382,2,33.15
40.651425,-73.733078,40.725421,-73.875672,4,36.41
40.826262,-74.009212,40.764611,-73.865193,6,35.60
40.705465,-73.967038,40.650798,-73.962231,1,17.75
40.737670,-73.787992,40.722636,-73.807040,1,10.20
40.821627,-73.841796,40.659233,-73.884642,2,45.16
40.706685,-73.848355,40.731212,-73.746725,6,26.66
40.642952,-73.971525,40.797670,-73.773085,2,56.05
40.701829,-73.810013,40.715634,-73.868797,2,15.41
40.597807,-73.933197,40.611094,-73.912127,1,7.29
40.774388,-73.740654,40.757220,-73.933937,1,46.19
40.894699,-73.892922,40.686246,-73.853239,1,60.30
40.562185,-73.946072,40.869620,-73.949193,1,88.57
40.646224,-73.883282,40.839987,-73.888800,1,52.84
40.673205,-73.813965,40.579727,-74.003312,1,45.81
40.777531,-73.761140,40.671425,-73.795414,1,30.05
40.890345,-73.913472,40.690213,-74.025994,2,63.71
40.844278,-73.819780,40.681920,-73.971137,1,54.64
40.700697,-73.843612,40.649362,-73.792506,4,20.53
40.653040,-73.960643,40.785772,-73.901468,3,42.26
40.692350,-73.766746,40.603983,-73.950115,2,50.41
40.635762,-73.760632,40.562281,-73.768837,1,23.23
40.705219,-73.792723,40.608021,-73.895618,1,32.49
40.609229,-74.020391,40.642190,-73.820757,3,43.42
40.707416,-74.010171,40.834238,-73.839657,2,52.95
40.798879,-73.815505,40.866693,-73.756381,1,21.47
40.706127,-74.014393,40.779432,-73.883365,3,35.21
40.655516,-73.865193,40.824702,-73.751015,1,56.66
40.587579,-73.843180,40.718514,-73.994096,6,50.04
40.843715,-73.724524,40.839440,-73.865969,2,36.95
40.896343,-73.739528,40.623281,-73.842534,4,83.56
40.673777,-74.014487,40.775178,-73.873573,1,40.45
40.796258,-73.902134,40.565869,-73.870214,1,68.67
40.611918,-73.743739,40.576218,-73.846540,1,25.59
40.613224,-73.944470,40.580762,-73.765431,2,41.15
40.690896,-73.917418,40.879350,-73.858213,1,51.89
40.658563,-73.882465,40.679150,-73.870387,1,9.85
40.769082,-73.965167,40.759769,-73.742995,1,45.03
40.750010,-73.798406,40.584570,-74.014890,1,62.13
40.614584,-73.848372,40.652152,-73.754838,4,23.83
40.856244,-73.818638,40.673604,-73.792329,1,81.71
40.675510,-73.946890,40.657206,-74.014332,1,15.58
40.885415,-73.749265,40.714236,-73.971591,2,105.76
40.843265,-73.825303,40.718237,-73.985807,1,45.31
40.828270,-73.978250,40.674430,-73.941960,4,44.75
40.667385,-73.975842,40.780048,-73.826663,3,47.24
40.761570,-73.930956,40.792323,-73.825260,1,25.76
40.812442,-73.817755,40.572451,-73.978738,1,72.52
40.589963,-73.973661,40.682755,-73.819291,1,37.33
40.858323,-74.025753,40.822911,-73.915964,3,25.37
40.813380,-73.793843,40.654487,-73.926812,2,53.96
40.563095,-73.916608,40.623758,-73.773941,1,36.62
40.676309,-73.857352,40.708281,-73.827581,1,12.60
40.622288,-73.972479,40.583836,-73.848084,2,25.65
40.699302,-73.788973,40.726326,-73.768905,1,8.34
40.667964,-73.845990,40.827143,-73.781922,1,43.81
40.611183,-73.831344,40.719172,-73.903320,1,33.10
40.585673,-73.944355,40.835847,-73.867427,2,66.64
40.674258,-73.988284,40.624947,-73.855712,2,31.75
40.611786,-73.978733,40.652021,-73.728814,3,58.01
40.663078,-73.796763,40.837007,-73.783115,5,49.26
40.624560,-73.819142,40.859323,-73.926593,3,71.84
40.612529,-73.823327,40.752186,-73.999467,4,61.39
40.660119,-73.789887,40.634140,-73.808444,2,11.41
40.717344,-73.833564,40.735650,-73.793290,1,12.04
40.828183,-73.841549,40.744541,-73.842350,1,28.10
40.637738,-73.926563,40.780941,-73.930858,1,39.35
40.700678,-73.931223,40.891201,-73.842821,3,53.57
40.635159,-73.951624,40.566258,-73.749959,2,45.19
40.740258,-73.792149,40.750029,-74.025039,3,47.21
40.763550,-73.748749,40.688692,-73.988967,2,51.59
40.596437,-73.735133,40.773043,-73.967842,3,70.54
40.777486,-73.911832,40.583135,-73.866627,1,55.49
40.764141,-74.009207,40.592000,-73.773567,1,72.46
40.752120,-74.019538,40.591465,-73.738987,2,80.74
40.685531,-73.754934,40.699007,-73.766063,5,10.28
40.684591,-74.012404,40.799809,-73.789361,1,60.07
40.563917,-73.818200,40.761092,-73.802140,1,54.25
40.864494,-73.738267,40.727655,-73.911207,2,57.96
40.565110,-73.733248,40.843053,-73.933829,1,87.53
40.565598,-73.721098,40.815353,-73.944285,2,81.90
40.804635,-73.906006,40.695215,-74.025570,3,41.19
40.598326,-73.805787,40.843399,-73.850401,2,78.15
40.876835,-73.877305,40.628390,-73.720025,1,75.21
40.617418,-73.869733,40.602608,-73.937091,1,16.11
40.626537,-73.958439,40.649344,-73.893625,2,15.76
40.838942,-73.801991,40.740928,-73.733020,2,49.87
40.564860,-73.792279,40.768626,-73.865568,2,56.09
40.734160,-73.723456,40.726208,-73.973542,5,51.71
40.853019,-73.957681,40.664897,-73.733790,1,67.38
40.585402,-74.003451,40.809637,-73.775323,1,85.65
40.770309,-73.870751,40.789606,-74.014363,1,32.58
40.599620,-73.796372,40.875258,-73.834518,1,75.89
40.587055,-73.817929,40.601330,-73.968359,2,32.40
40.565678,-73.720176,40.793901,-73.777138,1,60.31
40.719591,-73.767432,40.852657,-73.880757,1,44.89
40.847406,-73.911978,40.823983,-73.736353,1,41.05
40.688056,-73.986944,40.886913,-73.823507,3,63.44
40.813529,-73.797878,40.724581,-73.772145,1,25.81
40.826228,-73.748829,40.650350,-73.975724,2,72.38
40.635699,-73.872775,40.698160,-73.951526,1,26.11
40.703932,-73.964303,40.853873,-73.822588,1,51.57
40.726304,-73.833063,40.862721,-73.847492,1,37.11
40.698965,-73.858413,40.560107,-73.822539,1,37.26
40.752982,-74.005626,40.569013,-73.869641,1,64.75
40.792646,-73.796157,40.646469,-73.726922,2,43.52
40.818129,-73.994936,40.600463,-73.818329,1,73.82
40.707733,-73.935226,40.675970,-73.909525,2,13.51
40.799746,-74.028800,40.800114,-73.774838,1,53.42
40.729011,-73.741166,40.816782,-73.762852,3,27.91
40.635757,-73.780920,40.742189,-73.829431,2,32.38
40.754446,-73.743197,40.749791,-73.839016,1,21.31
40.667011,-73.967274,40.570729,-73.811580,2,44.79
40.773029,-73.836404,40.713065,-73.854736,1,38.59
40.854891,-73.726372,40.882890,-73.906120,3,35.54
40.600269,-74.029892,40.833005,-73.971689,2,66.67
40.853081,-73.787426,40.820807,-73.786910,1,13.12
40.820520,-73.753822,40.888611,-73.768035,1,23.69
40.597225,-73.914367,40.714548,-73.814519,1,39.24
40.597120,-73.947311,40.894911,-73.764916,1,95.07
40.763443,-73.892591,40.569247,-73.733974,1,61.29
40.699559,-73.743944,40.564994,-73.828237,3,43.05
40.823783,-73.778758,40.781086,-73.724051,5,19.16
40.852751,-73.731420,40.714881,-73.911384,2,58.89
40.837135,-73.885951,40.686093,-73.944841,1,44.26
40.628248,-73.887196,40.622710,-73.908597,1,7.22
40.638707,-73.984591,40.616517,-73.737831,2,48.60
40.619008,-73.743120,40.606445,-73.911106,2,37.36
40.626687,-73.959735,40.642494,-73.822203,3,30.99
40.685911,-73.749150,40.795001,-73.833681,2,37.14
40.630650,-73.964900,40.778836,-73.744166,1,62.33
40.639504,-73.847402,40.705322,-73.743020,1,31.29
40.772702,-73.823557,40.820340,-73.791550,2,19.78
40.616889,-73.876279,40.603182,-74.023835,4,36.60
40.697366,-73.817286,40.821205,-73.820064,1,38.87
40.564420,-74.002171,40.652528,-73.858103,1,41.42
40.762508,-73.927384,40.884715,-73.860042,3,41.84
40.776942,-74.016915,40.685418,-73.857497,2,43.64
40.565845,-73.825124,40.886887,-73.969112,1,94.61
40.729344,-73.745717,40.721121,-73.793932,1,13.67
40.650186,-73.739144,40.811231,-73.776532,1,48.52
40.632109,-73.734427,40.591181,-73.901532,3,34.98
40.899069,-73.785648,40.610752,-73.890118,1,88.01
40.587061,-73.967264,40.882297,-73.744255,4,103.76
40.820718,-73.795524,40.858687,-73.912502,5,28.40
40.839184,-73.946163,40.638915,-73.762321,1,67.83
40.578226,-73.871667,40.791812,-73.960069,3,66.21
40.775056,-73.965810,40.832193,-73.892540,5,24.56
40.879865,-73.761256,40.703219,-73.818312,2,51.58
40.602512,-73.898871,40.820814,-73.967365,1,67.46
40.756553,-73.742654,40.629648,-74.005282,1,65.45
40.835592,-73.783103,40.862414,-73.801100,1,10.12
40.792906,-73.970756,40.744241,-73.842654,2,33.16
40.878070,-73.848903,40.663266,-73.724010,3,66.64
40.685779,-74.004509,40.697278,-73.834392,1,41.53
40.676630,-73.808920,40.769358,-74.027173,2,48.49
40.675634,-73.932517,40.831027,-73.732024,2,62.80
40.869156,-73.981109,40.891080,-73.899693,3,20.73
40.668044,-73.796009,40.647439,-73.949126,2,30.70
40.884155,-73.739241,40.627731,-74.024721,4,91.74
40.761816,-73.992910,40.571179,-73.746805,1,75.54
40.895576,-73.750981,40.635081,-73.776881,1,76.67
40.580591,-73.887016,40.698178,-73.926888,2,37.36
40.584868,-73.827645,40.622583,-73.818060,1,11.62
40.823146,-73.742179,40.643214,-73.914338,1,58.26
40.812841,-73.736224,40.633521,-73.843459,2,62.75
40.872529,-73.970707,40.895673,-73.720951,1,53.33
40.763221,-73.840654,40.856716,-73.894327,1,28.05
40.710274,-73.882577,40.865300,-74.004456,1,50.70
40.598205,-73.988449,40.797848,-73.897384,1,61.70
40.688607,-74.004641,40.686907,-73.898594,2,22.56
40.731158,-73.825136,40.629831,-73.997579,2,50.12
40.621803,-73.969084,40.891292,-74.026322,1,72.46
40.696303,-73.925353,40.664463,-73.870991,1,17.89
40.816238,-74.000253,40.583696,-73.876600,1,70.40
40.895641,-73.803872,40.733687,-73.720134,1,52.15
40.862473,-74.010609,40.565336,-74.010444,1,75.15
40.638058,-73.973650,40.806368,-73.728414,5,78.05
40.632094,-73.935242,40.885620,-73.867294,3,71.97
40.808085,-73.957635,40.886362,-73.762283,1,48.12
40.671943,-73.967035,40.895886,-73.768948,1,77.26
40.608987,-73.889589,40.806518,-73.816355,2,56.79
40.572478,-73.896824,40.662855,-73.868712,1,26.07
40.802639,-74.014396,40.628927,-74.010383,2,46.88
40.791762,-74.015863,40.892581,-73.827162,4,48.45
40.729269,-74.007761,40.747267,-73.778868,1,46.62
40.866665,-74.010918,40.774328,-73.930833,2,32.18
40.892314,-73.721406,40.650066,-73.890988,2,82.38
40.808834,-73.963358,40.799876,-74.026955,4,16.26
40.767358,-73.963306,40.711915,-73.843807,2,27.81
40.661255,-74.003296,40.607113,-73.866207,1,35.31
40.565997,-74.010278,40.890186,-73.914970,4,89.74
40.866898,-73.934060,40.857661,-73.815528,1,25.27
40.591618,-73.723555,40.782390,-73.883553,4,65.88
40.588177,-74.005106,40.795179,-73.887237,2,61.67
40.734579,-73.902645,40.594399,-73.950893,1,41.13
40.784597,-73.900017,40.866341,-73.810924,1,29.73
40.574038,-73.991323,40.653508,-73.872904,1,32.02
40.726011,-73.778740,40.623311,-74.003109,1,53.03
40.824952,-73.773025,40.625673,-73.753181,1,54.75
40.799596,-73.918505,40.866207,-73.850114,1,26.34
40.778805,-73.939968,40.799586,-73.955993,1,8.01
40.887482,-73.933354,40.661288,-73.815824,1,67.66
40.694880,-73.928153,40.786651,-73.945279,2,27.44
40.785525,-73.873391,40.619169,-73.984638,2,51.94
40.587497,-73.774907,40.579439,-73.901145,2,31.38
40.617203,-73.948404,40.608754,-74.027229,1,19.16
40.816153,-73.983176,40.871085,-73.731657,4,51.45
40.754504,-73.997677,40.636108,-73.833457,2,50.31
40.688227,-73.755934,40.750416,-73.828302,1,27.33
40.815056,-73.979056,40.874544,-74.006194,1,22.83
40.729865,-73.825756,40.795507,-74.018607,1,42.26
40.720436,-73.845484,40.567737,-73.887210,2,45.59
40.588027,-73.764010,40.762150,-73.974713,2,65.60
40.894864,-73.983994,40.759822,-73.878316,2,46.08
40.588154,-73.936279,40.629409,-73.794022,2,54.97
40.682164,-73.750177,40.562500,-73.722600,4,39.31
40.788226,-73.889535,40.670076,-73.987778,1,35.51
40.693278,-73.979052,40.618981,-73.756518,1,51.19
40.852573,-74.021957,40.572427,-73.875052,1,85.57
40.878715,-73.896412,40.834387,-73.948017,1,16.63
40.661269,-73.921590,40.577948,-73.855413,2,29.83
40.610902,-73.853881,40.769018,-73.736296,1,93.65
40.828792,-73.902593,40.886857,-73.834007,1,19.52
40.734193,-73.929606,40.729957,-73.948400,2,6.91
40.878433,-73.911502,40.778835,-73.848889,4,29.88
40.593140,-73.760980,40.865749,-74.026938,4,95.23
40.805609,-73.928676,40.705528,-73.867117,3,34.38
40.721036,-73.832244,40.627203,-73.911151,4,36.90
40.757614,-73.846800,40.883850,-73.800597,2,38.51
40.623466,-73.958305,40.759471,-73.799144,2,55.54
40.651388,-73.981281,40.589446,-73.964792,2,20.14
40.608726,-73.815257,40.640337,-73.796948,1,10.69
40.730344,-73.811068,40.633523,-73.898744,1,31.01
40.732282,-73.843152,40.610199,-73.967928,1,45.61
40.593256,-74.018465,40.725845,-73.919490,3,44.03
40.575528,-73.915058,40.634442,-73.939254,1,18.07
40.637671,-73.724636,40.699398,-74.024940,2,66.19
40.720156,-73.833607,40.624323,-73.945120,3,38.35
40.618395,-73.895663,40.650553,-74.012084,2,28.02
40.582112,-73.880359,40.734905,-73.738037,4,49.49
40.621086,-73.876831,40.835104,-73.746773,1,65.59
40.791004,-73.985341,40.818971,-73.998989,2,10.04
40.887095,-73.858599,40.693661,-73.817487,2,53.73
40.810666,-73.819264,40.659864,-73.852676,1,46.01
40.851345,-73.838262,40.783902,-73.912158,4,26.08
40.707083,-73.747314,40.791111,-73.980736,1,59.92
40.754705,-73.809468,40.814404,-73.986611,2,38.17
40.715104,-74.012960,40.899342,-73.967144,4,55.54
40.804629,-73.922498,40.761794,-73.980923,3,20.75
40.711475,-74.009575,40.623308,-73.929930,1,36.84
40.866329,-74.010893,40.823163,-73.784744,5,53.11
40.615974,-73.879566,40.574308,-73.911935,1,15.34
40.581385,-73.817240,40.738279,-73.787842,3,46.56
40.583310,-73.730609,40.838365,-73.746415,4,139.56
40.733684,-73.751968,40.733789,-73.903696,1,33.64
40.722323,-73.998136,40.732960,-73.787623,1,43.38
40.680582,-73.767255,40.640372,-73.852670,2,21.64
40.709631,-73.997492,40.735554,-73.951899,1,15.11
40.823713,-73.756532,40.732686,-73.907251,1,42.50
40.695123,-73.870509,40.782186,-73.827311,1,27.81
40.864445,-73.727355,40.807545,-73.750003,2,18.97
40.576029,-73.865080,40.576085,-73.843037,2,4.92
40.644451,-73.928352,40.816936,-73.954242,2,51.26
40.707191,-73.780322,40.630181,-73.948119,1,44.78
40.611086,-73.864931,40.693849,-73.777109,3,31.71
40.597947,-73.776881,40.669543,-73.912412,2,28.58
40.651846,-73.810748,40.841625,-73.980863,1,68.99
40.659179,-73.980782,40.850883,-73.774261,2,70.13
40.757111,-73.876097,40.575826,-73.776423,1,55.83
40.627116,-73.724546,40.704773,-73.905171,2,44.74
40.664611,-73.808534,40.870262,-73.771162,1,58.65
40.772335,-73.954250,40.566523,-73.740830,1,70.62
40.819750,-73.842268,40.641138,-73.843757,1,49.99
40.785286,-73.909286,40.773504,-73.841466,1,13.78
40.786190,-74.007349,40.836849,-73.888609,3,29.77
40.633856,-73.969221,40.744422,-73.854110,1,41.69
40.738528,-73.845749,40.695991,-74.007947,1,42.65
40.571965,-73.926437,40.754726,-73.757955,3,67.26
40.743513,-73.819091,40.598745,-73.839514,1,39.66
40.686871,-74.003983,40.772383,-74.011598,1,23.36
40.721074,-74.006381,40.756922,-73.853602,2,36.77
40.800136,-73.866215,40.707683,-73.730704,5,40.47
40.806777,-73.981152,40.570615,-73.746109,1,81.83
40.680080,-73.861664,40.672365,-73.750237,1,26.36
40.756126,-73.982216,40.757191,-73.872437,1,22.23
40.810647,-73.805340,40.819019,-74.026160,3,51.41
40.609658,-73.950903,40.672716,-73.726420,1,53.05
40.686602,-73.749201,40.779278,-73.768716,3,28.24
40.872622,-73.962570,40.637089,-74.028333,4,64.32
40.778099,-73.873360,40.566554,-74.007780,1,67.36
40.896918,-73.734417,40.827667,-73.942348,5,49.31
40.724926,-73.773399,40.766570,-73.751909,1,13.47
40.797212,-73.845806,40.576176,-73.774244,1,62.55
40.776116,-73.969097,40.709942,-73.940375,1,22.99
40.645656,-73.766288,40.743596,-73.932172,2,43.00
40.765135,-73.958671,40.675661,-73.925041,1,22.96
40.583794,-73.749502,40.714489,-73.860260,1,45.05
40.881560,-74.028448,40.631030,-73.723318,4,158.70
40.683816,-73.847317,40.710738,-73.901068,1,14.69
40.629904,-73.752396,40.845530,-74.015719,1,81.41
40.820196,-73.889864,40.783850,-73.966766,1,35.90
40.752721,-73.882268,40.639657,-74.018941,1,41.83
40.683917,-73.777620,40.834804,-73.763510,1,40.01
40.860906,-73.794099,40.729477,-73.894975,2,40.10
40.888500,-73.996149,40.648043,-73.734158,1,86.06
40.659941,-73.983531,40.585354,-73.867378,1,36.78
40.739427,-73.768554,40.815028,-73.781942,1,22.81
40.816238,-73.961897,40.620301,-73.836632,1,63.69
40.888757,-73.990699,40.640002,-73.836074,1,74.03
40.617191,-73.802921,40.829426,-73.803206,1,57.17
40.749415,-73.875031,40.791872,-73.727615,2,33.56
40.659614,-73.902242,40.844829,-73.888378,1,45.92
40.803571,-73.839063,40.781535,-73.969060,3,30.49
40.728255,-74.029468,40.615370,-73.860165,2,52.31
40.720181,-73.751648,40.732345,-73.835488,3,20.01
40.689651,-73.859095,40.682060,-73.749722,1,26.20
40.832252,-73.737185,40.674194,-73.847030,1,49.48
40.769375,-73.882301,40.612666,-74.003127,1,49.34
40.857134,-73.819918,40.565945,-74.015246,1,88.80
40.734744,-73.781277,40.670240,-73.831564,1,19.97
40.701692,-73.815169,40.804077,-73.745006,1,33.82
40.640704,-73.922885,40.835906,-73.805856,1,59.07
40.670607,-73.964885,40.593781,-73.997406,1,24.38
40.664819,-73.960382,40.880133,-73.981751,1,59.30
40.702448,-74.015802,40.785293,-74.008879,5,25.37
40.647784,-73.889598,40.671797,-73.925257,1,12.56
40.784593,-73.858364,40.617327,-73.843613,1,51.35
40.567416,-73.894942,40.735910,-73.947900,2,52.12
40.596114,-73.951750,40.696589,-73.994360,4,32.40
40.826401,-73.874236,40.725893,-73.738134,3,42.54
40.849939,-73.774372,40.769904,-74.018032,1,55.33
40.891819,-74.021867,40.847666,-74.005328,1,14.37
40.864321,-73.736441,40.578182,-73.970418,1,87.75
40.820145,-73.728472,40.797912,-73.899933,2,39.17
40.658989,-73.922233,40.839545,-74.005010,2,55.25
40.741697,-73.952642,40.845698,-73.819200,2,44.23
40.698198,-73.768689,40.699776,-73.947666,1,38.53
40.819267,-73.762778,40.694751,-73.978507,1,53.48
40.667784,-73.924684,40.791964,-73.854173,5,39.71
40.797117,-73.908519,40.764294,-73.922055,2,12.67
40.830812,-73.760290,40.774536,-73.953323,2,45.27
40.872475,-74.019493,40.750397,-73.733596,1,70.45
40.643798,-73.892085,40.875606,-73.967810,2,74.03
40.650396,-73.822182,40.746933,-74.009238,3,46.74
40.805879,-73.740589,40.848822,-73.808041,1,17.56
40.758299,-74.027359,40.749369,-73.940223,2,20.76
40.803622,-73.762240,40.869337,-73.922453,1,37.58
40.770506,-73.872490,40.676287,-73.753964,2,36.06
40.829742,-73.909850,40.568119,-73.807011,1,73.78
40.611518,-73.914591,40.875246,-74.028886,2,75.62
40.674712,-73.940494,40.593317,-73.929543,2,23.24
40.695260,-73.942461,40.637404,-73.942161,2,18.15
40.769125,-73.890694,40.564119,-74.004413,2,59.41
40.617816,-74.023994,40.667563,-73.991701,2,19.90
40.781095,-73.979102,40.691222,-73.793143,1,45.68
40.705137,-73.933781,40.801363,-73.792475,1,37.96
40.617765,-73.932697,40.781754,-73.939719,3,46.49
40.632065,-73.782030,40.598867,-73.726654,2,15.30
40.579585,-73.865147,40.657017,-73.996296,1,35.91
40.740180,-73.731219,40.776874,-73.864541,2,30.72
40.622791,-73.894940,40.752630,-73.998846,1,48.14
40.720485,-73.874995,40.562094,-74.025313,1,48.89
40.677097,-73.759863,40.655582,-73.744532,2,7.63
40.598175,-74.009790,40.654577,-73.831064,1,43.98
40.859778,-74.002388,40.863377,-73.998385,1,2.89
40.587405,-73.818635,40.748402,-73.744153,2,49.25
40.674520,-73.935943,40.619961,-73.763165,2,42.09
40.667136,-74.009901,40.597748,-73.891675,3,35.91
40.810615,-73.842786,40.868981,-73.932590,1,29.55
40.727235,-73.899874,40.632056,-74.006063,1,39.69
40.754154,-73.994003,40.564667,-74.029999,1,54.37
40.861353,-73.729768,40.713458,-73.909269,2,58.42
40.830622,-73.735335,40.794981,-73.909949,1,57.14
40.614561,-73.844623,40.680983,-73.894792,2,25.33
40.892018,-73.842638,40.607968,-74.005421,2,84.79
40.571208,-73.773753,40.765621,-73.981202,1,70.27
40.837076,-73.872432,40.650914,-73.813933,1,50.08
40.853919,-74.020896,40.810414,-73.835957,1,42.84
40.668829,-73.935837,40.749705,-73.928491,2,19.86
40.776383,-73.956954,40.587486,-73.860871,2,54.32
40.861699,-73.892771,40.854753,-73.863121,1,10.76
40.786504,-73.875983,40.830522,-73.769595,2,26.86
40.680034,-73.875762,40.707037,-73.833583,1,15.14
40.852113,-73.730548,40.631439,-73.828167,1,63.58
40.753207,-73.891159,40.789783,-74.019534,1,31.51
40.734843,-73.836754,40.604286,-73.845008,1,33.84
40.794036,-73.840686,40.604992,-73.727786,2,56.93
40.718257,-73.960159,40.722354,-73.837825,1,22.93
40.724545,-73.744844,40.589944,-73.727428,4,37.18
40.776783,-73.991295,40.885939,-74.001807,1,33.78
40.601521,-73.860412,40.823680,-73.913451,1,60.35
40.819228,-73.920766,40.588689,-73.922572,1,62.31
40.599715,-73.794980,40.709665,-73.741178,2,31.40
40.778981,-73.841084,40.706057,-73.861929,2,22.31
40.899707,-73.895974,40.863824,-73.826212,1,22.32
40.649208,-73.748333,40.780263,-73.961518,4,58.90
40.855518,-73.752253,40.587834,-73.772051,3,75.38
40.792464,-73.984304,40.692999,-73.807142,3,48.85
40.651171,-73.881030,40.701869,-74.022318,3,35.10
40.700562,-73.917300,40.664881,-73.786887,2,32.76
40.837046,-73.945673,40.780108,-73.810827,1,37.56
40.895785,-73.762404,40.624184,-73.947687,1,84.94
40.651087,-74.027198,40.725355,-73.994832,2,25.50
40.838248,-73.726054,40.882034,-73.869216,2,36.12
40.797629,-73.729294,40.746389,-74.002750,1,55.59
40.637481,-73.979767,40.729389,-73.912773,1,31.24
40.822811,-73.829950,40.744605,-73.954033,1,32.15
40.587392,-73.902667,40.777331,-73.886387,1,54.82
40.885519,-73.960903,40.628579,-73.991328,1,67.88
40.895060,-74.024220,40.670095,-73.867370,4,134.19
40.790616,-73.804598,40.852044,-73.800692,1,19.23
40.781876,-73.913452,40.582887,-74.020275,2,60.17
40.841255,-73.909841,40.764184,-73.803606,1,32.52
40.894680,-73.765909,40.581452,-74.029423,1,109.17
40.635620,-73.783542,40.681673,-73.849036,1,19.40
40.886916,-73.793928,40.613290,-73.984613,1,83.87
40.700598,-73.874411,40.834084,-73.720119,3,49.25
40.614426,-73.932869,40.624325,-74.021412,2,19.81
40.760146,-73.736552,40.687907,-73.840069,2,30.30
40.838980,-73.815924,40.898488,-73.881644,2,23.49
40.577716,-73.846176,40.757604,-74.023592,3,62.02
40.895537,-73.755247,40.726531,-74.016944,2,70.31
40.736748,-73.909227,40.776136,-73.886199,4,16.78
40.677238,-73.941133,40.708560,-73.729995,2,47.08
40.797557,-73.751567,40.798482,-73.829571,1,18.65
40.837915,-73.907840,40.686462,-73.995163,1,48.04
40.741078,-73.767180,40.595096,-73.837833,2,46.89
40.652865,-73.779156,40.895449,-73.967880,3,82.12
40.707558,-73.799095,40.593947,-73.922837,2,44.17
40.617119,-73.766066,40.743923,-73.960817,1,50.84
40.645281,-73.968821,40.725474,-73.937652,1,22.76
40.645039,-73.853574,40.581799,-73.867322,1,21.25
40.659572,-73.720879,40.886112,-73.773301,4,68.59
40.872265,-73.852840,40.695394,-74.027363,1,68.13
40.610941,-73.761881,40.786647,-73.796413,1,48.93
40.631583,-73.824929,40.691453,-73.937319,1,55.35
40.615199,-73.983134,40.628533,-73.954360,4,11.22
40.655697,-73.825186,40.836270,-73.857569,2,48.38
40.686389,-74.009775,40.630444,-73.919588,1,27.86
40.597012,-73.739993,40.685808,-73.940430,3,51.25
40.774544,-73.790966,40.784977,-73.839488,1,12.23
40.859429,-73.978189,40.765441,-73.740772,1,55.92
40.562865,-74.019832,40.849171,-73.860095,2,83.47
40.575955,-73.995215,40.625419,-73.979356,1,14.72
40.614084,-74.015915,40.761253,-73.798004,1,63.05
40.719419,-73.789309,40.814244,-73.811319,3,33.26
40.753170,-73.785369,40.589882,-73.940388,1,54.07
40.710728,-73.869446,40.781451,-74.001654,4,36.50
40.779151,-73.736213,40.888054,-73.753614,1,33.57
40.878163,-73.882383,40.862027,-73.755742,2,24.09
40.683748,-73.884334,40.589394,-73.968956,1,32.64
40.654208,-73.794912,40.655131,-73.940320,3,31.60
40.824037,-73.827069,40.782209,-73.946131,2,31.23
40.631913,-73.884760,40.833731,-73.763262,1,68.94
40.678522,-73.908585,40.708505,-73.844249,1,17.65
40.838766,-73.721190,40.582393,-73.851319,1,73.94
40.748358,-73.924963,40.568889,-73.851564,2,52.18
40.692650,-73.760131,40.754972,-73.943615,2,43.95
40.599880,-73.855550,40.597645,-73.761492,1,19.82
40.827723,-73.998352,40.879860,-73.802502,1,42.81
40.672859,-73.785418,40.697357,-73.942128,3,66.79
40.895142,-73.796152,40.609691,-73.919064,1,86.63
40.660803,-73.996666,40.705937,-73.830838,1,35.12
40.732458,-73.737249,40.579166,-73.856232,1,48.92
40.593468,-73.934435,40.562134,-73.952307,1,11.92
40.721762,-73.984393,40.749551,-73.960328,1,9.04
40.816170,-73.752933,40.632004,-73.904824,3,64.29
40.772481,-73.876577,40.773244,-74.020246,1,33.59
40.747697,-73.783647,40.815615,-73.734495,2,24.08
40.728115,-73.865691,40.887860,-73.867022,5,48.44
40.579469,-73.831879,40.567117,-73.725191,2,25.55
40.665068,-73.956094,40.801848,-73.899807,4,42.27
40.708668,-73.991007,40.797083,-74.003385,4,26.14
40.873928,-73.992618,40.720014,-74.015604,2,45.04
40.706045,-73.873250,40.839403,-73.745475,5,50.20
40.753140,-73.791544,40.842886,-73.721469,2,29.61
40.681879,-73.839086,40.604771,-73.726496,1,27.21
40.893623,-73.819639,40.873957,-73.796676,2,9.89
40.629183,-73.939750,40.807665,-73.950031,1,52.30
40.631253,-73.797827,40.742741,-73.769577,1,30.67
40.619251,-73.808288,40.714671,-73.786662,1,24.32
40.589142,-73.867228,40.580284,-73.893364,1,8.65
40.827253,-73.844321,40.773546,-73.812669,4,18.96
40.608167,-73.825028,40.579616,-73.824179,1,7.94
40.586049,-73.900790,40.850510,-73.978011,4,76.67
40.802443,-73.941815,40.823569,-73.792799,5,34.18
40.688769,-73.807286,40.788449,-73.911314,1,35.84
40.804848,-73.862565,40.677643,-73.932521,6,38.31
40.867915,-73.905781,40.724916,-73.812446,2,47.48
40.877252,-73.822540,40.714990,-73.865295,2,47.03
40.756666,-73.787116,40.710322,-73.994121,2,50.61
40.660066,-73.856776,40.598073,-73.964642,1,27.38
40.829776,-73.814558,40.869120,-73.748594,1,17.72
40.572515,-73.963574,40.652264,-73.802817,2,43.04
40.799077,-73.764345,40.744529,-73.864063,1,25.63
40.662458,-73.835933,40.694495,-73.889658,4,17.07
40.767868,-73.784790,40.593149,-73.852819,2,51.23
40.591905,-73.886434,40.643051,-73.996855,4,29.63
40.768612,-73.981079,40.865508,-73.943109,1,27.57
40.759433,-73.983791,40.856395,-73.989456,1,54.93
40.880072,-73.891318,40.569596,-73.981314,3,87.52
40.718551,-73.964025,40.746213,-73.980364,1,19.02
40.726481,-73.747187,40.820241,-73.934929,1,45.65
40.569723,-73.813051,40.893136,-73.959048,1,91.38
40.697433,-73.819151,40.780294,-74.006446,2,46.81
40.628118,-73.947793,40.686406,-73.894979,2,22.95
40.781888,-73.946700,40.798936,-74.004632,3,15.10
40.664689,-74.029069,40.813907,-73.962911,3,41.80
40.867762,-73.802071,40.769772,-73.983576,2,77.93
40.838003,-73.998921,40.620004,-73.945100,1,60.50
40.860802,-73.800445,40.633741,-73.948598,2,73.20
40.751770,-74.020248,40.646838,-73.803705,1,52.98
40.809882,-73.873690,40.784131,-73.961410,2,20.17
40.614390,-73.757827,40.581661,-73.721858,3,12.09
40.890957,-73.778387,40.727634,-73.934765,2,55.94
40.825382,-74.016177,40.583530,-73.749121,2,92.13
40.796670,-73.989315,40.627525,-73.752140,2,72.09
40.785577,-73.810750,40.862855,-73.729060,2,30.19
40.730354,-73.863559,40.739310,-73.861775,3,5.73
40.617598,-73.859702,40.635023,-73.841687,1,7.85
40.812921,-73.849776,40.758508,-73.950260,1,23.94
40.744785,-73.932560,40.589419,-73.959521,1,46.09
40.848559,-73.837712,40.772088,-73.966689,1,36.44
40.802368,-73.950235,40.587289,-74.014895,2,62.64
40.894214,-73.879415,40.732572,-73.751086,5,54.65
40.789360,-73.987848,40.834251,-73.980721,4,15.01
40.581001,-73.877807,40.899701,-73.978159,2,92.96
40.669871,-73.897609,40.619143,-74.029948,1,31.60
40.645436,-73.926111,40.696680,-73.847412,5,28.08
40.596400,-73.771728,40.572134,-73.959476,4,46.63
40.640028,-73.898700,40.807315,-73.890042,1,45.83
40.830745,-73.992731,40.878429,-73.930728,1,21.39
40.844355,-73.823819,40.639599,-73.740524,2,60.58
40.634790,-73.847741,40.861361,-73.854032,2,68.65
40.599471,-73.824751,40.579360,-73.979691,5,39.50
40.589054,-73.876421,40.887476,-74.017364,1,81.38
40.886502,-73.967485,40.709728,-73.749182,1,67.57
40.619166,-73.860468,40.663416,-73.741434,1,28.48
40.866090,-73.748717,40.565047,-73.858104,2,87.69
40.813190,-73.927481,40.697949,-73.750661,2,50.71
40.602908,-73.757925,40.895895,-73.737218,1,80.51
40.867734,-74.015197,40.873766,-73.794561,1,44.53
40.721330,-73.813688,40.708008,-73.911636,4,22.16
40.875295,-73.974099,40.819460,-73.755760,1,48.49
40.633627,-73.880632,40.805314,-73.967768,1,49.62
40.764975,-73.957414,40.639695,-74.005004,1,36.46
40.888070,-73.800568,40.864084,-73.861673,1,15.84
40.730168,-73.911170,40.678289,-73.855543,2,19.10
40.796175,-73.774171,40.703666,-73.952630,1,44.33
40.667070,-73.839615,40.702700,-73.725895,1,25.50
40.783727,-73.736525,40.848078,-73.743055,2,20.09
40.769361,-73.976601,40.722807,-73.885300,3,24.14
40.736875,-73.859874,40.563114,-73.756360,1,92.34
40.861414,-73.727885,40.873500,-73.800551,2,18.00
40.884419,-73.769830,40.774796,-73.950760,1,49.58
40.695421,-73.845041,40.802812,-74.002453,1,45.04
40.569960,-73.950111,40.767615,-73.883453,4,52.67
40.687714,-73.975845,40.576867,-73.819403,3,39.75
40.613315,-73.784821,40.855799,-73.915943,3,77.60
40.603471,-73.833180,40.653039,-73.751543,1,26.97
40.884466,-73.851561,40.656355,-73.781029,4,65.57
40.725105,-73.888459,40.723917,-73.988020,3,24.11
40.834251,-74.003678,40.742768,-73.979102,3,29.39
40.618131,-73.832883,40.573243,-74.028229,1,46.53
40.762177,-73.731094,40.696014,-73.991145,1,57.83
40.886378,-73.852285,40.710837,-74.021883,1,62.43
40.810099,-73.950754,40.723368,-73.877315,4,28.57
40.718133,-73.772330,40.621820,-73.895223,2,39.80
40.647616,-73.905437,40.699215,-73.965782,6,22.49
40.569386,-73.934087,40.870624,-73.831906,2,87.27
40.856294,-73.887019,40.853096,-73.766336,2,27.81
40.733134,-73.765491,40.891139,-73.976060,3,61.20
40.589160,-73.725046,40.791882,-73.963760,4,77.79
40.711951,-73.763492,40.715448,-73.740850,1,7.19
40.789167,-74.027565,40.765078,-74.027083,5,11.36
40.654868,-73.951625,40.870591,-74.022084,1,61.62
40.713088,-73.881303,40.758556,-74.016825,1,32.11
40.898436,-73.836261,40.766341,-73.983041,3,52.70
40.867862,-73.962932,40.854089,-73.881112,1,20.91
40.834674,-73.938402,40.840414,-73.955937,1,5.62
40.756828,-73.989413,40.719195,-74.024685,6,14.29
40.586973,-73.936288,40.836954,-73.789068,6,75.50
40.732384,-73.815596,40.729168,-73.953257,3,32.34
40.599652,-73.847902,40.791152,-73.937207,1,56.27
40.786735,-73.821651,40.854364,-73.786409,2,22.34
40.810875,-73.910937,40.650251,-73.731742,2,58.61
40.682654,-73.832134,40.841551,-73.786894,1,46.73
40.747257,-73.793218,40.596841,-73.986042,1,54.27
40.565259,-73.724442,40.841206,-73.780604,2,131.36
40.620527,-74.029831,40.610795,-74.019091,2,8.87
40.783209,-73.738683,40.686820,-73.932697,1,53.45
40.635760,-73.850062,40.586199,-73.838223,1,16.45
40.848012,-73.850375,40.888400,-73.876922,1,15.52
40.860368,-73.928507,40.671991,-73.735632,4,72.71
40.744997,-73.937006,40.681564,-73.805345,2,33.93
40.705739,-74.006006,40.787970,-73.737271,1,62.42
40.838212,-73.765316,40.661627,-73.916276,5,55.59
40.823181,-73.803554,40.782758,-73.763810,1,16.30
40.773775,-73.780460,40.641437,-74.000734,1,60.94
40.885256,-73.831888,40.808477,-73.848318,1,25.55
40.874197,-73.804006,40.892600,-73.883299,1,20.85
40.834114,-73.912531,40.712078,-73.916540,1,33.13
40.697678,-73.997657,40.638101,-73.845654,1,35.11
40.735511,-73.982108,40.782427,-73.818670,6,40.92
40.870763,-73.943440,40.862384,-73.866397,1,19.61
40.738113,-73.725200,40.816325,-73.822856,2,33.50
40.863796,-73.796476,40.605294,-73.737940,1,73.94
40.659681,-73.936453,40.591169,-73.721369,2,51.73
40.737597,-74.026334,40.769915,-73.855158,1,35.50
40.622794,-73.994523,40.638895,-73.969087,1,10.06
40.774626,-73.732631,40.628606,-73.973967,1,62.73
40.857989,-74.003106,40.811351,-73.954044,1,17.77
40.866595,-73.840616,40.689228,-73.945244,1,54.94
40.733586,-73.785662,40.673402,-73.936160,2,36.83
40.738994,-73.904145,40.681873,-73.811985,1,32.63
40.630913,-73.881967,40.624998,-73.737746,1,46.57
40.683196,-73.908431,40.803488,-73.877152,3,32.65
40.882395,-73.857883,40.808099,-73.809658,1,21.51
40.857735,-73.838940,40.575646,-73.874670,1,75.74
40.561036,-73.914805,40.776521,-74.000364,1,60.24
40.848063,-73.952874,40.858286,-73.843183,1,24.56
40.672779,-73.959467,40.819833,-73.794129,5,53.52
40.828587,-73.749434,40.806361,-73.755148,1,8.22
40.697113,-73.723732,40.888391,-73.903684,2,66.61
40.835313,-73.916917,40.754072,-73.808556,1,35.38
40.888387,-73.754487,40.627475,-73.881875,2,77.72
40.696104,-73.967585,40.761505,-74.001477,2,20.43
40.655387,-73.730755,40.606918,-74.029571,2,64.83
40.796445,-73.972020,40.586679,-73.899850,1,64.52
40.840373,-73.891523,40.577268,-74.000037,2,75.29
40.894331,-73.986416,40.738904,-73.990735,1,43.63
40.638300,-73.826154,40.820569,-73.772043,1,95.32
40.726150,-73.763033,40.884244,-73.925013,1,60.78
40.590365,-73.834834,40.691640,-73.981314,2,44.75
40.716295,-73.969088,40.731411,-73.992550,3,10.46
40.701968,-73.926634,40.883767,-73.789107,1,54.58
40.843985,-73.820167,40.893567,-73.975866,2,34.13
40.839330,-73.832367,40.845799,-73.786290,1,11.56
40.896219,-73.872847,40.683391,-73.741968,1,104.13
40.898415,-73.938751,40.624996,-73.985998,2,80.10
40.651624,-73.937401,40.565419,-73.968931,3,29.58
40.646664,-73.893504,40.816843,-73.744301,2,57.56
40.821162,-73.994736,40.781234,-73.863586,1,29.18
40.718661,-73.907446,40.890294,-73.960629,1,49.60
40.803161,-73.747453,40.884496,-73.897032,1,39.32
40.802320,-73.777320,40.633343,-73.967110,1,60.19
40.886858,-73.876001,40.564483,-73.725183,1,88.10
40.890655,-74.028841,40.808217,-74.004863,1,24.05
40.802995,-73.725568,40.635818,-73.883978,5,65.07
40.814043,-73.929316,40.601527,-73.777424,1,69.50
40.713114,-73.908572,40.585791,-73.904031,3,41.24
40.773656,-73.923851,40.578647,-73.978342,1,54.42
40.769313,-73.841438,40.773200,-73.882462,1,10.81
40.890904,-73.819790,40.823577,-73.809151,1,24.69
40.897207,-73.974197,40.563598,-73.776728,3,101.89
40.586675,-73.930272,40.606414,-74.019032,3,21.84
40.888180,-73.963295,40.567773,-73.825608,5,93.16
40.603020,-73.957065,40.886767,-74.023421,1,70.45
40.773357,-73.816586,40.594891,-73.791903,1,48.49
40.635522,-73.873216,40.656716,-73.760892,2,25.18
40.634249,-73.915528,40.890766,-73.899694,1,71.73
40.717033,-73.969215,40.825224,-73.918888,2,36.49
40.677069,-73.956755,40.721965,-73.723294,1,54.61
40.835191,-73.745271,40.694069,-73.772395,1,41.01
40.700903,-73.947826,40.823465,-73.893332,1,36.95
40.691983,-74.008871,40.641560,-73.808216,1,47.47
40.646432,-73.786809,40.746549,-73.758817,2,31.49
40.824723,-73.776290,40.737621,-73.931557,2,43.15
40.611717,-73.795587,40.820204,-73.739407,1,61.16
40.735118,-73.728845,40.701390,-73.891396,1,38.51
40.575332,-73.855692,40.609582,-73.826374,1,17.29
40.685513,-73.969320,40.723438,-73.959987,1,11.69
40.817400,-73.808712,40.614951,-73.866359,1,52.94
40.830292,-73.780323,40.595343,-73.841705,1,62.28
40.597253,-73.739076,40.888345,-73.939921,1,88.05
40.622309,-73.835235,40.592834,-73.922033,3,24.13
40.732972,-73.862468,40.868707,-73.964579,1,47.58
40.718952,-73.934041,40.690995,-73.896258,3,15.98
40.734277,-73.775594,40.745770,-73.795037,3,9.86
40.887259,-74.015233,40.878652,-73.860381,1,37.66
40.578703,-73.883121,40.768350,-73.749810,2,108.00
40.786498,-73.860782,40.745358,-73.752198,1,24.27
40.747896,-73.822972,40.882258,-73.768167,2,41.34
40.713934,-73.948694,40.771658,-73.720498,1,51.92
40.844673,-73.992353,40.870505,-73.824817,5,38.90
40.795805,-73.885824,40.861639,-73.966077,1,23.47
40.776866,-73.802004,40.821718,-73.793697,1,15.59
40.729977,-73.879956,40.776871,-73.783535,1,28.08
40.744056,-73.943933,40.622416,-73.998940,3,37.81
40.836252,-73.865583,40.751483,-73.958496,3,33.37
40.596906,-73.749671,40.609647,-73.963050,1,43.96
40.720408,-74.029886,40.688812,-73.834765,1,42.26
40.847111,-74.020731,40.592355,-73.768631,1,85.12
40.619822,-73.797274,40.868621,-73.721679,1,72.64
40.776242,-74.022385,40.565323,-73.869332,1,59.40
40.811238,-73.955529,40.746744,-73.844244,2,29.92
40.655232,-73.818153,40.764504,-73.728257,2,36.73
40.809385,-73.987250,40.834349,-73.966953,2,10.32
40.714090,-74.022098,40.861990,-73.735279,1,70.14
40.566852,-73.974747,40.648118,-73.863894,2,35.90
40.866867,-73.755441,40.858749,-73.882115,4,28.53
40.676807,-73.969809,40.826537,-74.022212,1,38.03
40.570353,-73.734957,40.665690,-73.840217,1,36.91
40.592278,-73.723271,40.758330,-73.951125,1,66.18
40.669264,-73.903761,40.865352,-73.753144,1,63.99
40.712933,-73.947548,40.698783,-73.890583,4,15.98
40.725883,-73.741958,40.596916,-73.965182,1,62.83
40.740664,-73.914582,40.777311,-73.724419,1,45.66
40.695930,-73.913820,40.812607,-74.018608,1,40.08
40.899468,-73.936133,40.647677,-73.905641,2,71.15
40.704707,-74.024788,40.837934,-73.868512,2,50.58
40.700672,-73.886861,40.717051,-73.845838,2,10.90
40.782696,-73.882340,40.836909,-73.809655,1,21.55
40.873600,-73.957588,40.736859,-73.745804,1,57.88
40.564743,-73.751021,40.583777,-73.912752,3,34.13
40.566250,-73.943629,40.746575,-73.789394,1,63.13
40.662017,-73.736375,40.722345,-73.842084,1,23.97
40.599477,-73.843364,40.675195,-73.866023,2,22.60
40.626476,-73.759079,40.811538,-73.941346,2,60.33
40.643825,-73.832101,40.694246,-73.934204,1,27.21
40.752316,-73.948893,40.687090,-73.968385,2,18.75
40.636016,-73.756408,40.573894,-73.823527,1,25.44
40.585794,-73.800821,40.692425,-73.778332,2,34.11
40.617812,-73.937219,40.819080,-73.977328,3,59.21
40.592090,-73.803884,40.818735,-73.940226,2,71.57
40.836377,-73.910929,40.566781,-73.868687,4,72.26
40.844399,-73.867061,40.618795,-73.933143,1,62.90
40.741224,-73.952353,40.600300,-73.949935,1,41.05
40.731349,-73.860255,40.664422,-73.951039,1,31.60
40.797676,-73.758882,40.631881,-73.946962,1,67.25
40.724916,-74.004639,40.832198,-73.755199,1,62.20
40.644692,-73.948564,40.766481,-73.818170,1,44.92
40.610999,-73.995945,40.647754,-73.736534,1,58.32
40.810351,-73.988753,40.877637,-73.869663,2,35.55
40.716069,-73.750570,40.620451,-73.803713,3,30.76
40.831268,-73.737615,40.562211,-73.827271,1,70.45
40.675407,-73.926422,40.593255,-73.946936,1,24.59
40.670108,-73.951688,40.650385,-73.901118,4,15.61
40.869541,-73.864930,40.627941,-73.735960,1,71.45
40.845591,-73.763476,40.894091,-73.901259,2,34.38
40.809957,-73.939744,40.614909,-73.968301,1,53.45
40.771939,-73.916922,40.620661,-73.834091,1,43.76
40.785539,-73.966420,40.877105,-73.855864,2,35.27
40.867496,-74.018323,40.765472,-73.920023,6,36.06
40.752531,-73.963779,40.607483,-74.004505,3,43.84
40.607106,-73.892700,40.679121,-73.894099,4,20.64
40.735979,-73.772559,40.647817,-73.866159,1,33.23
40.576543,-73.881286,40.750434,-73.769544,1,51.92
40.580664,-73.935898,40.676461,-73.904378,1,31.19
40.607813,-73.896322,40.788493,-73.845564,1,53.80
40.822877,-73.791300,40.730917,-74.025918,2,51.14
40.816397,-73.786903,40.577021,-73.911210,1,69.73
40.887985,-73.808649,40.832787,-73.812510,1,35.99
40.648335,-73.728032,40.653087,-73.925537,2,42.86
40.702221,-73.765090,40.620590,-73.962280,2,48.02
40.868370,-73.823924,40.638524,-73.921268,2,63.71
40.777638,-73.732858,40.662349,-73.957617,1,58.74
40.784723,-73.931701,40.665937,-74.023305,4,43.86
40.841923,-73.995632,40.563626,-74.025760,1,146.86
40.819252,-73.750947,40.818206,-73.929402,1,40.62
40.561633,-73.794688,40.844905,-74.005497,1,90.62
40.697620,-73.860971,40.748276,-73.861647,1,17.22
40.604776,-73.835872,40.759469,-74.029209,1,57.78
40.863725,-73.994502,40.634309,-73.864422,3,75.22
40.639219,-73.750905,40.879536,-74.020559,2,87.97
40.782234,-73.816468,40.781366,-74.011615,1,42.33
40.874059,-73.749096,40.733637,-73.925168,1,49.77
40.644428,-73.950400,40.708094,-73.876083,2,25.37
40.750276,-74.014350,40.809014,-73.911002,1,30.34
40.803543,-73.833399,40.754300,-73.879818,1,17.07
40.694630,-73.806476,40.758554,-73.945374,2,36.80
40.589070,-73.800624,40.594532,-73.779246,2,8.21
40.821501,-73.811587,40.707703,-73.778286,3,36.23
40.599380,-73.798834,40.826858,-74.011082,1,74.96
40.672661,-73.733172,40.690862,-73.727231,1,9.00
40.710607,-73.876442,40.881072,-73.903222,2,49.35
40.731131,-73.845902,40.672315,-73.850788,1,16.68
40.720345,-73.741378,40.619139,-73.729446,1,29.93
40.794352,-73.774472,40.808367,-73.921658,2,32.92
40.823644,-73.968623,40.875509,-73.777561,1,44.97
40.766750,-73.794146,40.774929,-73.879344,4,18.18
40.838187,-73.724674,40.596258,-73.726637,1,62.77
40.882713,-73.857829,40.826983,-73.930096,1,23.72
40.803795,-73.870360,40.733117,-73.802413,1,23.05
40.704987,-73.772410,40.627605,-73.861281,1,30.54
40.648179,-73.900944,40.762011,-73.732397,2,45.46
40.809501,-73.830940,40.840222,-74.028989,1,41.81
40.574438,-73.772229,40.635300,-73.741012,1,37.53
40.746950,-73.768386,40.726888,-73.978031,1,44.53
40.583386,-73.791916,40.779386,-74.000613,1,69.11
40.811155,-74.010154,40.838501,-73.816127,1,43.19
40.574041,-73.892185,40.809220,-73.869484,1,62.40
40.658175,-73.724386,40.677264,-73.923682,2,46.85
40.842216,-73.920440,40.636762,-73.731387,3,70.12
40.662851,-73.802281,40.607008,-73.818322,1,17.36
40.648144,-73.953440,40.696211,-73.999572,1,19.34
40.834548,-73.760494,40.618935,-74.000716,1,79.46
40.810940,-73.942079,40.653571,-74.016667,3,48.27
40.752759,-73.934514,40.785125,-73.963770,1,14.62
40.895379,-73.786771,40.750090,-74.005546,1,61.68
40.672403,-73.812092,40.801778,-73.834260,6,40.66
40.771226,-74.014272,40.808793,-73.985796,1,12.11
40.659096,-73.918677,40.723722,-73.810786,1,27.50
40.677029,-73.830765,40.637491,-73.734683,4,22.68
40.851913,-73.736204,40.828953,-74.016693,1,57.20
40.883527,-73.972331,40.579133,-73.920897,2,87.82
40.764760,-73.948644,40.570587,-73.943432,2,57.51
40.627781,-73.876594,40.586142,-73.862363,1,13.85
40.792836,-73.988472,40.692650,-73.779430,1,54.25
40.675071,-73.991586,40.677394,-73.853391,1,30.49
40.859604,-73.930569,40.574433,-73.994996,1,86.31
40.737958,-73.847397,40.642497,-73.935214,1,33.12
40.581053,-73.972107,40.811577,-73.919043,1,67.87
40.787965,-73.742460,40.592608,-73.964768,2,77.86
40.623846,-73.864919,40.586287,-73.837699,1,16.60
40.627541,-73.787862,40.687675,-73.873551,1,29.01
40.685225,-73.957113,40.567477,-74.015789,2,34.99
40.763063,-73.805871,40.775479,-73.952752,1,32.14
40.775377,-73.895789,40.595468,-73.936326,1,49.58
40.791277,-73.844379,40.609818,-74.022279,2,64.52
40.766534,-73.726754,40.621901,-73.777287,2,46.17
40.817392,-73.735192,40.871577,-73.965749,1,47.32
40.808963,-73.801757,40.649748,-73.792237,2,42.67
40.567950,-73.849420,40.736999,-73.987178,1,51.37
40.704361,-73.798011,40.764158,-74.014436,1,50.90
40.660797,-73.746164,40.719753,-73.874366,1,32.71
40.687170,-73.834742,40.783663,-73.790343,3,32.44
40.895637,-73.856905,40.651948,-73.975970,1,72.17
40.812274,-73.975467,40.706949,-73.816525,1,44.58
40.622707,-74.024592,40.611872,-73.779701,1,50.68
40.801732,-73.922800,40.617621,-73.804898,1,53.86
40.747399,-73.895886,40.664062,-73.995295,1,32.47
40.743840,-73.755685,40.585926,-73.734319,1,43.25
40.587409,-73.926088,40.798135,-73.888108,2,60.49
40.618458,-73.955708,40.887445,-73.973881,1,75.21
40.752373,-73.773567,40.681237,-73.939826,1,40.91
40.598349,-73.772682,40.605247,-73.955446,1,37.26
40.889722,-73.975625,40.655550,-73.780944,1,82.32
40.789994,-73.908866,40.660639,-73.739261,2,48.07
40.621536,-73.842757,40.640080,-73.990060,1,29.72
40.590984,-73.947826,40.612726,-73.804909,1,32.49
40.767197,-73.786326,40.843349,-73.862235,5,30.68
40.604048,-73.845332,40.857639,-73.745083,1,72.42
40.827012,-73.994035,40.890114,-73.929908,3,27.40
40.843475,-73.777914,40.810822,-73.856628,2,23.28
40.749936,-73.736268,40.856416,-73.956394,6,57.24
40.721914,-73.883327,40.802308,-73.938940,2,24.02
40.850128,-74.004561,40.637328,-73.950940,1,60.15
40.772729,-74.027919,40.780418,-73.829479,1,41.80
40.712677,-73.929607,40.632439,-73.767500,1,41.35
40.898231,-73.894812,40.769792,-74.004082,1,37.54
40.723988,-73.862822,40.619109,-73.781801,1,33.63
40.812871,-73.848001,40.865020,-73.766799,1,26.17
40.566274,-73.725080,40.845725,-73.912289,4,89.08
40.717351,-73.921532,40.664345,-73.895669,1,14.65
40.710210,-73.880927,40.834740,-73.832395,1,36.46
40.801754,-74.011564,40.771038,-73.880666,4,29.91
40.561381,-73.853861,40.619302,-73.996180,2,40.69
40.681806,-73.943761,40.847193,-73.748114,1,62.16
40.845780,-73.962611,40.886329,-73.764689,1,44.00
40.770560,-73.840820,40.656078,-73.790013,1,31.27
40.661913,-73.887161,40.880095,-73.979854,1,62.23
40.642682,-73.759813,40.818971,-73.959018,3,61.50
40.671978,-73.860451,40.772144,-73.862462,2,30.15
40.658880,-73.830052,40.718951,-73.815592,2,17.68
40.851133,-73.971602,40.819777,-73.836886,5,33.36
40.677629,-73.832370,40.710036,-74.024462,1,41.92
40.579990,-73.969044,40.749516,-73.824937,1,57.89
40.611428,-73.865600,40.822129,-73.832987,1,63.05
40.628964,-73.885788,40.648777,-73.843634,1,12.10
40.836949,-73.878823,40.581697,-73.749353,4,80.90
40.692581,-74.028428,40.821733,-74.015398,4,40.39
40.718974,-74.009048,40.774308,-73.931891,1,23.63
40.642752,-73.996086,40.569675,-73.933891,2,24.77
40.739432,-73.940227,40.793478,-73.838387,3,30.74
40.699136,-73.774577,40.880030,-74.009187,2,69.27
40.698748,-73.811541,40.873248,-73.925379,1,58.28
40.757625,-74.014883,40.819703,-74.015439,2,34.15
40.783046,-73.791878,40.746253,-73.844794,5,15.63
40.646817,-73.934415,40.654339,-73.904999,1,7.04
40.881302,-73.732934,40.721679,-73.818169,1,53.37
40.688577,-73.846935,40.619318,-73.917856,1,26.97
40.899318,-73.800770,40.701625,-73.984690,1,65.18
40.744653,-73.805066,40.852905,-73.883663,1,34.47
40.756060,-74.008837,40.640617,-73.989650,1,32.26
40.717606,-73.824138,40.800560,-73.996093,1,42.96
40.650945,-73.772143,40.740154,-73.936164,1,44.91
40.819492,-73.994585,40.634171,-73.869634,1,57.35
40.765104,-73.781663,40.700708,-73.931047,2,36.46
40.753522,-73.754292,40.618272,-73.971325,1,54.60
40.780528,-74.028359,40.795266,-73.993781,2,9.61
40.796527,-73.806076,40.657554,-74.024575,2,58.23
40.846431,-74.018328,40.889341,-73.978752,2,16.90
40.815677,-73.816183,40.677148,-73.765441,2,39.48
40.602150,-73.827317,40.702509,-73.753568,1,36.01
40.684748,-73.789435,40.694778,-73.770699,2,5.86
40.731192,-73.887948,40.771760,-73.921488,1,11.39
40.683064,-73.742724,40.857334,-73.859273,1,53.10
40.848043,-73.814178,40.744984,-73.768801,2,32.94
40.777495,-73.872893,40.601690,-73.835346,2,49.30
40.662931,-74.028504,40.610793,-74.021956,3,21.11
40.875844,-73.764852,40.644580,-73.734151,2,67.82
40.645101,-73.844089,40.663335,-73.906489,1,14.91
40.674857,-73.755571,40.897154,-73.978111,2,81.71
40.770434,-73.827780,40.731043,-73.991062,1,34.13
40.589078,-73.777423,40.758243,-73.899408,2,58.05
40.730873,-73.948289,40.703966,-74.021407,1,18.31
40.588637,-73.737678,40.781517,-73.933664,1,64.67
40.580169,-73.821463,40.696635,-73.764539,2,35.98
40.765870,-73.910242,40.789310,-73.927942,6,11.69
40.837545,-73.763766,40.694338,-74.016296,1,70.41
40.699185,-73.832617,40.734564,-73.735293,3,20.52
40.737639,-74.020687,40.659198,-73.734055,1,67.96
40.703748,-73.850177,40.658188,-73.883854,1,18.54
40.831105,-73.766851,40.676135,-73.930559,3,53.03
40.804393,-73.735986,40.615357,-73.816344,1,51.61
40.689239,-73.971893,40.755953,-73.985451,5,26.50
40.633361,-73.764567,40.586472,-73.774893,1,31.35
40.688565,-73.900705,40.681815,-73.968828,1,15.53
40.857855,-74.001379,40.704626,-73.838805,1,53.20
40.851678,-74.013227,40.676348,-73.817473,2,61.42
40.704339,-73.822331,40.875008,-74.010538,2,62.41
40.824340,-73.994814,40.569333,-73.905934,2,75.97
40.809485,-73.722601,40.756916,-73.837206,1,32.93
40.698400,-73.895687,40.883994,-73.810461,1,51.90
40.611239,-73.790711,40.815524,-73.721100,2,66.21
40.889027,-74.028932,40.608734,-73.774063,1,90.96
40.660539,-73.768380,40.574379,-73.914877,2,44.69
40.732012,-73.794712,40.709451,-73.768870,2,8.06
40.831645,-73.930143,40.894816,-73.742962,1,43.29
40.715536,-73.848332,40.562460,-73.782186,2,41.63
40.732666,-73.957678,40.615105,-73.967092,1,29.39
40.831123,-73.966325,40.882525,-73.810295,4,36.38
40.853972,-73.916348,40.897439,-73.887508,1,14.74
40.843856,-73.736613,40.705403,-73.926051,4,54.21
40.663025,-73.777762,40.741910,-74.021379,1,54.65
40.636620,-73.859814,40.895278,-73.957018,1,72.56
40.616157,-73.891802,40.669451,-73.959812,3,39.03
40.894418,-73.831636,40.742775,-73.795350,5,48.92
40.690886,-73.878610,40.570297,-73.980711,1,40.28
40.563195,-73.855906,40.661828,-73.983772,2,33.93
40.893728,-73.777288,40.805881,-73.745894,2,26.74
40.804167,-74.021137,40.603997,-73.825089,2,72.16
40.754159,-73.812142,40.639699,-73.771251,1,36.13
40.718760,-73.937028,40.885776,-73.780768,1,55.21
40.595266,-73.805327,40.872490,-73.853648,1,77.43
40.803800,-73.967314,40.832691,-73.885574,5,20.62
40.864385,-73.764425,40.896803,-73.860185,2,27.31
40.763760,-73.950373,40.685876,-73.804145,1,37.88
40.759179,-73.934176,40.886419,-73.959818,1,36.72
40.656786,-73.961334,40.689675,-73.924321,4,14.57
40.689255,-73.951877,40.565817,-73.841217,1,40.41
40.763025,-74.015584,40.562339,-73.972101,1,57.78
40.785140,-73.839153,40.841632,-73.880853,3,15.92
40.675530,-73.916882,40.847993,-73.942887,1,49.53
40.894815,-73.935324,40.894080,-73.882552,1,12.32
40.768511,-74.010047,40.874296,-73.897992,1,81.51
40.721227,-73.749717,40.894216,-74.006097,2,70.97
40.756353,-73.941143,40.841272,-73.804691,1,37.10
40.733697,-73.795855,40.628217,-73.748188,1,29.29
40.708264,-74.022327,40.595845,-73.888681,4,41.53
40.859730,-73.749926,40.788526,-73.908785,3,42.77
40.694889,-73.893145,40.648481,-73.891697,1,13.46
40.683925,-73.953645,40.747812,-73.836968,1,31.44
40.810080,-73.907146,40.674522,-73.998848,1,45.02
40.675709,-73.758723,40.897210,-73.999876,2,78.41
40.735278,-73.930612,40.579400,-74.007860,1,46.91
40.607247,-73.779650,40.743126,-73.983529,3,59.18
40.664926,-73.996785,40.637580,-73.891879,2,23.11
40.767096,-73.744384,40.593987,-73.904375,2,63.08
40.565840,-73.799456,40.851816,-73.789189,1,79.01
40.797901,-73.737091,40.738446,-73.846707,1,27.81
40.779168,-73.956391,40.591601,-73.995453,2,55.30
40.780111,-73.820726,40.601834,-73.958433,1,55.58
40.742829,-73.737245,40.738279,-73.925300,5,39.03
40.785709,-74.018351,40.711823,-73.871812,1,34.07
40.795411,-73.966292,40.723260,-73.999145,4,25.33
40.612713,-73.913216,40.817513,-73.750873,1,67.18
40.783197,-73.773687,40.880766,-73.725963,2,30.53
40.645692,-73.870216,40.788162,-73.814295,2,44.31
40.747747,-73.933784,40.575521,-73.840633,1,56.33
40.649197,-73.989901,40.741982,-73.947542,3,29.18
40.791584,-73.947000,40.758991,-73.907978,1,14.30
40.735694,-73.902513,40.676679,-73.771921,1,33.51
40.760362,-73.967412,40.637780,-73.815523,1,44.47
40.698840,-73.872147,40.898560,-73.824852,4,53.33
40.620826,-73.893022,40.599265,-73.791496,1,21.33
40.682826,-73.944579,40.780048,-73.795822,2,37.81
40.862641,-73.946071,40.816986,-73.868124,1,25.09
40.649929,-73.725549,40.872663,-73.854702,1,71.66
40.837284,-73.759497,40.672101,-74.024159,1,75.48
40.575335,-73.760433,40.738020,-73.931895,3,52.36
40.709111,-73.976714,40.584476,-73.950832,2,38.02
40.642598,-73.753758,40.706626,-74.009068,2,59.30
40.712579,-73.959845,40.596450,-74.029545,1,34.97
40.815884,-73.789433,40.655329,-74.017485,3,68.28
40.824647,-73.812497,40.607364,-73.907143,1,60.59
40.600803,-73.939388,40.866301,-73.789389,1,81.13
40.765146,-73.837845,40.664300,-73.847023,1,26.05
40.715902,-73.797914,40.781211,-73.727391,1,27.00
40.855767,-73.734179,40.813275,-73.982453,1,57.78
40.659877,-73.931675,40.577765,-73.727826,1,52.05
40.609716,-73.756493,40.850808,-73.822616,1,62.48
40.867141,-73.934614,40.781971,-73.879214,2,23.70
40.781503,-73.909001,40.697897,-73.760087,2,41.32
40.625374,-73.898992,40.700557,-73.871094,2,22.43
40.697086,-73.912944,40.561242,-74.018724,1,42.17
40.836034,-73.732638,40.687234,-73.902010,2,53.39
40.836058,-73.749242,40.678375,-73.966617,1,60.36
40.647125,-73.725393,40.643840,-73.786469,2,14.88
40.580583,-73.839518,40.789960,-73.979953,1,64.69
40.701736,-73.734158,40.741822,-73.736541,1,13.38
40.846660,-73.794025,40.859018,-73.997535,1,45.93
40.620232,-73.726445,40.681048,-74.006364,2,63.50
40.630065,-73.923008,40.670982,-73.953098,1,17.12
40.614930,-73.753315,40.699074,-73.757174,2,26.36
40.844695,-73.908267,40.891124,-73.962935,1,18.86
40.801077,-73.766219,40.589432,-73.836173,1,59.82
40.561216,-73.770418,40.809518,-73.829955,2,71.35
40.670091,-73.860594,40.880647,-73.763105,1,55.97
40.597156,-73.857902,40.851210,-73.947425,1,66.27
40.588476,-73.804574,40.824872,-73.934358,3,74.23
40.700363,-73.834917,40.775111,-73.796194,2,25.54
40.616006,-73.748029,40.691265,-73.871440,2,35.18
40.838692,-73.883114,40.889881,-73.856858,2,17.39
40.742015,-74.005320,40.746214,-73.941809,1,13.77
40.612132,-74.013490,40.645341,-73.887865,1,28.37
40.859343,-73.866814,40.601942,-73.762277,1,81.00
40.578812,-73.902576,40.694936,-74.005512,1,41.26
40.888065,-73.779722,40.814975,-73.868585,2,31.59
40.860326,-73.857949,40.634398,-73.858319,2,67.37
40.695247,-73.726620,40.865268,-73.949464,2,68.82
40.859556,-73.910298,40.846077,-73.811419,1,19.80
40.688922,-73.925154,40.629490,-73.924453,1,19.05
40.723278,-73.949786,40.801675,-73.915972,1,26.52
40.654490,-73.959531,40.821312,-73.864499,2,50.73
40.723352,-73.975144,40.620361,-73.763076,1,52.95
40.638775,-73.961668,40.847931,-73.856884,4,66.65
40.740534,-73.856508,40.786845,-73.879972,1,14.80
40.798569,-73.753334,40.786664,-73.880605,2,30.87
40.780301,-73.994999,40.818056,-73.894056,1,25.29
40.781002,-73.869098,40.678705,-73.760300,1,38.35
40.840878,-73.863970,40.680356,-73.969496,1,50.86
40.775802,-73.968242,40.744114,-73.868344,1,23.22
40.671580,-73.892796,40.861446,-74.011968,2,54.80
40.685130,-73.818356,40.829848,-73.771945,2,39.02
40.685186,-73.874439,40.821299,-73.850849,1,34.73
40.612057,-73.909525,40.829269,-73.997228,3,64.36
40.677507,-74.026309,40.885956,-73.940025,3,61.91
40.598649,-73.922873,40.854606,-73.731023,2,85.75
40.608315,-73.995775,40.706637,-73.957835,1,29.04
40.671591,-73.877959,40.725682,-74.012500,1,33.48
40.563748,-73.896699,40.847397,-73.929817,3,78.90
40.769756,-73.897513,40.878527,-73.953049,1,34.86
40.794435,-73.919018,40.628371,-73.872908,1,46.48
40.679098,-73.788403,40.802670,-73.831538,2,35.75
40.680170,-73.929319,40.700602,-73.865999,1,15.16
40.748168,-73.969562,40.796782,-73.829614,1,36.67
40.859592,-73.820113,40.764210,-73.804453,1,29.56
40.624319,-73.798255,40.567727,-73.973782,1,36.91
40.835629,-73.888066,40.831852,-74.003520,2,30.14
40.656789,-73.987082,40.676599,-73.752435,1,50.69
40.593310,-73.949174,40.573254,-73.816763,4,59.46
40.755652,-73.760122,40.591608,-73.721604,1,48.19
40.719731,-73.957245,40.607552,-73.750888,4,56.00
40.791038,-73.838813,40.768168,-73.774379,1,17.07
40.745777,-73.783345,40.569204,-73.928488,1,90.63
40.693621,-73.960743,40.747642,-73.902543,4,26.24
40.896229,-73.802472,40.852610,-73.988107,5,41.73
40.700630,-73.842994,40.615030,-73.985527,1,43.63
40.592553,-73.935914,40.779693,-73.783969,1,57.07
40.795760,-73.826029,40.837187,-73.939086,1,29.01
40.878752,-74.005096,40.582638,-74.014829,1,85.34
40.634033,-73.779145,40.611263,-73.979713,3,44.30
40.653503,-73.775952,40.785925,-73.852076,1,38.77
40.703744,-73.844909,40.762414,-73.971416,2,34.12
40.850720,-73.946543,40.612708,-73.814570,3,70.62
40.703335,-73.832366,40.770005,-73.838589,1,20.17
40.561877,-73.777448,40.775347,-73.954681,1,74.72
40.876624,-73.921214,40.641186,-73.872113,3,69.30
40.724453,-73.866606,40.828226,-73.775127,1,35.11
40.614316,-73.732162,40.760175,-73.957255,1,63.66
40.833355,-73.771900,40.879293,-73.790911,2,14.22
40.791912,-73.823197,40.727290,-73.927372,1,31.31
40.677197,-73.923911,40.668588,-73.841011,4,21.23
40.619694,-73.838611,40.797775,-73.910210,2,53.77
40.845256,-73.747395,40.563692,-73.903576,1,84.07
40.581448,-73.849481,40.724141,-73.881314,1,40.59
40.624704,-73.940781,40.750461,-73.828327,4,45.59
40.793583,-73.750336,40.746282,-73.834757,1,24.34
40.783915,-73.753505,40.845208,-73.809899,1,32.41
40.642650,-73.791036,40.634663,-73.758495,2,9.52
40.628168,-73.902987,40.627202,-73.784817,2,26.28
40.587443,-73.869161,40.685397,-73.768048,4,32.43
40.817666,-73.914040,40.750040,-73.897740,5,43.22
40.650378,-73.724208,40.756205,-73.988072,1,63.44
40.710476,-73.901296,40.738185,-73.857056,3,14.37
40.638033,-73.928932,40.849315,-73.927259,2,49.77
40.587279,-73.848020,40.817558,-73.824035,2,114.06
40.840563,-73.953399,40.851606,-73.918048,1,10.62
40.615161,-74.011432,40.856967,-73.780715,2,82.03
40.777075,-73.882566,40.868369,-73.941446,2,32.21
40.692086,-73.721582,40.721382,-73.847244,1,26.67
40.671995,-73.825538,40.727060,-73.944993,1,28.45
40.695803,-73.809870,40.888173,-73.787161,1,52.95
40.848507,-73.949962,40.847965,-73.733571,1,41.84
40.705801,-73.859413,40.704829,-73.920516,4,17.12
40.598701,-73.754919,40.741751,-73.743548,1,40.50
40.586601,-74.021250,40.732913,-73.802242,1,60.77
40.752420,-73.814798,40.662951,-73.881538,1,27.16
40.897874,-73.849236,40.712539,-74.005770,1,63.46
40.881276,-73.731675,40.666226,-73.779123,1,60.00
40.676276,-73.808557,40.709001,-73.806596,2,9.92
40.630550,-73.727836,40.625297,-73.934324,2,41.95
40.640572,-73.760302,40.762622,-73.902179,1,40.03
40.899104,-73.887651,40.592930,-73.940869,4,84.03
40.648321,-73.956741,40.689550,-73.919672,1,14.26
40.768464,-73.972180,40.792477,-73.951298,1,8.51
40.732002,-73.851703,40.801452,-73.812717,5,45.09
40.834082,-74.022708,40.797744,-73.730936,1,62.72
40.799360,-73.921406,40.875030,-73.841407,2,29.38
40.856539,-73.840875,40.743125,-73.954399,1,63.06
40.684358,-73.943218,40.584453,-73.893539,1,30.84
40.606760,-73.845581,40.633492,-73.756769,5,23.53
40.687867,-73.726912,40.843576,-73.919372,1,57.43
40.752202,-73.747936,40.569373,-73.932049,1,60.28
40.852497,-73.872035,40.821619,-73.873256,1,12.51
40.665728,-73.863830,40.775879,-73.906799,1,33.81
40.662610,-73.864323,40.820269,-73.725730,4,58.87
40.638340,-73.747997,40.620745,-73.835739,1,19.22
40.576319,-73.810994,40.737219,-73.773667,2,43.46
40.722854,-73.884529,40.871849,-73.795690,5,47.69
40.605736,-73.934011,40.683945,-73.863003,1,24.94
40.662402,-73.725206,40.694624,-73.887490,1,35.94
40.632641,-73.783115,40.888542,-73.896336,1,72.77
40.860353,-73.997903,40.585002,-73.853124,1,92.27
40.797705,-74.001184,40.569791,-73.901484,1,67.30
40.667182,-73.827676,40.587522,-73.979015,1,43.90
40.666652,-73.723873,40.764126,-73.911959,1,47.08
40.855258,-73.909656,40.779794,-73.863113,1,23.93
40.642472,-74.005780,40.745808,-73.825353,1,51.07
40.818639,-74.008721,40.639260,-74.004956,4,50.35
40.879712,-73.791192,40.567197,-73.884265,1,89.14
40.742703,-73.869792,40.858347,-73.972527,2,42.47
40.818032,-73.769989,40.703536,-73.814224,1,35.79
40.843541,-73.949899,40.711288,-73.952817,2,36.22
40.578298,-74.013000,40.895854,-73.999498,1,84.08
40.812196,-73.981321,40.569401,-73.745207,1,78.18
40.673099,-73.818954,40.816109,-73.853410,1,40.60
40.680493,-73.871087,40.877374,-74.022240,1,58.01
40.867362,-74.020563,40.610936,-73.789321,1,79.72
40.672517,-73.862609,40.874705,-73.885380,4,57.34
40.690819,-73.781349,40.797878,-73.767618,1,30.76
40.749875,-74.011113,40.790643,-73.887933,4,29.58
40.896867,-73.979287,40.733708,-73.746188,2,61.99
40.608069,-73.955832,40.751442,-73.987033,2,44.74
40.607497,-73.832640,40.854617,-73.875932,1,70.82
40.743826,-73.997499,40.850398,-73.904973,1,40.43
40.730924,-73.802241,40.643237,-73.788515,2,27.06
40.575775,-73.788004,40.795102,-73.956291,1,73.27
40.705896,-73.949616,40.711440,-74.022473,1,15.90
40.867046,-73.755367,40.758062,-73.939831,2,46.17
40.640984,-73.966522,40.875313,-73.798671,3,71.84
40.728573,-73.843161,40.566083,-74.018870,1,63.31
40.859293,-73.988865,40.869893,-73.846219,2,31.11
40.689824,-73.881922,40.880766,-73.800361,2,55.86
40.574337,-73.893010,40.877131,-74.002358,1,74.43
40.744378,-74.009945,40.581665,-73.978861,2,43.43
40.774058,-73.732902,40.579469,-73.756256,1,54.49
40.883394,-73.793131,40.620839,-73.970332,2,132.43
40.856690,-73.814630,40.575909,-73.821045,5,77.53
40.619715,-73.896061,40.887771,-73.766943,1,80.04
40.787767,-73.732068,40.892109,-73.912326,2,51.85
40.682312,-73.826452,40.896073,-73.747195,1,62.81
40.568858,-73.914470,40.885156,-74.021771,3,94.41
40.764206,-73.932673,40.577133,-73.739626,3,63.98
40.828396,-73.870741,40.689305,-73.813983,1,42.67
40.609763,-73.951946,40.610368,-73.943028,2,5.45
40.705106,-74.025732,40.734165,-74.000023,1,11.11
40.818808,-73.984981,40.562194,-73.720099,3,97.19
40.896662,-73.724189,40.690231,-73.988786,2,78.98
40.589904,-73.911446,40.819197,-73.887258,3,127.88
40.784872,-73.844912,40.782982,-73.830198,4,6.21
40.589824,-73.815485,40.890303,-73.943483,2,82.66
40.640599,-73.936877,40.731494,-73.989469,2,29.57
40.756474,-73.934585,40.797478,-73.940039,1,13.49
40.634002,-73.780743,40.799502,-73.982255,1,58.32
40.828076,-73.950443,40.774633,-74.000197,5,17.00
40.885282,-73.848201,40.694632,-73.733250,1,55.61
40.764057,-73.961759,40.705101,-73.966163,2,16.15
40.826336,-73.985873,40.604634,-73.811427,4,70.22
40.727408,-73.831322,40.674782,-73.891560,1,21.08
40.836971,-73.942730,40.738384,-73.787597,4,42.65
40.784683,-73.789303,40.770551,-73.928635,3,31.97
40.855245,-73.956435,40.720386,-73.730916,2,62.10
40.601644,-73.818338,40.863179,-74.021258,1,85.06
40.879951,-73.892511,40.731980,-73.854390,4,44.22
40.617390,-73.821784,40.756707,-73.841349,1,41.66
40.563802,-73.864900,40.712474,-73.732405,1,45.41
40.700302,-73.822196,40.793622,-73.728962,3,35.87
40.836990,-73.798895,40.792701,-73.968653,1,42.40
40.818374,-73.728648,40.608341,-73.943758,1,73.22
40.809824,-73.942129,40.820591,-73.980799,2,10.80
40.744101,-74.003650,40.730814,-73.891061,1,23.01
40.729460,-73.720003,40.610103,-73.859417,2,48.61
40.831401,-73.862221,40.684603,-73.845091,1,40.15
40.809537,-73.744228,40.888090,-73.846351,3,34.29
40.637317,-73.830284,40.630434,-73.915038,4,21.86
40.675559,-73.837593,40.803430,-74.015849,1,51.88
40.871763,-73.764283,40.607864,-73.849509,2,72.58
40.771892,-73.920197,40.736388,-73.856775,2,16.93
40.581372,-73.927627,40.598362,-73.966898,1,11.15
40.861454,-73.803122,40.734846,-73.982594,1,50.62
40.720787,-74.022765,40.757186,-73.742443,2,58.68
40.875785,-73.908607,40.602781,-73.834708,1,74.80
40.750967,-74.002154,40.576436,-73.944960,2,53.89
40.851571,-73.778317,40.859142,-73.912745,1,29.89
40.625598,-73.951707,40.714304,-73.811005,4,43.96
40.569979,-73.822409,40.792236,-73.727059,1,63.09
40.729958,-73.963219,40.807778,-73.921482,1,27.50
40.565193,-73.853794,40.644221,-73.829906,1,23.12
40.770369,-73.820155,40.748120,-73.870924,1,15.28
40.765646,-73.775948,40.776120,-73.953108,3,42.58
40.584511,-73.888112,40.623722,-73.967344,2,23.11
40.669895,-73.942926,40.625551,-73.998614,3,19.89
40.597091,-73.848212,40.798093,-73.755359,4,62.07
40.612399,-73.962360,40.789524,-73.883451,1,51.03
40.826016,-73.921152,40.826148,-73.901121,1,7.78
40.593908,-73.762896,40.725184,-73.743445,2,36.13
40.864303,-73.928646,40.789946,-73.964637,3,22.40
40.670575,-74.024549,40.662622,-73.982360,1,9.53
40.896282,-73.929007,40.619258,-73.995310,1,81.16
40.602062,-73.847358,40.598064,-73.944426,1,19.92
40.899477,-73.762954,40.749406,-73.735282,1,39.38
40.816319,-73.852143,40.831066,-73.790290,2,15.71
40.719461,-73.797990,40.584576,-73.795393,1,36.94
40.847870,-73.970305,40.816973,-73.737049,2,49.24
40.652765,-73.990959,40.769488,-73.820512,2,51.71
40.658984,-73.997612,40.795415,-73.927546,4,42.72
40.722667,-74.025830,40.599855,-73.779412,1,59.70
40.618997,-73.898610,40.723859,-73.833055,1,32.88
40.670296,-73.973080,40.609904,-73.752765,1,48.71
40.574314,-73.805254,40.661043,-73.893820,1,29.99
40.884674,-73.801309,40.796508,-73.751234,2,25.19
40.849385,-73.799144,40.732834,-73.989012,2,54.71
40.739009,-73.914174,40.608267,-73.977288,1,36.92
40.827156,-73.986804,40.572213,-73.815420,1,80.70
40.859109,-73.804458,40.779754,-73.974994,1,44.82
40.808924,-73.915314,40.618066,-73.810100,1,60.40
40.658029,-73.794449,40.579431,-73.788193,1,24.18
40.753202,-73.949701,40.615894,-73.952430,1,43.48
40.783227,-73.916312,40.705176,-73.915055,1,25.64
40.844608,-73.770522,40.724779,-73.907025,1,40.79
40.751332,-73.938069,40.739952,-74.025373,1,18.88
40.786677,-73.830691,40.862112,-73.756880,1,31.11
40.588830,-73.808814,40.725528,-73.796833,1,41.98
40.583479,-73.831965,40.714962,-73.873651,1,40.31
40.894143,-73.964148,40.767488,-73.761463,5,60.71
40.772589,-73.727926,40.759823,-73.915427,1,40.59
40.849540,-73.938198,40.563254,-73.886630,1,72.97
40.712296,-73.893308,40.571105,-73.754265,2,48.06
40.633015,-73.905268,40.561592,-74.025108,1,32.85
40.756401,-73.901603,40.635951,-73.733298,1,47.74
40.565624,-73.970457,40.633170,-73.762426,3,46.65
40.801373,-73.996733,40.807071,-73.799009,2,45.79
40.817430,-73.924667,40.868160,-73.876005,4,18.60
40.840451,-73.831789,40.670414,-73.748746,3,50.68
40.813811,-73.922869,40.861691,-73.938979,1,15.92
40.610236,-74.017708,40.848271,-73.806293,4,83.74
40.560752,-73.882872,40.575510,-73.773715,1,22.59
40.631842,-73.783656,40.727291,-73.775434,2,25.51
40.632880,-73.995952,40.766541,-73.827634,1,51.62
40.859896,-73.941332,40.746632,-73.821171,1,41.28
40.872008,-73.900210,40.687459,-73.999846,1,55.05
40.875097,-73.982374,40.597934,-74.027755,1,76.66
40.727369,-73.794410,40.605366,-73.961009,4,50.95
40.839734,-73.928842,40.833321,-73.897207,1,11.49
40.593541,-73.834558,40.746188,-73.870705,1,46.43
40.883012,-73.789875,40.560013,-73.799904,1,93.93
40.837152,-73.840630,40.700091,-73.987613,1,49.82
40.650824,-73.948381,40.684826,-73.726339,1,47.32
40.679274,-73.804393,40.790451,-74.027324,1,62.97
40.714541,-73.953673,40.641969,-73.726031,4,53.58
40.755151,-73.868795,40.738975,-73.761545,2,24.37
40.581856,-73.772561,40.755570,-73.779095,3,53.43
40.818859,-74.001382,40.899971,-73.976487,5,43.56
40.687066,-74.026586,40.811610,-73.747646,3,68.31
40.798467,-73.901377,40.744838,-74.024156,3,35.94
40.669451,-73.817113,40.612453,-73.778451,1,21.57
40.627225,-73.770734,40.719307,-73.873748,3,37.71
40.761878,-73.930752,40.858594,-73.855455,1,31.76
40.572927,-73.736258,40.715524,-73.992005,2,63.11
40.683679,-73.764474,40.641671,-73.758083,1,13.72
40.795555,-73.910552,40.588948,-73.795653,1,55.53
40.784844,-73.976596,40.749262,-73.740951,1,52.02
40.731071,-73.911915,40.842876,-73.882626,1,31.07
40.884884,-73.760238,40.844137,-73.924820,1,34.98
40.580315,-73.888403,40.745178,-73.867395,1,44.16
40.607857,-73.840972,40.618797,-73.969475,2,30.39
40.680199,-73.855326,40.827828,-73.902003,1,44.31
40.627256,-73.773137,40.638737,-74.022699,2,50.36
40.886801,-73.793383,40.855913,-74.003475,1,43.30
40.677530,-73.966308,40.869570,-73.876927,1,61.38
40.758903,-73.810573,40.821594,-73.787218,2,17.11
40.744221,-73.854594,40.636371,-73.737614,2,41.56
40.828339,-73.957694,40.809240,-73.852785,4,27.59
40.679691,-73.939698,40.729060,-73.853479,1,22.81
40.687623,-73.740485,40.672369,-73.941313,1,42.70
40.663934,-73.731799,40.792415,-74.028915,1,73.30
40.830609,-74.015536,40.712734,-73.921025,1,37.39
40.879195,-73.822423,40.696419,-73.930971,1,54.66
40.560246,-73.852968,40.885179,-73.757832,1,97.98
40.717398,-73.943049,40.843091,-74.014604,2,40.85
40.698133,-73.913808,40.670654,-73.822939,2,23.56
40.786824,-73.961704,40.770732,-73.768375,1,41.61
40.570033,-73.920232,40.620235,-74.023621,1,28.36
40.827808,-74.005748,40.758686,-73.825192,1,44.85
40.725004,-73.737745,40.676811,-73.803767,1,21.43
40.682560,-73.914352,40.658081,-74.008809,2,24.48
40.677056,-73.869997,40.686597,-73.801548,3,16.20
40.833639,-73.736269,40.581733,-73.744567,1,66.77
40.560763,-73.977662,40.732083,-74.003805,1,55.93
40.640582,-73.952399,40.602220,-73.987890,4,15.66
40.668856,-73.740098,40.725028,-73.760816,2,16.30
40.779771,-73.937230,40.836014,-73.876797,3,20.44
40.696228,-73.858022,40.779513,-73.802228,1,25.30
40.671741,-73.753955,40.699607,-73.873560,1,26.45
40.656265,-73.891171,40.755292,-73.977544,2,37.89
40.572114,-73.768782,40.858280,-73.899552,2,86.67
40.777456,-73.991254,40.894655,-73.793344,1,88.53
40.771269,-73.819059,40.884611,-73.872367,1,35.68
40.571122,-74.001620,40.804920,-73.754492,2,88.35
40.562974,-73.891496,40.784560,-73.752382,1,72.59
40.700793,-73.725039,40.701245,-73.883320,1,35.40
40.726955,-73.872309,40.590746,-73.861141,2,41.25
40.649250,-73.810632,40.624150,-73.906374,1,20.29
40.801962,-73.721387,40.565691,-74.018333,1,92.39
40.855412,-73.800749,40.563366,-73.896307,1,82.26
40.860024,-73.861647,40.628605,-73.940753,1,68.39
40.698429,-73.984072,40.858643,-73.745482,2,64.95
40.593418,-73.997604,40.641346,-73.965212,2,17.86
40.790260,-73.857879,40.654668,-73.748634,1,45.67
40.651318,-73.846041,40.782513,-74.003511,2,53.76
40.746954,-73.720018,40.777288,-73.812373,1,17.93
40.604358,-73.732209,40.600433,-73.830310,1,23.39
40.739851,-73.880426,40.878766,-73.775684,1,48.37
40.635429,-73.865870,40.840050,-73.786112,2,62.35
40.720276,-73.793126,40.666775,-73.872829,1,25.30
40.625520,-73.905595,40.712915,-73.832012,2,30.80
40.821176,-73.735098,40.815519,-73.893650,1,33.59
40.875224,-73.893895,40.839199,-73.879038,1,13.73
40.670448,-73.904714,40.622768,-73.787374,1,29.42
40.686486,-73.921216,40.593308,-73.866200,1,31.30
40.762791,-73.957996,40.617924,-73.866026,1,41.15
40.847636,-73.805348,40.714391,-74.004156,1,53.96
40.661805,-73.810125,40.842984,-73.735433,3,55.90
40.638791,-74.017451,40.685079,-73.937156,2,23.23
40.627644,-73.889554,40.831075,-73.727233,1,72.58
40.805940,-73.831157,40.646693,-73.935623,1,47.39
40.703131,-73.732111,40.831445,-73.857903,1,44.02
40.877257,-73.854875,40.854741,-73.801221,3,13.99
40.717564,-73.854600,40.702202,-73.884649,1,8.29
40.657717,-74.004836,40.856506,-73.935072,1,55.69
40.678294,-73.828834,40.771570,-73.766617,1,26.38
40.623659,-73.949637,40.739263,-73.955965,1,33.32
40.644153,-73.755955,40.651067,-73.998344,1,54.06
40.825899,-73.987170,40.585132,-73.994407,1,65.08
40.728961,-73.909292,40.691057,-73.877109,4,16.85
40.873782,-73.900864,40.663133,-73.785048,1,63.12
40.729923,-73.734392,40.605414,-73.985968,1,61.69
40.683031,-73.892237,40.667360,-73.936960,1,14.95
40.711821,-73.843688,40.627027,-74.021140,1,48.84
40.847629,-73.913542,40.621509,-73.761390,1,71.47
40.682702,-73.999539,40.652385,-73.877706,1,31.97
40.580698,-73.792275,40.782060,-73.858625,1,55.73
40.758649,-73.892946,40.656614,-73.872403,3,30.09
40.596579,-73.975178,40.718519,-73.895539,1,41.62
40.849147,-73.888886,40.585902,-73.975199,2,75.90
40.709148,-73.800571,40.635361,-74.017955,1,53.45
40.737122,-74.010808,40.824496,-73.971538,1,24.97
40.691062,-74.001184,40.842341,-74.017539,1,49.19
40.895483,-73.865761,40.843905,-73.957235,2,23.87
40.768524,-73.940372,40.573318,-73.795725,2,117.76
40.725779,-73.993741,40.658787,-73.801279,2,43.51
40.667511,-73.725253,40.648726,-73.915092,1,40.74
40.570912,-73.823456,40.568531,-73.961729,2,31.98
40.853200,-73.844396,40.785673,-73.942616,1,26.75
40.868723,-73.721866,40.628838,-73.982634,2,90.78
40.697833,-73.857937,40.809090,-73.735133,1,47.00
40.677312,-73.816449,40.721069,-73.817705,1,12.92
40.642034,-73.745484,40.810854,-73.910007,1,60.24
40.828198,-73.758453,40.731755,-73.794903,2,27.55
40.828563,-73.720036,40.687190,-73.875936,1,56.70
40.740742,-73.814684,40.746067,-73.819267,2,5.48
40.632150,-73.747405,40.645320,-73.825649,5,19.97
40.893887,-73.900113,40.893134,-74.025399,2,31.62
40.873422,-73.920253,40.656580,-73.848616,1,68.26
40.757924,-73.989353,40.574233,-73.979508,3,57.75
40.574439,-74.016656,40.620225,-73.801254,2,43.93
40.660122,-74.021374,40.638438,-73.897612,2,27.11
40.858376,-73.761187,40.877562,-73.856000,3,20.25
40.625283,-73.953878,40.870899,-74.012777,3,67.01
40.659154,-73.724089,40.577777,-73.948859,2,48.49
40.665304,-73.860557,40.763483,-73.818065,2,30.23
40.624664,-73.752499,40.841251,-73.918494,1,68.24
40.880044,-74.014789,40.784017,-73.814990,1,48.47
40.746015,-73.901569,40.849654,-73.996505,1,35.57
40.648349,-73.948879,40.746719,-73.825223,6,38.15
40.608279,-73.735537,40.687322,-74.003873,5,61.09
40.637248,-73.992164,40.610464,-73.924608,5,21.56
40.729829,-73.968358,40.812046,-74.021595,1,26.58
40.596412,-74.028653,40.882173,-74.009735,4,87.69
40.567623,-73.868740,40.877743,-73.768471,1,86.82
40.624860,-73.780255,40.839197,-73.934582,1,66.05
40.610755,-73.833153,40.887775,-73.993256,3,86.36
40.766809,-73.826074,40.775602,-73.734286,4,22.32
40.795743,-73.981164,40.686851,-73.786104,2,48.88
40.878972,-73.791148,40.760136,-73.842910,2,37.37
40.701511,-74.010228,40.690163,-73.772395,1,53.37
40.735849,-73.888474,40.870882,-73.859809,1,39.29
40.702348,-73.882597,40.795262,-73.948312,4,34.73
40.619766,-73.834954,40.566091,-73.857050,2,15.73
40.660047,-73.835436,40.649744,-73.741290,1,19.30
40.603335,-73.892770,40.613244,-73.911389,4,6.65
40.856032,-73.908644,40.638310,-73.836971,4,62.45
40.837504,-74.016505,40.575160,-73.958007,5,73.56
40.668696,-73.900278,40.772454,-73.801680,1,35.43
40.757961,-73.765040,40.850912,-73.949549,1,51.01
40.867487,-73.782865,40.820391,-73.890679,1,29.21
40.838463,-73.740431,40.862799,-73.962134,1,47.13
40.567713,-73.961368,40.896171,-73.916909,1,91.42
40.583238,-73.788891,40.754430,-73.748951,1,91.55
40.666550,-73.834679,40.811830,-73.989413,2,54.52
40.793892,-74.015016,40.727707,-73.833742,2,41.68
40.664415,-73.921220,40.699024,-73.877766,2,16.06
40.565047,-73.946508,40.896268,-73.747638,1,102.93
40.819970,-73.772753,40.865955,-74.006490,5,53.81
40.750655,-73.789310,40.727151,-73.777680,1,9.66
40.613303,-73.734651,40.840773,-73.812778,1,66.15
40.831871,-73.916363,40.805447,-73.911780,3,10.61
40.824070,-73.777448,40.830229,-73.767631,4,6.40
40.607450,-74.011362,40.715585,-73.824639,1,50.37
40.574897,-74.001312,40.729961,-73.864113,4,54.24
40.826518,-73.795048,40.633415,-73.827059,2,48.90
40.760467,-74.012270,40.778368,-73.876982,3,28.73
40.789560,-73.768232,40.641498,-73.767221,1,37.14
40.841997,-73.843705,40.655450,-73.818329,2,55.44
40.593291,-73.770350,40.705657,-73.919146,1,45.30
40.873872,-73.866477,40.771672,-73.915078,2,32.19
40.681901,-73.962171,40.591297,-73.814042,2,43.00
40.657740,-74.028425,40.898188,-73.907684,4,72.85
40.695693,-73.721504,40.763318,-73.944543,1,50.57
40.863886,-74.022536,40.777027,-73.744121,2,62.58
40.802757,-73.939119,40.859448,-73.874160,1,24.11
40.808678,-73.781562,40.711951,-73.838751,1,29.82
40.804088,-73.931773,40.656445,-73.823739,4,52.02
40.849422,-73.953754,40.627891,-73.876283,1,66.06
40.686436,-73.750843,40.895531,-74.024363,1,82.14
40.758479,-73.822621,40.801596,-73.844527,1,13.92
40.575480,-73.966846,40.764840,-73.816036,3,57.97
40.783640,-73.803267,40.591350,-73.890430,1,56.90
40.801300,-73.891956,40.731361,-73.992678,1,29.52
40.624906,-73.954658,40.650530,-73.977386,1,10.00
40.836887,-73.928816,40.715190,-73.841875,2,38.14
40.896509,-74.017985,40.827044,-73.850722,2,42.48
40.769896,-73.907618,40.890410,-73.945440,4,37.37
40.788691,-73.808123,40.585172,-73.991202,1,73.35
40.668296,-73.874633,40.647271,-73.855960,2,9.40
40.726588,-74.005209,40.714214,-73.824662,1,36.31
40.714065,-73.737465,40.897093,-73.851513,1,61.62
40.670708,-74.006109,40.824377,-74.009530,1,43.10
40.639959,-73.821239,40.803090,-73.862318,2,49.10
40.809265,-73.848799,40.686855,-73.983987,1,40.43
40.895218,-73.788984,40.877931,-73.790357,1,5.59
40.776345,-73.886614,40.640858,-73.896645,1,39.31
40.764054,-73.883517,40.563927,-73.740999,2,62.94
40.693090,-73.966438,40.766395,-73.773082,2,48.42
40.726545,-73.824156,40.871738,-74.007473,2,54.09
40.890719,-73.879928,40.760550,-73.823970,1,34.33
40.741228,-73.786453,40.571445,-73.809886,1,53.59
40.573146,-73.812371,40.568352,-73.914294,1,21.47
40.897767,-73.896216,40.604448,-73.838453,1,87.40
40.637588,-73.961655,40.696880,-73.982482,1,17.68
40.808293,-73.955207,40.660197,-73.887973,1,41.10
40.860147,-73.891553,40.679523,-73.785757,4,55.22
40.649137,-73.734477,40.586385,-73.804896,1,27.06
40.612572,-73.999179,40.643029,-73.896442,2,27.70
40.579390,-74.004407,40.748460,-73.798105,1,68.28
40.896588,-73.928608,40.896746,-73.746138,2,41.69
40.857450,-73.804538,40.835839,-73.722248,1,20.84
40.760262,-73.971770,40.732259,-73.760256,1,47.42
40.755649,-74.029096,40.730454,-73.813644,1,46.52
40.838797,-73.821125,40.733850,-73.922623,1,36.31
40.661561,-73.732256,40.719910,-73.775193,1,19.67
40.741477,-73.791325,40.738439,-73.871187,2,20.30
40.816632,-73.912151,40.730792,-73.889757,1,25.25
40.801842,-73.940911,40.697643,-73.904585,5,31.03
40.646625,-73.983647,40.840006,-73.831996,1,60.24
40.619853,-73.924962,40.895483,-73.729833,1,76.51
40.819159,-73.826015,40.833560,-73.973366,1,30.67
40.818284,-73.780685,40.606112,-73.883544,2,59.04
40.774962,-73.955985,40.792705,-73.789536,1,35.65
40.824654,-73.783043,40.826863,-73.959850,1,34.73
40.687616,-74.005813,40.780580,-73.773570,2,59.71
40.743743,-73.772897,40.665869,-73.838688,1,27.79
40.785219,-73.904174,40.646422,-73.896595,1,38.97
40.748402,-73.948526,40.581961,-73.931088,1,47.77
40.805442,-73.830828,40.711364,-73.785006,2,30.00
40.638994,-74.006175,40.806580,-73.885786,1,50.46
40.657052,-73.954316,40.670457,-73.854585,1,23.20
40.677539,-73.732561,40.658292,-73.798943,1,16.72
40.861857,-73.987444,40.781498,-73.742416,2,56.63
40.608267,-73.885929,40.681278,-73.799433,2,30.00
40.615975,-74.029270,40.664039,-73.940244,1,27.54
40.859904,-73.987749,40.745465,-73.884400,1,41.06
40.560728,-74.024044,40.715500,-73.812599,1,62.34
40.751787,-73.963602,40.702574,-73.845062,1,31.42
40.715404,-73.949349,40.663527,-73.752106,2,45.20
40.840925,-73.902739,40.691806,-73.921496,2,41.39
40.579440,-73.871671,40.799650,-73.842517,1,62.26
40.587845,-74.006515,40.621187,-73.761351,1,90.38
40.888545,-73.894591,40.842489,-73.782056,2,29.15
40.576541,-73.812033,40.623489,-73.978706,1,35.18
40.599816,-73.880433,40.620378,-73.858145,1,11.77
40.619556,-73.874466,40.671689,-73.967588,1,26.60
40.836885,-73.769682,40.710418,-73.979640,2,58.10
40.600208,-73.846917,40.768087,-73.850686,1,42.47
40.841907,-74.016832,40.807913,-73.928246,1,25.11
40.643092,-73.773983,40.610923,-73.756815,1,11.89
40.712672,-73.945085,40.779613,-73.961155,1,19.06
40.845113,-73.921135,40.602072,-73.802827,2,125.92
40.672078,-73.869878,40.791779,-73.725318,2,49.31
40.857265,-73.807525,40.676547,-73.824863,1,53.66
40.875897,-73.939312,40.800321,-73.774883,2,41.37
40.594942,-73.921848,40.578858,-73.905950,2,8.47
40.566908,-73.728977,40.624343,-74.007740,5,58.18
40.634772,-74.026170,40.607803,-73.723170,1,66.09
40.814827,-73.970894,40.735931,-74.007745,1,28.31
40.651912,-73.981802,40.717894,-73.760427,1,50.17
40.740649,-73.776034,40.625144,-73.908701,2,46.12
40.711578,-73.852942,40.858328,-74.027512,1,50.81
40.593376,-73.965512,40.799742,-73.741592,3,75.77
40.868063,-73.870586,40.652187,-73.875578,5,58.37
40.655777,-73.788035,40.669182,-73.972804,2,38.38
40.738672,-73.918089,40.881558,-74.013542,2,39.78
40.571626,-73.904633,40.733778,-73.723806,6,61.51
40.734827,-73.818044,40.814875,-73.835028,1,22.26
40.602337,-73.926287,40.730150,-73.997215,2,42.16
40.729074,-73.800487,40.635519,-73.927849,1,38.28
40.663762,-73.816479,40.594294,-73.726133,1,31.61
40.664608,-73.996361,40.615327,-73.957035,1,17.72
40.697075,-73.760795,40.771935,-73.920211,5,42.54
40.600294,-73.858300,40.744847,-73.914026,1,42.16
40.608529,-73.966449,40.617237,-73.988073,2,5.92
40.700982,-73.833887,40.652047,-73.805184,1,16.12
40.778383,-73.895699,40.647182,-73.950555,1,61.54
40.725022,-73.965096,40.798659,-73.883482,1,30.27
40.778119,-73.735073,40.815203,-73.853221,2,28.54
40.851660,-74.012517,40.691465,-73.985012,1,44.69
40.859699,-73.852986,40.573366,-73.780263,1,84.78
40.775958,-73.804624,40.674847,-73.950473,2,43.45
40.803498,-73.893086,40.622000,-73.909432,3,50.96
40.707380,-73.980289,40.809565,-73.929385,1,32.24
40.885133,-73.806824,40.569441,-73.761923,1,89.42
40.884067,-73.928383,40.686426,-73.922045,1,52.39
40.611880,-73.893055,40.607286,-73.968689,1,19.11
40.880796,-73.764583,40.782035,-73.791968,1,30.43
40.824880,-73.884048,40.816112,-73.884361,4,7.18
40.648296,-74.007605,40.755090,-73.823731,1,47.32
40.712067,-73.875258,40.784235,-73.723638,4,37.37
40.636263,-73.779657,40.860911,-73.793401,1,58.09
40.889128,-73.919518,40.840958,-73.912901,5,17.92
40.598389,-73.909864,40.711217,-73.761618,3,43.98
40.662100,-73.998813,40.831923,-73.799775,5,66.91
40.585412,-73.937108,40.601988,-73.921108,2,10.07
40.892473,-73.760800,40.719735,-73.929381,2,60.50
40.844051,-73.832066,40.742009,-73.753776,2,33.30
40.792206,-73.966287,40.569017,-73.856475,1,68.60
40.727827,-73.780035,40.858891,-73.749380,1,37.11
40.695123,-73.807297,40.738794,-73.969911,1,36.37
40.717058,-73.755976,40.881361,-73.740603,2,43.57
40.813276,-73.991383,40.604866,-73.766706,1,73.08
40.617982,-73.910058,40.847929,-73.800500,1,67.19
40.891685,-73.807473,40.645388,-73.780667,3,64.90
40.756383,-73.915804,40.609866,-73.846763,4,51.88
40.846608,-73.732508,40.654257,-73.873269,1,57.65
40.570552,-73.926300,40.566338,-73.772762,1,35.79
40.873311,-73.960254,40.789132,-73.953907,1,24.16
40.686099,-73.934688,40.651783,-73.827530,1,26.50
40.644304,-74.013889,40.804611,-73.766537,2,69.71
40.898998,-73.924814,40.832325,-73.859884,2,28.77
40.835703,-73.927077,40.858466,-73.997619,3,17.70
40.815201,-73.808990,40.819358,-73.897289,1,22.73
40.743549,-73.978483,40.579325,-73.851576,1,53.18
40.850524,-73.810149,40.813274,-73.923282,1,25.70
40.744099,-73.971714,40.703025,-73.955204,1,12.85
40.828413,-73.746315,40.798184,-73.865469,1,28.81
40.780829,-73.751352,40.597750,-73.832235,1,51.16
40.888724,-73.987191,40.644614,-73.954816,1,67.45
40.656259,-73.736508,40.696805,-73.786497,2,15.62
40.748243,-73.800159,40.816118,-73.800093,3,17.97
40.899337,-73.958055,40.689810,-73.808556,1,64.24
40.797126,-73.815893,40.643079,-73.850744,1,42.69
40.618186,-73.836644,40.870031,-73.863087,4,73.45
40.761970,-73.801547,40.696878,-73.905848,1,34.68
40.671481,-73.818610,40.672043,-73.733315,1,20.41
40.850286,-73.821634,40.856055,-73.735183,2,18.00
40.598512,-73.878027,40.671992,-74.027702,1,37.96
40.853450,-73.881471,40.637970,-73.868287,1,65.02
40.561351,-73.845721,40.702655,-73.868039,1,36.38
40.825108,-73.875786,40.704171,-73.807186,4,42.08
40.630074,-73.983344,40.588333,-73.797449,4,44.97
40.837178,-73.978345,40.851010,-73.990299,5,7.91
40.798152,-73.969340,40.855621,-73.812913,3,36.69
40.858240,-73.915422,40.577492,-74.024460,1,84.13
40.678953,-73.929065,40.755859,-73.987059,1,27.73
40.784642,-73.991620,40.718261,-73.795991,2,44.20
40.626611,-73.885046,40.744006,-74.013133,1,42.48
40.842887,-74.000954,40.781060,-74.014407,1,16.07
40.565459,-73.880705,40.817161,-73.975262,1,71.95
40.850143,-73.846617,40.792561,-73.890234,1,20.05
40.691753,-73.921523,40.742434,-73.783245,2,37.97
40.863823,-73.792767,40.650242,-73.821971,1,61.80
40.798115,-73.756066,40.614661,-73.725801,2,46.46
40.689152,-73.800310,40.731173,-74.001765,1,42.73
40.708189,-74.027331,40.581488,-74.013250,6,38.81
40.661004,-73.903245,40.660219,-73.774738,4,30.43
40.801372,-73.946769,40.634916,-73.765091,1,64.09
40.763298,-73.885551,40.894943,-73.866856,3,40.17
40.797306,-73.932345,40.571134,-73.900502,1,63.29
40.729481,-73.739465,40.697242,-74.011971,2,63.79
40.742862,-73.945103,40.855098,-73.792872,2,45.16
40.734385,-73.963306,40.585670,-73.903909,2,40.14
40.566328,-73.763279,40.695716,-73.975217,1,56.18
40.895760,-73.945747,40.566795,-73.848028,4,96.93
40.645502,-73.912951,40.748453,-73.786866,2,42.99
40.650975,-73.983513,40.655664,-73.852264,1,28.76
40.574819,-73.727196,40.791872,-73.806540,3,58.98
40.754555,-73.811041,40.888383,-73.968836,3,56.03
40.610745,-73.811411,40.759158,-73.779407,2,46.70
40.727473,-73.944670,40.733153,-73.850685,3,21.89
40.655695,-73.741091,40.595366,-73.788484,1,21.54
40.739267,-73.949645,40.793320,-73.923090,1,17.96
40.758632,-73.903772,40.775460,-73.941433,2,11.32
40.740934,-73.733186,40.574446,-73.832077,2,47.50
40.795116,-73.800058,40.652716,-73.840709,2,38.16
40.895061,-73.843871,40.568431,-74.009223,1,96.44
40.762331,-73.990523,40.789224,-73.979420,3,10.04
40.871767,-74.019613,40.784058,-73.871578,1,42.55
40.579352,-73.824473,40.854512,-73.760471,3,75.15
40.790623,-73.974027,40.866907,-73.909288,2,26.85
40.774032,-73.737666,40.771955,-73.898552,4,36.52
40.667390,-73.791294,40.745353,-73.751257,1,23.50
40.720125,-73.801121,40.820172,-73.837151,2,29.14
40.593063,-73.894511,40.703892,-73.915272,1,29.30
40.562768,-73.941151,40.665114,-73.798194,2,46.58
40.873935,-73.981300,40.723970,-73.723138,1,138.49
40.753402,-73.836727,40.587990,-73.733992,3,57.51
40.747315,-73.724965,40.704119,-73.972699,2,53.97
40.610863,-73.881553,40.722333,-73.740098,1,41.50
40.821552,-73.817729,40.684240,-74.011972,2,56.71
40.755255,-73.863983,40.598699,-73.983754,3,56.04
40.770538,-73.782031,40.676515,-73.839733,3,57.62
40.669827,-73.904364,40.790255,-73.975243,1,37.22
40.742457,-73.854414,40.748480,-74.018089,2,31.01
40.565515,-73.773770,40.746152,-73.830932,3,54.17
40.660206,-73.781619,40.563542,-73.935134,1,41.64
40.639828,-74.017668,40.683602,-73.741348,1,59.03
40.788762,-73.764775,40.629282,-73.989424,1,65.18
40.565792,-73.755937,40.699959,-73.882809,1,48.59
40.576824,-73.843745,40.806654,-73.951822,3,59.50
40.564832,-73.839044,40.746746,-73.957154,3,61.70
40.563573,-73.928099,40.765163,-73.737396,2,64.86
40.818839,-73.825587,40.849196,-73.904975,2,19.63
40.734958,-73.735473,40.876914,-73.827657,2,46.47
40.853405,-73.939381,40.874023,-74.028918,5,22.05
40.810050,-73.893388,40.894976,-73.788371,1,38.23
40.775036,-73.919229,40.695875,-73.721937,1,49.47
40.839328,-73.937192,40.698311,-73.836749,2,46.75
40.583614,-73.875657,40.776694,-73.775981,2,60.53
40.703752,-73.809479,40.854592,-73.947783,1,49.04
40.667340,-73.931658,40.715142,-73.843126,1,25.17
40.835206,-73.847994,40.621636,-74.019475,2,68.02
40.683651,-73.925925,40.643285,-73.737834,2,43.43
40.737654,-73.992999,40.639342,-73.799818,2,47.52
40.711949,-73.820998,40.593606,-73.908502,2,35.54
40.837728,-73.759645,40.846204,-73.838752,2,16.60
40.629059,-73.750183,40.896953,-73.785402,2,66.91
40.899293,-73.843823,40.765753,-73.916989,3,41.83
40.792022,-73.939089,40.723687,-73.795719,3,35.39
40.615662,-73.856221,40.702336,-74.007335,4,43.70
40.576442,-73.840468,40.769401,-73.962341,1,60.13
40.806655,-73.932056,40.800479,-73.847841,3,18.52
40.894202,-74.012471,40.875769,-73.811283,6,44.56
40.597893,-73.737865,40.775246,-73.975769,1,67.17
40.601763,-73.885370,40.880457,-73.769684,1,73.60
40.701309,-73.847599,40.804551,-73.749755,2,36.91
40.615172,-73.892218,40.768810,-73.924483,5,49.34
40.654708,-73.876256,40.566419,-73.779061,2,33.97
40.839547,-73.869646,40.893029,-74.019234,1,36.10
40.736494,-74.001119,40.749576,-73.803095,2,47.11
40.703654,-73.879958,40.804256,-73.807821,2,60.86
40.802483,-73.948668,40.652194,-73.887615,1,44.61
40.569139,-73.986921,40.753194,-74.029602,1,51.07
40.796990,-73.862360,40.668164,-73.811472,6,38.85
40.721147,-73.818378,40.568226,-74.015037,1,58.11
40.702552,-73.749203,40.798222,-73.965755,1,55.77
40.627815,-73.828783,40.589593,-73.997152,2,39.21
40.654669,-73.740064,40.751537,-73.857403,2,38.98
40.744330,-73.948119,40.651360,-73.818604,3,36.66
40.643928,-73.911624,40.837114,-73.789411,3,59.82
40.627455,-73.835159,40.860707,-73.721114,1,67.51
40.829276,-73.770154,40.665323,-73.897406,3,60.16
40.569948,-73.754754,40.824535,-73.787499,1,65.27
40.828486,-73.777636,40.560483,-73.761274,2,73.99
40.722285,-73.831068,40.666132,-74.027849,1,39.61
40.608517,-73.837759,40.748224,-73.895418,1,42.22
40.862889,-73.809359,40.736667,-73.994558,1,52.31
40.779612,-74.024344,40.667875,-74.012331,3,30.20
40.870196,-74.023719,40.894574,-73.828564,2,45.55
40.618030,-73.739500,40.560338,-73.857177,2,31.37
40.835523,-73.896882,40.809540,-73.977537,1,19.80
40.686233,-73.958803,40.818822,-73.782562,1,53.85
40.778727,-73.828680,40.868877,-73.979485,1,44.19
40.744439,-73.848173,40.564789,-73.888272,1,55.93
40.733027,-73.907158,40.682092,-73.966219,1,18.59
40.732034,-73.754727,40.808949,-73.748590,2,23.17
40.871965,-73.776552,40.786320,-73.757996,1,24.57
40.871472,-73.770620,40.892793,-73.823539,1,12.48
40.659995,-73.823604,40.698907,-73.839812,1,12.16
40.710605,-74.006682,40.853728,-73.908313,1,78.10
40.773152,-73.776108,40.890629,-73.990672,1,56.67
40.692048,-73.765285,40.822965,-73.952478,3,53.94
40.883268,-73.966325,40.878857,-73.950704,2,5.37
40.782396,-73.890175,40.780308,-73.882708,2,9.41
40.598380,-73.850705,40.701022,-73.732493,2,37.87
40.669210,-73.775275,40.786841,-73.876670,1,41.82
40.708283,-73.862354,40.771269,-73.791340,1,22.55
40.802354,-73.814146,40.860403,-73.873864,1,25.93
40.570535,-73.998025,40.742565,-73.946330,2,52.07
40.793138,-73.875163,40.875055,-73.949352,3,29.29
40.705229,-74.005164,40.841545,-73.772821,1,127.44
40.690679,-73.887758,40.663037,-73.874357,1,10.00
40.794941,-73.924082,40.569987,-73.833298,4,68.94
40.681418,-73.888640,40.767004,-74.001135,2,34.26
40.706896,-73.846531,40.876358,-73.859420,3,47.02
40.871676,-73.886456,40.842017,-73.982399,1,24.46
40.565109,-73.750487,40.665225,-73.974296,2,53.68
40.619566,-73.993893,40.669973,-73.861453,1,33.22
40.630891,-73.902286,40.643554,-73.812347,2,22.77
40.707095,-73.989896,40.832167,-73.916882,1,39.65
40.740077,-73.987781,40.598386,-73.750371,4,59.20
40.599306,-73.978437,40.820214,-73.986002,1,59.33
40.686742,-73.936737,40.635504,-73.813160,4,32.13
40.704964,-73.960223,40.890079,-73.796975,4,62.56
40.676747,-73.777565,40.662314,-73.872326,1,21.99
40.721381,-73.922116,40.899683,-73.920926,3,52.34
40.640569,-73.799011,40.570202,-74.020578,1,51.83
40.698322,-73.981633,40.561867,-73.938360,2,38.88
40.818016,-73.868255,40.614422,-73.824204,1,55.28
40.756643,-73.814962,40.829631,-73.899424,2,30.13
40.754032,-73.908773,40.607227,-73.771252,4,52.54
40.639745,-74.020940,40.696452,-73.758539,4,59.23
40.834070,-73.993419,40.737786,-73.788165,1,47.92
40.735916,-73.823612,40.817279,-73.943756,4,35.04
40.786231,-73.864332,40.681962,-73.905393,3,30.14
40.758701,-73.946714,40.694259,-73.963039,1,22.11
40.841972,-73.954482,40.856248,-73.836614,1,30.10
40.839953,-73.728432,40.686964,-73.784777,3,42.48
40.875757,-73.843519,40.866336,-73.955161,1,25.27
40.700952,-73.762147,40.735546,-73.889661,4,29.01
40.595461,-73.743304,40.778382,-73.942164,1,65.32
40.707271,-73.968191,40.748628,-73.983809,4,15.32
40.580144,-73.949742,40.792492,-74.023912,1,58.68
40.631143,-73.735862,40.600179,-73.773209,2,16.07
40.850374,-74.022463,40.899418,-74.025124,1,16.38
40.831751,-74.018271,40.650547,-73.986119,1,51.25
40.617094,-73.864445,40.621584,-73.942215,1,31.41
40.881242,-73.964432,40.747247,-73.803158,1,50.36
40.591048,-73.852713,40.838452,-73.902657,4,74.01
40.668388,-73.842072,40.824426,-73.770748,1,45.85
40.857184,-73.923433,40.670693,-73.774612,4,64.69
40.713921,-73.750325,40.661410,-73.983131,1,52.03
40.729297,-73.935145,40.857641,-73.850390,1,41.89
40.731650,-74.007321,40.626512,-74.023900,2,29.48
40.622488,-73.928188,40.883027,-73.890367,1,72.29
40.877201,-73.966226,40.809802,-73.874356,1,22.53
40.670057,-73.987396,40.603529,-73.942891,2,22.97
40.728251,-74.010345,40.705558,-73.759369,1,49.86
40.758233,-73.882384,40.866122,-73.947749,3,33.04
40.643212,-73.770013,40.660829,-74.015052,1,56.75
40.659689,-73.896157,40.887065,-73.982635,1,69.21
40.666800,-73.854861,40.590399,-73.867423,1,25.34
40.883431,-73.737220,40.611845,-73.921523,1,84.12
40.682597,-73.896893,40.863230,-73.734004,1,61.22
40.882005,-73.924888,40.792158,-73.857289,1,26.35
40.793465,-73.938991,40.764921,-73.843605,4,25.93
40.845323,-73.938520,40.799469,-73.947150,2,15.58
40.856470,-73.793075,40.848771,-73.957807,4,38.97
40.682477,-73.985731,40.865329,-73.908709,2,54.10
40.716303,-74.025818,40.775973,-73.775375,1,57.19
40.727377,-73.834753,40.809945,-73.911769,2,29.94
40.633482,-73.853760,40.616735,-73.788090,2,17.97
40.781125,-73.867503,40.796651,-73.893165,2,11.28
40.783784,-73.933513,40.794077,-73.740728,2,44.06
40.713100,-73.748944,40.753537,-73.865244,2,30.41
40.807316,-73.745150,40.661637,-73.957478,2,56.51
40.660537,-73.782498,40.747579,-73.941856,2,42.33
40.621202,-73.972525,40.724645,-73.984960,2,28.91
40.582667,-73.849068,40.852005,-73.856655,2,78.59
40.843151,-73.923105,40.799246,-73.801656,2,30.48
40.686073,-73.949043,40.767562,-73.801467,3,36.35
40.773130,-73.988640,40.797651,-73.850939,1,31.17
40.729939,-73.831497,40.712024,-73.923322,4,19.75
40.889359,-74.010149,40.786249,-73.869890,1,42.39
40.895863,-73.783623,40.793138,-73.849264,2,30.47
40.616864,-73.785657,40.854652,-73.781444,5,67.31
40.610808,-73.991785,40.603292,-73.975100,1,10.54
40.738365,-73.957816,40.861892,-73.757633,2,54.46
40.843371,-73.910251,40.650896,-73.912262,1,49.13
40.856591,-73.828759,40.820976,-73.831263,1,11.85
40.711351,-73.975057,40.713282,-73.868326,1,23.91
40.809346,-73.849377,40.868970,-73.730807,1,30.59
40.730502,-73.837380,40.689306,-73.799540,1,18.21
40.878687,-73.822324,40.656971,-73.829398,1,58.24
40.714406,-73.887154,40.732299,-73.726944,1,37.68
40.596896,-73.851391,40.649456,-73.898162,2,22.11
40.649349,-73.909076,40.585674,-73.799997,2,28.48
40.753473,-73.789230,40.722203,-73.758586,4,15.28
40.778795,-73.814732,40.778203,-73.870645,3,13.89
40.837564,-73.994593,40.866294,-73.829678,1,35.41
40.894450,-73.894405,40.876269,-73.914330,3,11.34
40.889486,-73.726143,40.750920,-73.969677,1,62.02
40.742538,-73.736325,40.760486,-73.851773,1,26.93
40.849876,-73.902498,40.883406,-73.914308,2,12.01
40.771450,-73.787229,40.850902,-74.003884,4,52.27
40.578043,-73.952544,40.578717,-74.010101,2,17.19
40.604267,-73.802694,40.659617,-73.930608,2,32.53
40.837366,-73.944801,40.631442,-73.743757,3,69.49
40.616581,-73.880906,40.619213,-73.991696,4,23.43
40.572247,-73.795820,40.830290,-73.981993,1,78.16
40.615044,-73.851666,40.686829,-73.804620,1,27.68
40.739073,-73.810431,40.815007,-74.009476,4,47.38
40.861639,-73.816206,40.739847,-73.974285,1,42.59
40.892272,-73.760044,40.625420,-73.728759,1,72.50
40.761956,-74.009633,40.717038,-73.828498,2,81.23
40.756171,-73.774479,40.689697,-73.999291,2,42.95
40.897070,-73.812957,40.641594,-73.810150,4,77.76
40.637603,-73.789128,40.861468,-73.897934,4,65.32
40.810787,-73.913584,40.832861,-73.892063,2,9.55
40.847075,-74.011264,40.715140,-73.745365,1,70.32
40.736955,-73.963230,40.667714,-73.801804,1,40.61
40.684350,-73.937605,40.817008,-73.928831,5,36.86
40.592433,-73.774527,40.743869,-73.945487,4,64.71
40.664912,-73.960251,40.863256,-74.018342,4,59.26
40.896046,-73.782368,40.765080,-73.856931,2,42.49
40.607979,-73.998961,40.781533,-74.009649,2,54.82
40.890209,-73.956799,40.560201,-73.807898,2,94.85
40.661607,-73.912790,40.794305,-73.788550,1,42.80
40.586300,-73.732047,40.818964,-73.832605,1,66.45
40.849457,-74.017112,40.682881,-73.764005,2,68.33
40.898160,-73.944998,40.785992,-73.962561,4,58.63
40.854103,-73.832346,40.629105,-73.861982,2,59.29
40.811490,-73.984184,40.762860,-73.869811,1,31.56
40.702320,-73.846252,40.714876,-74.015181,2,35.80
40.775187,-73.790191,40.666441,-73.953813,1,48.07
40.634535,-73.956100,40.730001,-73.861966,1,31.49
40.724917,-73.965004,40.761934,-73.873123,1,37.84
40.787441,-73.918458,40.608466,-73.988190,1,54.12
40.626350,-73.956579,40.704742,-73.758556,1,53.59
40.574510,-73.922233,40.889112,-73.869581,1,89.78
40.803054,-73.914090,40.749654,-74.001579,1,26.13
40.635319,-73.745055,40.780929,-73.967886,1,68.69
40.683227,-73.958503,40.822096,-73.848678,3,39.42
40.779990,-73.884082,40.676305,-74.010718,3,40.93
40.849762,-73.920764,40.661257,-74.009745,3,61.03
40.597887,-73.860735,40.671733,-74.001243,2,41.08
40.664691,-74.005222,40.633270,-73.756865,1,53.64
40.740868,-73.927189,40.838453,-73.916721,2,30.40
40.697970,-73.814502,40.594343,-73.996849,1,45.75
40.622698,-73.941843,40.655029,-73.804991,2,31.87
40.746236,-73.870422,40.866829,-73.951186,3,45.43
40.775329,-73.834050,40.855426,-73.750103,1,31.70
40.793995,-73.955513,40.599979,-73.951268,1,51.34
40.712610,-73.795274,40.647983,-74.027094,1,50.96
40.695138,-74.011086,40.645263,-73.918851,1,30.33
40.676082,-73.843381,40.682668,-73.820881,1,7.03
40.599304,-73.970297,40.850517,-73.883420,4,76.91
40.694767,-73.806828,40.630934,-73.885645,1,23.67
40.876399,-73.794717,40.764371,-73.999689,6,53.19
40.750142,-73.745860,40.870718,-73.805573,1,37.10
40.809744,-73.725152,40.774608,-73.992469,1,62.68
40.697379,-73.913748,40.587586,-74.003852,4,38.22
40.659591,-73.946542,40.836376,-73.980770,1,48.08
40.563031,-73.982121,40.641584,-73.930085,1,24.31
40.562118,-73.908270,40.612739,-73.946300,5,32.25
40.812292,-73.948400,40.619108,-73.862206,1,53.15
40.752195,-73.742048,40.560656,-73.887094,2,64.25
40.857703,-73.910532,40.754667,-73.833667,4,34.47
40.681252,-73.811562,40.752598,-73.897739,1,31.34
40.626820,-73.959615,40.591127,-73.728814,1,53.22
40.593945,-73.960629,40.749470,-73.818203,2,54.33
40.678026,-73.891291,40.602169,-73.905371,2,22.99
40.885722,-73.892783,40.671037,-73.750678,1,69.48
40.731120,-73.798873,40.676378,-73.934343,1,36.25
40.700581,-73.817322,40.739004,-73.729810,1,23.43
40.844943,-73.829258,40.763374,-73.810420,1,24.53
40.678095,-73.993679,40.655827,-73.834317,1,35.82
40.830828,-73.729950,40.664942,-73.731583,1,46.33
40.807683,-73.896317,40.857643,-73.804432,3,24.52
40.787882,-73.864268,40.648848,-73.959821,1,39.70
40.566854,-73.819406,40.680743,-73.756326,1,35.05
40.639053,-74.001148,40.710907,-74.014308,4,22.78
40.749684,-73.956582,40.787618,-74.008317,1,17.20
40.611349,-73.895384,40.875503,-73.872458,1,73.34
40.715553,-73.770282,40.806523,-74.005155,2,57.75
40.563892,-73.806407,40.560216,-73.911672,2,26.63
40.873697,-73.936643,40.622047,-73.761839,1,78.60
40.855779,-73.731510,40.867341,-73.817572,1,22.18
40.690586,-73.769873,40.866569,-73.810391,1,55.96
40.880183,-73.918410,40.735353,-73.934410,3,43.08
40.693992,-73.991176,40.720399,-73.958589,3,13.65
40.605495,-73.820238,40.702193,-73.801356,1,25.32
40.894030,-73.777175,40.624027,-73.810806,4,78.04
40.571817,-73.983346,40.854970,-73.884677,1,76.89
40.754579,-73.825325,40.821415,-73.954292,2,30.53
40.858242,-73.845052,40.612411,-73.779320,1,70.60
40.689504,-73.877111,40.792650,-74.008525,1,39.95
40.712729,-73.896530,40.733022,-73.951342,3,13.73
40.714841,-73.746445,40.576411,-73.970991,2,57.58
40.761363,-73.915164,40.617325,-73.988620,1,43.59
40.726578,-73.765275,40.603944,-73.942314,1,56.16
40.627617,-74.001226,40.884264,-73.882376,2,78.01
40.731155,-73.990633,40.855068,-73.757883,1,59.71
40.850233,-73.888454,40.576463,-74.024353,1,78.39
40.842382,-73.959796,40.666572,-73.867280,2,59.06
40.866926,-73.863723,40.812608,-73.933015,4,22.36
40.576248,-73.947346,40.893170,-73.992885,1,88.73
40.721754,-74.003395,40.570601,-73.984591,1,42.32
40.597123,-73.992549,40.705586,-73.898431,1,37.36
40.592532,-73.787563,40.586825,-74.011932,2,45.58
40.805186,-73.817328,40.792461,-73.800196,1,8.07
40.886098,-73.903215,40.682802,-73.845846,2,59.30
40.884440,-73.798240,40.616804,-73.912280,2,73.35
40.711147,-73.950834,40.625605,-73.903692,1,41.68
40.751442,-73.832762,40.580187,-73.811091,2,46.04
40.897933,-73.975984,40.857131,-73.841125,1,33.33
40.677167,-73.743186,40.652611,-73.988965,1,50.08
40.872147,-73.796903,40.749390,-73.772561,3,35.17
40.825269,-73.874240,40.847124,-73.802331,1,15.94
40.674666,-74.026732,40.842171,-73.970064,2,50.91
40.772577,-73.764529,40.737640,-73.800400,1,15.00
40.812860,-73.876050,40.652892,-73.849703,1,45.75
40.608947,-73.793114,40.836537,-73.905396,2,66.62
40.669412,-73.974102,40.827984,-73.952330,1,45.92
40.596688,-74.009557,40.675094,-73.724517,2,113.33
40.713876,-74.026169,40.734700,-74.017525,1,7.52
40.638578,-73.849036,40.774498,-73.753224,2,48.20
40.839417,-73.873235,40.694514,-73.951937,1,47.93
40.752673,-73.841000,40.711583,-73.887679,1,12.79
40.836225,-74.005422,40.769786,-74.012598,2,39.34
40.674205,-73.734100,40.603862,-73.834690,2,26.50
40.708080,-73.927471,40.708082,-73.889270,1,13.48
40.771574,-74.017313,40.669474,-73.918703,1,37.23
40.594066,-73.775321,40.647361,-73.736205,2,21.45
40.684742,-73.920227,40.616750,-73.829122,2,30.12
40.811982,-73.985038,40.892509,-73.820802,3,44.14
40.710813,-73.984830,40.833521,-73.850945,1,45.43
40.853780,-73.781175,40.706730,-73.959369,1,54.96
40.734801,-73.843091,40.590017,-73.965624,1,45.61
40.588636,-74.002053,40.669482,-73.920122,1,35.13
40.669798,-73.780125,40.836140,-73.820240,3,46.21
40.666921,-73.871458,40.740857,-73.900998,2,22.10
40.897126,-73.858344,40.812492,-73.735741,1,38.93
40.735435,-73.742906,40.899803,-73.825688,1,46.99
40.588017,-73.863758,40.684992,-73.946190,4,32.20
40.575516,-73.767138,40.811176,-73.769879,1,66.72
40.591070,-73.821590,40.681324,-74.012301,3,47.39
40.878145,-73.744089,40.824245,-73.842621,3,24.51
40.672853,-73.860226,40.776401,-73.923329,1,33.91
40.771213,-73.897433,40.624490,-74.014535,4,49.62
40.879897,-73.748146,40.621639,-73.734079,5,109.16
40.797192,-73.832978,40.859617,-73.874108,1,43.93
40.741272,-73.806056,40.649685,-74.008793,1,49.42
40.781843,-73.726254,40.866157,-73.965390,1,53.73
40.871303,-73.965935,40.840116,-73.947928,3,13.88
40.832554,-73.912242,40.678133,-73.885470,1,44.04
40.574282,-73.931344,40.613105,-73.831813,2,24.41
40.560475,-73.858307,40.593475,-73.995393,3,31.93
40.570110,-73.873653,40.693107,-73.732623,1,44.80
40.622919,-73.804574,40.678821,-73.747759,3,25.10
40.802194,-73.983621,40.802134,-73.886718,1,21.32
40.631145,-73.791644,40.569242,-73.805618,2,17.26
40.587861,-73.923692,40.873484,-74.012771,1,78.48
40.585019,-73.859536,40.673582,-73.797699,1,28.30
40.634624,-73.951865,40.734345,-73.957238,1,29.72
40.644254,-73.748541,40.844601,-73.781308,1,51.87
40.628090,-73.968158,40.614731,-74.004844,2,11.52
40.865948,-73.909797,40.824340,-73.851845,3,20.76
40.757226,-73.852109,40.653319,-73.934009,2,34.54
40.786311,-73.969339,40.733641,-73.862546,2,30.32
40.641369,-73.896407,40.897818,-73.972783,1,73.36
40.850499,-73.770987,40.817427,-74.009760,1,48.23
40.732173,-74.012819,40.807740,-73.883748,2,37.67
40.754050,-73.928198,40.690710,-73.756969,1,43.86
40.643255,-73.870063,40.839299,-73.737987,2,63.28
40.652312,-74.023542,40.570085,-73.948676,1,27.12
40.807262,-74.016073,40.695667,-73.772065,5,90.69
40.621611,-74.026040,40.855664,-73.790115,1,80.00
40.798207,-73.863624,40.718054,-73.777903,1,33.23
40.567648,-73.938326,40.573508,-73.907434,3,6.98
40.758073,-74.022591,40.819455,-73.968990,1,19.86
40.767160,-73.799480,40.882808,-73.879695,2,38.05
40.648067,-73.863502,40.835246,-73.984230,2,59.51
40.657168,-73.750055,40.699192,-73.724032,1,17.29
40.793005,-73.984971,40.615510,-73.912682,2,56.13
40.579662,-73.815867,40.783129,-73.924103,1,60.39
40.847605,-73.770578,40.605559,-73.744822,1,74.85
40.619804,-73.902255,40.848538,-73.738710,1,71.92
40.642803,-73.822176,40.850802,-73.938681,1,67.00
40.825589,-73.882943,40.895719,-73.879966,2,19.13
40.591168,-73.899561,40.898289,-73.795047,2,87.38
40.768753,-73.816313,40.687125,-73.785132,2,25.67
40.584007,-73.984850,40.776026,-73.811675,1,64.61
40.839290,-73.875200,40.661219,-73.926998,2,51.96
40.690673,-73.939896,40.735188,-73.952538,2,14.28
40.695310,-73.811719,40.770007,-73.805203,2,24.38
40.756955,-73.763218,40.768046,-73.738975,2,6.07
40.703890,-73.793866,40.810558,-73.963017,1,44.63
40.892463,-73.914884,40.619113,-73.742057,2,80.92
40.610523,-73.955320,40.623619,-73.759514,2,41.82
40.589826,-74.012748,40.799136,-74.012042,1,55.05
40.748926,-73.876334,40.700231,-73.785246,4,28.18
40.671386,-73.773794,40.606373,-73.851093,1,26.55
40.592509,-73.957691,40.759505,-73.793340,2,60.25
40.844067,-74.011815,40.796337,-73.949689,3,20.14
40.682187,-74.022772,40.571734,-73.862101,3,46.18
40.895697,-73.759814,40.700399,-73.890572,1,60.53
40.863775,-73.831944,40.675689,-73.945035,1,62.80
40.566853,-73.890500,40.881887,-73.894534,2,85.26
40.613600,-74.015119,40.698349,-73.786605,1,50.80
40.766438,-73.923727,40.715504,-74.010932,2,25.55
40.580962,-73.919821,40.730655,-73.728429,1,57.33
40.896418,-73.842857,40.560534,-73.722297,1,93.67
40.774288,-73.987577,40.845409,-73.799300,1,47.74
40.695360,-73.892428,40.827009,-73.856050,1,33.48
40.760052,-73.808161,40.629902,-73.957185,1,99.64
40.786198,-73.922238,40.715867,-73.997937,1,24.44
40.715705,-73.818291,40.888615,-73.781864,1,51.58
40.799965,-73.721087,40.840713,-73.779959,3,18.92
40.743552,-74.000215,40.882014,-74.018400,2,42.15
40.658922,-73.879519,40.562878,-73.991678,1,41.19
40.640391,-73.722122,40.674282,-73.762988,1,13.55
40.735340,-73.800578,40.735521,-73.950190,1,33.02
40.696176,-73.750497,40.847783,-73.895412,4,55.65
40.658771,-73.731192,40.727773,-73.807148,1,19.42
40.735002,-73.958850,40.720943,-73.776238,3,42.46
40.821477,-73.887114,40.662389,-73.941944,1,47.54
40.870510,-73.804103,40.833366,-73.975755,1,36.91
40.646469,-74.029561,40.721960,-73.952791,1,28.27
40.789462,-73.983853,40.831396,-73.750304,1,53.78
40.725130,-73.957715,40.732236,-73.753128,1,75.51
40.890006,-74.026743,40.827628,-73.888936,5,34.25
40.896555,-73.930055,40.638510,-73.894468,2,68.06
40.757825,-73.903829,40.626166,-73.827722,2,37.26
40.588293,-73.957281,40.850526,-73.940995,4,65.67
40.729349,-73.991708,40.644130,-73.873268,3,40.07
40.623335,-73.928371,40.885476,-73.915261,1,83.72
40.716538,-73.849810,40.633829,-73.730797,3,36.05
40.656954,-73.834351,40.829295,-73.995696,1,57.70
40.825247,-73.809400,40.606370,-73.848490,1,62.02
40.568857,-73.861979,40.566757,-73.775670,1,21.53
40.693980,-73.854859,40.838455,-73.933363,2,47.78
40.709269,-73.861653,40.822696,-73.724073,3,45.51
40.578686,-73.804221,40.868582,-73.938542,2,79.14
40.580689,-73.915369,40.734362,-73.995561,1,48.12
40.629463,-73.760795,40.589628,-73.825494,1,19.18
40.852390,-73.930264,40.684604,-73.890762,2,51.44
40.803361,-73.932226,40.593606,-73.791535,1,61.71
40.834610,-74.013123,40.614362,-73.763057,2,76.75
40.698456,-73.894568,40.569427,-73.812841,2,37.58
40.890448,-74.015449,40.800088,-73.804409,4,49.00
40.676727,-73.968420,40.676963,-73.819239,1,37.22
40.834558,-73.837062,40.779711,-73.887247,2,22.36
40.755960,-73.998088,40.848793,-73.835047,1,41.30
40.623953,-73.732276,40.823581,-73.982287,1,78.24
40.789854,-73.949785,40.892134,-73.769713,5,49.18
40.898296,-73.898434,40.697915,-73.816390,1,89.67
40.888299,-73.790411,40.790201,-73.821778,4,33.01
40.834631,-73.824458,40.841328,-73.845078,4,9.73
40.887680,-73.846511,40.733786,-73.991643,1,53.60
40.790555,-73.914215,40.891935,-73.883627,4,29.74
40.824170,-73.864614,40.749022,-74.010930,1,38.14
40.880865,-73.850979,40.822185,-73.752526,1,30.33
40.790302,-73.849748,40.733901,-73.744582,1,30.48
40.597532,-73.939776,40.685408,-73.881648,1,25.74
40.652893,-73.991662,40.603826,-73.790203,1,42.09
40.778061,-73.913472,40.627451,-73.933107,2,44.64
40.632509,-74.021872,40.561654,-73.761635,1,57.05
40.613684,-73.927183,40.643521,-73.742685,5,41.28
40.776307,-73.786534,40.806259,-73.846506,1,14.87
40.719608,-73.819247,40.561491,-73.909078,1,44.35
40.691428,-74.018753,40.757120,-73.973172,1,24.24
40.639153,-74.009520,40.802697,-73.961527,1,44.20
40.584936,-73.891748,40.595993,-73.934837,1,13.68
40.735325,-73.829268,40.836512,-73.859740,6,30.68
40.877963,-73.878928,40.725184,-73.817237,5,49.46
40.617058,-73.859967,40.683838,-73.852908,5,24.23
40.620661,-73.859722,40.801127,-73.827188,3,52.16
40.579049,-73.859279,40.771057,-73.805995,1,49.80
40.758022,-73.752458,40.683788,-73.802133,1,44.15
40.570614,-73.943139,40.620082,-73.758698,1,41.28
40.725983,-73.933105,40.736064,-73.964675,1,15.18
40.850374,-73.863926,40.801072,-73.869835,5,16.28
40.855645,-73.904206,40.742465,-73.748707,2,45.77
40.642399,-73.909912,40.819243,-73.901775,2,51.21
40.831688,-73.728229,40.688696,-73.926778,1,60.22
40.654487,-73.805402,40.809056,-73.776605,1,47.36
40.746226,-73.883596,40.618132,-73.905080,1,33.86
40.660362,-73.790976,40.885469,-73.865011,4,65.09
40.749053,-73.980281,40.686716,-73.736312,2,51.29
40.767551,-73.920748,40.561317,-73.970019,4,62.34
40.854562,-73.918115,40.702816,-73.966214,5,43.43
40.571442,-73.835609,40.747941,-73.893618,1,47.62
40.884398,-73.939653,40.782787,-73.844138,2,38.09
40.573277,-73.993113,40.765192,-73.779171,2,73.13
40.799226,-73.921986,40.897802,-73.989632,2,29.61
40.594724,-73.946883,40.877391,-73.879344,3,79.61
40.650739,-73.858412,40.788463,-73.989874,2,73.78
40.584695,-73.815256,40.701644,-73.810620,1,33.56
40.707657,-73.844772,40.804916,-73.996316,1,40.62
40.830035,-74.012823,40.682559,-73.970818,1,42.73
40.645441,-73.952867,40.882384,-73.856612,4,70.11
40.890415,-73.956361,40.799803,-73.848157,2,36.06
40.812274,-73.751892,40.773160,-73.811020,2,21.77
40.704445,-73.958058,40.585824,-73.889968,4,37.95
40.789219,-73.924260,40.793606,-73.892681,4,8.84
40.643447,-73.953266,40.884722,-73.738839,4,83.21
40.671411,-73.991012,40.641724,-73.975872,1,13.46
40.670263,-73.804072,40.574359,-73.828557,2,29.94
40.769713,-73.837165,40.625732,-73.786244,1,39.24
40.867318,-73.932252,40.686717,-73.852028,1,57.04
40.872077,-74.003581,40.662093,-73.800818,2,78.60
40.688062,-73.925791,40.842003,-73.799858,3,54.00
40.852095,-73.822896,40.727877,-73.924577,1,43.02
40.731701,-73.888120,40.778922,-73.953026,1,20.63
40.596155,-73.810107,40.612719,-73.899810,3,23.63
40.831605,-73.814461,40.776026,-73.790239,3,20.18
40.782843,-73.765069,40.769654,-73.819693,1,15.64
40.731816,-73.934104,40.616020,-73.925746,2,37.66
40.807190,-74.013774,40.867201,-74.001607,1,20.18
40.807404,-73.977602,40.763924,-74.004579,1,16.76
40.880897,-73.982984,40.647412,-73.814456,1,72.02
40.758530,-73.799425,40.766129,-73.962753,1,34.46
40.573589,-73.767003,40.726391,-73.948731,1,56.25
40.717693,-73.826215,40.848555,-73.850069,2,36.70
40.858535,-73.765564,40.776274,-73.828486,1,28.58
40.884819,-73.850239,40.633418,-73.747415,1,75.72
40.576405,-73.730070,40.723427,-73.840996,1,45.14
40.660675,-74.003692,40.713624,-73.799679,1,47.77
40.728777,-73.878052,40.711103,-73.843165,2,10.99
40.734627,-73.835985,40.828142,-74.013686,1,42.06
40.763057,-73.789364,40.796321,-73.721227,3,19.55
40.843913,-73.846667,40.734871,-73.794608,2,35.13
40.560446,-73.830271,40.727740,-73.941021,3,48.45
40.841657,-73.965448,40.816770,-73.965988,1,9.37
40.778258,-73.791912,40.628032,-73.755703,2,41.13
40.809473,-73.970985,40.798133,-73.849190,2,27.39
40.628028,-73.738649,40.815007,-73.874370,1,61.60
40.562166,-73.730513,40.712562,-73.946909,1,66.23
40.641401,-73.900500,40.715643,-73.847469,1,26.39
40.638758,-73.787427,40.678141,-73.802941,1,15.63
40.698268,-73.999632,40.725930,-73.843458,1,35.80
40.727866,-73.803359,40.790516,-73.907661,2,27.14
40.640505,-73.721594,40.654347,-73.877741,1,32.19
40.574905,-73.755009,40.622149,-73.950434,2,43.84
40.823046,-73.836567,40.636749,-73.936779,2,62.20
40.681948,-73.986099,40.690142,-73.842855,1,35.30
40.651453,-73.758192,40.890154,-73.853375,2,71.64
40.624388,-73.782350,40.574920,-73.951966,1,40.16
40.758688,-73.886492,40.818670,-73.984559,1,30.38
40.609960,-73.938793,40.816881,-73.907193,1,59.76
40.714116,-74.020331,40.629295,-73.940803,1,51.85
40.586607,-73.903889,40.822215,-73.925881,1,65.49
40.692387,-73.806631,40.793637,-73.978992,4,42.22
40.845083,-73.900876,40.608864,-73.971391,1,69.16
40.800623,-74.019568,40.756800,-73.926724,1,24.75
40.729226,-73.946986,40.632082,-74.003279,2,33.64
40.656338,-74.029971,40.635296,-73.834589,2,43.52
40.894773,-73.793468,40.709817,-73.895158,1,53.33
40.614698,-73.808629,40.856058,-74.021687,2,77.72
40.759253,-73.951398,40.694752,-73.794093,4,38.37
40.845189,-73.845610,40.818195,-73.814152,1,13.15
40.580942,-73.863110,40.655190,-73.826917,1,24.79
40.818155,-73.887864,40.766129,-73.867024,2,17.87
40.646788,-73.901946,40.795188,-73.808683,2,51.00
40.839456,-73.982018,40.879019,-73.901311,3,20.41
40.735073,-73.937458,40.738931,-73.979768,2,10.50
40.591210,-74.018872,40.622711,-73.789357,1,47.71
40.843446,-73.996424,40.824179,-73.866486,1,26.16
40.639716,-74.020798,40.562447,-73.764806,1,57.01
40.665300,-74.019814,40.824297,-73.848354,1,59.03
40.766281,-73.816100,40.724687,-73.863425,1,17.68
40.580263,-73.851404,40.794673,-73.829416,1,67.88
40.888507,-74.014883,40.581830,-73.992049,1,83.39
40.717328,-73.867986,40.697498,-74.019748,1,27.74
40.560292,-73.907398,40.711820,-73.883710,1,77.26
40.683212,-73.994032,40.573458,-73.849403,1,45.67
40.806150,-73.825093,40.874909,-73.939763,1,31.71
40.833011,-73.973164,40.717577,-73.799474,1,50.04
40.707889,-73.838267,40.786523,-73.730264,2,32.66
40.778225,-73.728627,40.751873,-73.926839,1,43.07
40.714139,-73.981168,40.596550,-73.868965,1,42.71
40.622368,-73.847099,40.829946,-73.864525,2,55.92
40.869888,-73.941493,40.796100,-73.737989,5,48.37
40.699940,-73.999057,40.630842,-74.004635,1,20.60
40.879087,-73.864030,40.707259,-73.753661,1,49.56
40.617144,-73.995674,40.805211,-73.953454,6,58.41
40.760320,-73.929593,40.745151,-73.770359,1,32.31
40.831165,-73.831240,40.771445,-74.014469,1,39.33
40.703242,-73.778672,40.621134,-73.813764,2,26.10
40.762728,-73.974459,40.590063,-73.863526,1,56.17
40.747847,-73.720086,40.647747,-73.827809,1,34.32
40.778069,-73.730825,40.711943,-73.986349,5,53.42
40.701920,-74.014231,40.691197,-73.740118,2,59.13
40.585548,-73.886825,40.624657,-73.739771,1,43.96
40.852338,-73.840632,40.591844,-73.867767,2,130.71
40.820833,-73.771477,40.801592,-73.960844,4,39.89
40.617219,-73.727091,40.758167,-73.801791,1,44.24
40.783783,-73.918272,40.850241,-73.735322,2,42.61
40.832752,-73.734649,40.629783,-73.812520,2,59.45
40.625812,-73.975619,40.802320,-73.893585,3,51.50
40.560478,-73.906477,40.680967,-73.803206,1,46.30
40.634933,-73.950618,40.892670,-73.902951,1,73.21
40.629953,-73.851854,40.625473,-73.793420,1,13.02
40.634169,-73.791531,40.686975,-73.925241,1,30.10
40.736680,-73.855862,40.777671,-73.841229,1,12.15
40.619830,-73.876975,40.793268,-73.818383,1,46.41
40.818455,-73.961495,40.624213,-73.830438,1,60.18
40.571400,-73.765981,40.785436,-73.952182,1,70.83
40.738264,-73.912533,40.814911,-73.753415,1,36.74
40.815031,-73.723208,40.824942,-73.751380,2,8.21
40.635135,-73.901532,40.821945,-73.977057,2,51.46
40.854019,-73.935358,40.613441,-73.907708,1,63.44
40.567753,-73.949551,40.589204,-73.848943,1,23.05
40.738514,-73.997191,40.650790,-74.009940,1,26.98
40.714395,-74.000935,40.669506,-73.831994,1,36.63
40.655109,-73.955840,40.804679,-73.967242,2,38.41
40.716016,-73.857504,40.656367,-73.925149,3,26.11
40.763423,-73.844035,40.735069,-73.854892,2,7.45
40.851029,-73.870696,40.601630,-74.000113,1,119.85
40.726454,-73.798787,40.577497,-73.814457,1,44.39
40.822423,-73.795835,40.760481,-73.802778,1,19.79
40.570018,-73.918058,40.769926,-73.763433,1,68.57
40.756434,-73.947093,40.589799,-73.989860,1,55.34
40.637737,-73.806092,40.653095,-73.780310,1,6.33
40.866086,-73.969642,40.885528,-73.854556,1,22.83
40.790520,-73.980838,40.582167,-73.848796,1,63.02
40.894247,-74.025651,40.654548,-73.721235,1,92.28
40.621739,-73.809082,40.609074,-73.895420,1,20.48
40.771185,-73.913400,40.695143,-73.926486,1,20.10
40.766073,-73.806190,40.817254,-74.002161,3,47.35
40.644741,-73.732346,40.844702,-73.985692,1,73.60
40.882502,-73.883693,40.725144,-73.951390,2,49.34
40.636700,-73.774447,40.889339,-73.765820,2,72.40
40.700190,-73.879621,40.898690,-73.896002,1,58.62
40.874270,-73.894838,40.634019,-73.934421,1,68.71
40.842997,-73.947318,40.807678,-73.772000,2,34.97
40.845026,-73.771790,40.716973,-73.850230,1,42.12
40.621740,-73.925387,40.873068,-73.832686,2,69.26
40.857565,-73.734266,40.878444,-73.833279,5,23.04
40.809113,-74.019452,40.623399,-73.920110,1,57.11
40.873227,-73.771300,40.819274,-73.757624,1,19.35
40.774874,-73.808869,40.623521,-73.739775,1,47.36
40.792352,-73.845970,40.591438,-73.941822,1,59.09
40.763129,-73.753139,40.681681,-73.803043,1,28.32
40.735342,-73.749299,40.592166,-73.736861,1,42.56
40.569489,-73.751260,40.833711,-73.955235,2,81.58
40.601960,-73.866973,40.837886,-73.901218,1,69.42
40.865528,-74.013091,40.626153,-73.751871,2,91.63
40.733012,-73.927866,40.624025,-73.782691,2,47.40
40.888865,-73.906392,40.661409,-73.923768,5,67.07
40.785215,-73.834348,40.786310,-73.987357,1,29.85
40.848437,-73.934048,40.645397,-73.757621,1,61.71
40.863026,-73.878460,40.604110,-73.728508,1,76.70
40.679491,-73.984370,40.635710,-73.935942,1,19.62
40.570336,-73.967884,40.703263,-73.928145,1,39.59
40.877768,-73.977970,40.711091,-73.753489,4,69.54
40.784206,-73.906104,40.867975,-73.883208,3,24.74
40.878563,-74.014166,40.722441,-73.871522,1,55.68
40.734622,-73.734835,40.832214,-74.013214,2,63.05
40.667044,-74.026236,40.695249,-73.984269,2,13.51
40.648943,-73.900575,40.779568,-73.744192,1,46.01
40.713600,-73.907967,40.768269,-73.839444,1,25.68
40.670611,-73.984958,40.582114,-73.987676,4,26.39
40.616645,-73.751865,40.673389,-74.018120,1,57.78
40.699090,-73.899785,40.680608,-73.953675,2,15.90
40.780267,-74.013545,40.627124,-74.001319,2,44.82
40.891024,-73.824787,40.872100,-73.830897,2,9.00
40.654125,-73.889296,40.593349,-73.886785,3,18.50
40.583409,-74.010290,40.669466,-73.888647,1,34.63
40.705842,-73.804150,40.640918,-73.969263,1,42.76
40.797717,-73.929639,40.868740,-73.816992,1,30.85
40.697910,-73.762838,40.662845,-73.776480,1,11.64
40.721947,-74.025986,40.811831,-73.874130,2,41.57
40.615242,-73.763401,40.815173,-73.949543,1,69.25
40.621822,-73.994689,40.684864,-73.768554,1,49.44
40.776245,-74.005094,40.638083,-73.817176,1,57.97
40.598164,-74.023266,40.642660,-74.028159,1,14.68
40.603823,-73.910931,40.831038,-73.733146,2,72.96
40.873277,-73.864002,40.777042,-74.028989,2,43.87
40.644719,-73.999047,40.733896,-73.766006,3,53.88
40.874780,-73.903452,40.588440,-73.902975,2,76.18
40.885766,-73.881910,40.654170,-73.921091,2,74.42
40.600834,-73.911162,40.768192,-73.955549,2,45.25
40.638509,-73.764820,40.716430,-73.895308,1,35.67
40.720795,-73.736783,40.713444,-73.839939,3,25.01
40.645339,-74.014184,40.796177,-74.021398,6,44.24
40.811150,-73.821481,40.852176,-73.796135,2,14.33
40.562212,-73.881520,40.676804,-73.943987,5,39.06
40.797909,-73.865174,40.709164,-73.906330,1,27.33
40.858363,-73.747110,40.778561,-73.835873,1,34.49
40.617962,-73.941804,40.684017,-73.971589,1,18.45
40.591732,-73.892759,40.622776,-73.936389,4,15.04
40.613073,-73.783917,40.849940,-73.958628,1,75.59
40.779077,-73.728383,40.566540,-73.997549,1,84.67
40.783750,-73.846367,40.715008,-73.727027,2,32.91
40.789509,-73.859878,40.667137,-73.947042,2,41.23
40.875807,-73.871409,40.620198,-73.794505,2,74.03
40.864614,-73.932029,40.663618,-73.742520,2,67.20
40.739500,-74.011749,40.833541,-73.869177,3,40.56
40.616074,-73.983975,40.575378,-73.778716,4,51.06
40.571829,-74.001641,40.594981,-73.845504,1,31.46
40.622742,-73.838943,40.684186,-73.841138,2,19.36
40.762069,-73.844276,40.785621,-74.025633,3,42.73
40.739494,-73.838175,40.581777,-73.743103,1,52.62
40.601954,-74.012961,40.841688,-73.778115,2,78.86
40.812847,-73.959926,40.662330,-73.951404,1,43.65
40.596351,-73.952938,40.858986,-73.976400,1,71.96
40.691618,-73.726645,40.607171,-73.962513,1,60.94
40.634343,-74.000958,40.786759,-73.831171,1,53.55
40.751130,-73.783310,40.735749,-74.017905,1,50.27
40.734977,-74.006249,40.846943,-73.804896,1,50.09
40.774127,-73.723107,40.775017,-73.879307,3,33.78
40.644840,-73.925419,40.725373,-73.849416,2,30.96
40.606448,-73.799751,40.821318,-73.945435,1,72.95
40.714115,-73.757029,40.573143,-73.994730,1,62.95
40.882321,-73.748221,40.758570,-73.947890,3,53.23
40.816373,-74.002610,40.850879,-73.721547,1,61.74
40.747557,-73.870260,40.850536,-73.888719,1,27.14
40.849801,-73.945557,40.768040,-73.981710,1,25.59
40.585230,-73.936084,40.856664,-73.935669,1,76.91
40.626097,-74.023844,40.887978,-73.848178,2,87.43
40.607729,-73.940129,40.783507,-73.766839,1,63.42
40.767036,-73.822362,40.647408,-73.800990,1,35.23
40.769806,-74.010549,40.802187,-73.999838,1,11.75
40.831156,-73.728855,40.894328,-74.010233,1,63.55
40.837302,-73.893998,40.757478,-73.933114,2,25.40
40.577467,-73.978991,40.571627,-73.946171,3,9.39
40.896715,-74.012679,40.877210,-73.886310,1,25.74
40.693999,-74.009442,40.592641,-73.723155,2,70.38
40.675585,-73.932849,40.667992,-73.963820,3,10.22
40.870322,-73.973945,40.769813,-73.858796,3,39.50
40.667386,-73.845507,40.756549,-73.823071,4,29.60
40.571846,-73.879914,40.584400,-73.833806,2,12.48
40.886801,-73.916439,40.868420,-73.757601,1,36.04
40.771302,-73.779339,40.867644,-73.897224,2,37.42
40.655846,-73.790617,40.750513,-73.914377,3,37.20
40.587198,-73.784260,40.601250,-73.999095,1,44.73
40.878219,-73.786397,40.809169,-73.996999,1,43.95
40.869868,-73.833082,40.795049,-73.737758,4,30.11
40.610510,-73.966137,40.746704,-73.896783,4,47.51
40.857133,-73.988650,40.679638,-73.979279,1,50.78
40.643966,-73.892131,40.711695,-73.804927,1,30.76
40.563386,-73.990726,40.653275,-73.996947,2,31.02
40.606639,-73.794990,40.801201,-74.014056,5,73.61
40.617291,-73.822597,40.687954,-73.954057,2,37.41
40.649769,-73.845555,40.663748,-73.720641,1,26.40
40.824086,-73.869141,40.609613,-74.015856,1,66.64
40.652052,-74.020565,40.577478,-73.738852,3,67.26
40.560078,-73.976209,40.632990,-73.965500,2,19.69
40.717961,-73.974932,40.622293,-73.905242,2,33.41
40.891290,-73.853671,40.652127,-73.876197,1,72.85
40.844512,-73.849795,40.785514,-73.793839,1,23.14
40.699613,-73.812517,40.798682,-73.960591,1,43.00
40.821087,-73.736552,40.742689,-73.954340,1,45.89
40.832062,-73.914573,40.800073,-73.724725,1,45.51
40.806968,-73.982940,40.669054,-73.875180,1,44.77
40.756491,-73.886686,40.608127,-73.861558,1,42.85
40.579431,-74.009035,40.587772,-73.873101,1,31.84
40.630715,-73.905337,40.867671,-74.024451,2,69.71
40.784405,-73.722886,40.636443,-74.013254,3,73.44
40.589584,-73.834666,40.805746,-73.971881,1,70.29
40.562309,-73.792841,40.585834,-74.014604,2,49.04
40.658792,-73.944830,40.782533,-73.860201,1,39.58
40.771877,-73.904781,40.829993,-73.871283,2,17.72
40.849424,-73.865189,40.668463,-73.831219,1,49.16
40.652227,-74.006861,40.655622,-73.974960,1,10.06
40.621328,-73.876789,40.787544,-73.753822,4,60.68
40.683160,-73.932432,40.823198,-73.997344,3,43.89
40.617618,-73.762952,40.589060,-73.828617,4,19.87
40.636501,-73.792114,40.854839,-73.981785,1,66.54
40.582194,-73.806323,40.621398,-73.901991,1,26.12
40.639402,-73.786525,40.560615,-73.949089,3,40.86
40.621897,-73.798434,40.818763,-73.834979,1,54.05
40.792693,-73.830990,40.752543,-73.861651,1,13.97
40.622708,-73.744919,40.856379,-73.827606,2,70.02
40.876781,-73.846005,40.760662,-73.999599,1,45.27
40.571038,-73.720175,40.576067,-73.766365,2,12.04
40.670767,-73.814820,40.709963,-73.988802,1,41.31
40.693502,-73.881324,40.780314,-73.732182,1,36.89
40.774403,-73.875016,40.592470,-73.751189,1,61.35
40.766408,-73.804830,40.669156,-73.977066,1,45.35
40.583715,-73.885050,40.695211,-73.953962,2,35.63
40.751346,-73.767065,40.700006,-73.972689,4,50.03
40.740611,-74.006599,40.631636,-73.755737,3,61.80
40.652693,-73.939032,40.831701,-73.844258,4,54.74
40.659337,-73.750792,40.731019,-73.942792,5,42.92
40.589912,-73.876857,40.821343,-73.982205,1,64.14
40.753740,-73.805193,40.689886,-73.727655,1,30.57
40.818199,-73.749748,40.647065,-73.751409,1,52.87
40.749754,-73.823997,40.684657,-73.841470,3,18.93
40.685354,-73.871406,40.672381,-73.883877,2,6.21
40.832248,-73.867961,40.642764,-73.995527,3,53.66
40.663277,-74.026114,40.859084,-73.902697,1,63.55
40.837435,-73.816242,40.809616,-73.730144,1,19.73
40.634112,-73.760019,40.571362,-73.909320,1,35.53
40.794485,-73.752864,40.620582,-73.764763,1,50.18
40.611666,-73.947268,40.634198,-73.793081,1,36.38
40.743496,-73.827072,40.739691,-73.843974,4,7.54
40.806959,-73.927307,40.597967,-73.770544,1,63.13
40.829651,-73.833801,40.631488,-73.813168,1,54.31
40.688337,-73.792186,40.886935,-73.830260,1,60.52
40.824744,-73.955679,40.699730,-73.865799,2,61.78
40.753847,-73.951400,40.617614,-73.799288,1,46.32
40.760445,-73.825371,40.817288,-73.893849,1,22.86
40.605362,-73.811942,40.710850,-73.859334,5,31.94
40.828081,-73.733195,40.883191,-73.906261,2,42.78
40.758882,-73.863222,40.668784,-73.789405,1,32.35
40.635202,-73.822845,40.696215,-73.954031,1,33.08
40.895744,-73.743947,40.871083,-74.004478,2,51.63
40.715725,-73.919093,40.590084,-73.816610,1,39.56
40.615225,-73.957064,40.783445,-73.962745,1,45.44
40.860374,-73.739210,40.575170,-73.730403,1,81.25
40.571076,-73.743014,40.814677,-73.772872,4,73.03
40.635820,-74.024951,40.759199,-73.723877,3,74.26
40.760368,-73.987116,40.797701,-73.883922,1,23.65
40.854458,-73.846016,40.732713,-73.955840,2,40.52
40.870400,-73.794626,40.792954,-73.867372,1,33.93
40.670364,-73.953508,40.862860,-73.831496,2,59.21
40.757319,-73.869164,40.840003,-73.798745,1,31.70
40.893803,-73.859137,40.603791,-73.845274,1,78.90
40.677643,-73.785056,40.644606,-73.742371,1,13.81
40.759209,-73.955842,40.597336,-73.879402,2,47.87
40.734177,-74.020597,40.814832,-73.897924,2,32.37
40.661512,-73.774077,40.827536,-73.946299,1,56.32
40.837455,-73.877624,40.576419,-73.831209,1,70.20
40.867829,-73.869746,40.684536,-73.923067,1,51.96
40.668091,-73.795752,40.712731,-73.901565,1,25.05
40.588680,-73.738735,40.635956,-73.907285,1,35.13
40.853734,-73.945981,40.624532,-73.864046,1,63.89
40.803780,-73.862401,40.564273,-73.740328,2,77.78
40.638571,-73.905731,40.748045,-74.006818,2,41.21
40.591003,-73.791527,40.765238,-74.013514,2,70.23
40.832079,-73.762744,40.685040,-73.789306,4,46.24
40.717932,-73.857008,40.640201,-73.889173,2,24.33
40.792787,-73.781657,40.815483,-73.790916,1,9.88
40.828825,-73.791116,40.863149,-73.774559,1,12.13
40.723727,-73.969447,40.783972,-73.814013,1,34.02
40.708965,-73.989577,40.770107,-73.991506,1,16.91
40.714494,-73.990546,40.670852,-74.006952,1,16.16
40.645354,-73.939630,40.810557,-73.977913,1,49.98
40.594979,-73.831809,40.838459,-73.967723,2,81.41
40.688695,-73.793990,40.778174,-73.839504,1,27.81
40.667223,-74.014440,40.853637,-73.951651,1,57.34
40.844143,-74.011980,40.749018,-73.833654,1,46.90
40.634722,-74.022587,40.610897,-73.848238,1,37.27
40.583295,-73.811805,40.687861,-73.922473,2,35.82
40.600188,-73.925712,40.655358,-74.020873,1,26.99
40.889631,-73.792618,40.800282,-73.833807,1,30.05
40.640314,-73.814941,40.699485,-73.952690,2,32.71
40.760547,-73.850988,40.887159,-73.733190,1,45.20
40.801738,-73.877375,40.897919,-74.029594,3,40.81
40.784647,-73.912032,40.707597,-73.859532,1,24.13
40.841105,-73.755274,40.696890,-73.847688,1,45.54
40.649305,-73.996192,40.634595,-73.982597,2,9.38
40.889955,-73.966620,40.716605,-73.967787,1,46.37
40.664542,-73.909803,40.632110,-73.834465,1,18.83
40.704387,-73.837055,40.730093,-73.867359,1,11.91
40.707408,-73.793920,40.828320,-73.853493,3,38.02
40.743198,-73.776290,40.665710,-73.726286,1,22.46
40.594163,-73.794685,40.707410,-73.725747,1,33.13
40.769879,-73.794389,40.753021,-73.758531,1,10.17
40.598814,-73.989063,40.569218,-73.767713,1,44.51
40.635662,-73.787624,40.572873,-73.987684,1,46.55
40.604081,-73.878035,40.708385,-73.962501,1,38.73
40.721780,-73.851781,40.562246,-73.770151,1,46.62
40.562567,-73.771161,40.743096,-74.017781,1,72.47
40.662033,-73.759731,40.749261,-73.808324,1,28.01
40.791596,-73.854199,40.625618,-73.759635,1,48.83
40.669665,-73.721324,40.823867,-73.857938,4,54.28
40.736836,-73.722008,40.695740,-73.872912,5,35.48
40.748357,-73.988582,40.586705,-73.974056,2,42.66
40.882161,-74.016758,40.774645,-73.926186,1,37.65
40.733748,-73.996852,40.803798,-73.919682,5,28.21
40.776785,-73.801172,40.829801,-73.936761,3,33.98
40.568154,-74.027894,40.784547,-73.741120,1,85.70
40.841831,-73.957461,40.816518,-73.845028,1,25.31
40.615343,-73.884134,40.673861,-73.853446,4,19.77
40.845022,-73.881626,40.640353,-73.732188,1,65.89
40.629368,-74.002145,40.584041,-73.959667,1,17.14
40.681404,-73.932113,40.868418,-73.762851,2,64.45
40.805100,-73.849010,40.578484,-73.813237,1,60.32
40.659103,-73.863090,40.616789,-73.986087,1,28.53
40.599651,-73.807062,40.679967,-74.026250,2,51.21
40.876236,-73.727589,40.874291,-73.738827,2,5.88
40.641962,-73.828369,40.696491,-74.022565,1,43.58
40.623665,-73.872832,40.613373,-73.940451,2,18.14
40.897925,-74.016539,40.586806,-73.777807,3,98.23
40.772709,-73.733412,40.656866,-73.918444,1,53.82
40.629712,-73.854288,40.668875,-73.825297,1,16.12
40.630090,-73.901468,40.580079,-73.887477,3,16.08
40.697221,-73.877797,40.700438,-73.936736,2,14.88
40.728523,-73.813939,40.752105,-74.012853,1,40.02
40.687815,-73.920268,40.741491,-73.812291,1,28.24
40.848679,-73.893895,40.742103,-73.809723,1,36.27
40.787599,-73.882685,40.571473,-73.828466,1,53.76
40.671782,-73.979247,40.618015,-73.760235,1,47.07
40.594508,-73.779515,40.642374,-73.991031,1,48.01
40.893116,-73.775323,40.866148,-73.868927,1,26.38
40.678233,-73.778618,40.833219,-73.801753,2,45.09
40.629540,-73.836961,40.578483,-73.810771,1,17.39
40.673347,-73.893071,40.636250,-73.879062,1,12.31
40.714851,-73.961381,40.679003,-73.869715,1,23.01
40.762270,-73.780422,40.584558,-73.768081,1,46.83
40.746088,-73.861051,40.569584,-73.820482,1,47.04
40.738929,-73.829109,40.781659,-73.973226,1,33.52
40.861282,-73.741264,40.882022,-73.852250,2,30.65
40.698845,-73.734453,40.738593,-73.733316,2,15.83
40.862307,-73.885293,40.787313,-73.792367,2,28.13
40.860721,-73.994135,40.836232,-73.838648,2,34.50
40.736687,-73.856702,40.573605,-73.838189,1,46.79
40.758893,-73.981707,40.611231,-73.841833,2,52.12
40.688558,-73.941718,40.613853,-73.872180,1,25.16
40.762774,-73.787916,40.674260,-73.877975,1,34.99
40.707752,-73.789647,40.872854,-73.951443,2,59.11
40.741396,-73.905428,40.789537,-74.022448,2,30.54
40.837154,-73.774807,40.811944,-73.938975,1,40.04
40.656421,-73.997942,40.648950,-73.767756,2,45.89
40.836502,-73.921475,40.724491,-73.733437,3,98.07
40.876691,-74.012793,40.849434,-73.797861,1,42.04
40.734601,-73.747678,40.631335,-73.784714,2,33.27
40.654668,-73.757582,40.649335,-73.842111,1,19.05
40.573955,-73.844684,40.871194,-73.801188,1,87.91
40.822587,-73.990216,40.703329,-73.789071,2,60.08
40.786588,-73.957878,40.811984,-73.750841,1,44.68
40.844303,-73.722000,40.830260,-73.922662,4,40.43
40.868725,-73.856352,40.879922,-73.867384,2,9.78
40.770438,-73.732554,40.571638,-73.819912,1,52.60
40.623927,-73.883100,40.619524,-73.796884,1,19.63
40.754928,-73.933650,40.749225,-73.922591,1,5.66
40.867835,-74.020971,40.618216,-73.883181,1,77.40
40.597758,-73.902451,40.755176,-73.830470,2,48.30
40.773697,-73.837998,40.891341,-73.874944,1,32.79
40.717591,-73.953088,40.872864,-73.819485,2,54.57
40.656744,-73.835540,40.813107,-73.856653,4,47.01
40.640043,-73.936714,40.686854,-73.889557,1,19.64
40.748739,-73.771485,40.703083,-73.930070,1,36.92
40.860024,-73.929374,40.839962,-73.836415,3,22.96
40.661991,-74.017114,40.586401,-73.818112,3,50.87
40.881561,-73.831396,40.871518,-73.774535,1,12.83
40.899752,-73.994287,40.642843,-73.904192,3,73.39
40.799460,-73.847896,40.639493,-73.993185,1,54.92
40.641979,-73.952656,40.636052,-73.799655,1,34.15
40.607248,-73.928050,40.771027,-73.854415,2,49.17
40.748261,-73.767211,40.889537,-73.790872,5,44.55
40.722408,-73.867765,40.736065,-73.811394,2,10.60
40.785038,-73.864967,40.833235,-73.978905,3,27.26
40.693250,-73.815524,40.564132,-73.789155,2,39.04
40.706711,-73.951519,40.766585,-73.925901,3,19.88
40.581436,-73.893303,40.633307,-73.795122,3,28.09
40.718228,-73.741308,40.637388,-73.921494,1,44.23
40.888656,-73.815868,40.889188,-73.931131,1,26.15
40.874807,-73.974710,40.727817,-73.749252,2,60.84
40.688240,-73.735874,40.644322,-74.011781,1,58.95
40.854506,-73.992071,40.730832,-73.897664,1,42.75
40.888167,-73.821938,40.699283,-73.868807,1,51.91
40.614527,-73.878627,40.729125,-73.949996,1,37.08
40.730210,-73.744747,40.822799,-73.747165,2,26.17
40.720620,-73.976546,40.648657,-73.856457,2,36.30
40.786007,-73.793785,40.704324,-73.971033,1,41.26
40.579342,-73.854415,40.717942,-73.959875,1,43.94
40.861333,-73.970073,40.636975,-73.733695,4,76.88
40.757030,-73.749798,40.584946,-73.769720,1,51.64
40.868414,-73.996524,40.818621,-73.977740,3,16.14
40.806223,-73.737267,40.766583,-73.721438,1,12.83
40.847644,-73.814969,40.640383,-73.847250,3,57.03
40.725936,-73.866263,40.873110,-73.847131,1,46.61
40.746886,-74.006060,40.629564,-73.833571,2,48.15
40.622734,-73.746356,40.773376,-73.755118,5,46.29
40.873070,-73.748376,40.883141,-73.811732,2,15.74
40.687972,-73.922085,40.601507,-73.852292,1,30.53
40.641659,-73.950512,40.699052,-73.788391,1,59.28
40.812662,-73.949332,40.837089,-73.853129,1,19.16
40.583613,-74.001148,40.724919,-73.786023,1,57.94
40.849083,-73.849009,40.575083,-73.963534,2,82.65
40.725034,-73.758861,40.824644,-74.003499,1,58.53
40.877404,-73.863574,40.823466,-73.919320,1,21.23
40.687461,-73.963679,40.780865,-73.945450,2,29.79
40.656170,-73.908737,40.692388,-73.927836,3,13.24
40.770134,-73.796229,40.570335,-73.915364,1,62.14
40.660355,-73.724887,40.771710,-73.782722,1,38.57
40.684545,-73.772583,40.689118,-73.727041,2,14.51
40.592179,-73.995582,40.621649,-73.903246,1,25.10
40.663937,-73.846327,40.592356,-73.925693,5,44.02
40.830042,-73.799168,40.749000,-73.917973,1,35.81
40.777448,-73.938421,40.677674,-73.890312,2,32.67
40.697367,-73.880290,40.698215,-73.739392,4,33.45
40.701057,-73.757731,40.672941,-73.769579,1,11.90
40.737360,-73.966805,40.647632,-73.925704,2,27.93
40.668325,-73.837765,40.669347,-73.956300,2,27.11
40.679510,-73.825717,40.763815,-73.901332,1,32.13
40.718096,-73.870188,40.826540,-73.892052,1,28.41
40.888569,-74.016958,40.765646,-73.934276,2,42.42
40.734579,-73.822869,40.716071,-74.000718,3,37.69
40.628451,-73.843283,40.849242,-73.959024,1,60.32
40.784593,-73.945489,40.880892,-73.992874,2,29.81
40.758310,-73.904214,40.654875,-73.735298,2,45.74
40.729231,-73.845396,40.685233,-73.919629,2,22.58
40.617219,-73.998712,40.736459,-73.850981,1,45.74
40.879150,-73.959162,40.859158,-73.886373,2,18.08
40.707318,-73.811994,40.752136,-73.769293,1,18.84
40.759523,-73.917756,40.883229,-73.890082,1,36.59
40.724103,-73.888160,40.675293,-73.878783,2,16.82
40.766440,-73.839078,40.855745,-73.794365,1,25.11
40.710931,-73.942532,40.857212,-74.007902,1,42.30
40.892102,-73.836717,40.844212,-73.883108,2,17.85
40.783653,-73.853552,40.661077,-73.968395,2,46.52
40.852440,-73.926216,40.875038,-74.007372,2,19.05
40.634422,-73.752065,40.602124,-73.841898,1,22.40
40.706532,-73.978441,40.880279,-73.873678,1,47.95
40.575579,-73.735520,40.796503,-73.722786,1,62.59
40.760465,-73.795047,40.871569,-73.777711,1,29.51
40.857866,-73.987883,40.736474,-73.846724,1,47.24
40.750946,-73.842660,40.764733,-73.968274,1,27.07
40.783373,-73.778385,40.777874,-73.920852,1,28.44
40.677964,-73.814392,40.720723,-73.885098,2,20.08
40.706713,-73.940874,40.739222,-73.739402,1,48.60
40.799874,-73.749379,40.739247,-73.981300,1,49.73
40.572772,-73.982628,40.642119,-73.947489,1,21.37
40.728666,-73.915646,40.640095,-73.859646,1,26.96
40.583955,-73.929055,40.605928,-73.985325,1,16.08
40.808930,-73.840046,40.670488,-73.754049,3,44.78
40.600908,-73.855941,40.599238,-73.858096,1,4.78
40.590244,-73.980983,40.670875,-73.853965,5,38.53
40.892157,-73.997743,40.611630,-73.759036,2,91.12
40.591681,-73.916033,40.608937,-73.846683,2,14.11
40.767239,-73.863214,40.838564,-73.938665,2,27.21
40.610849,-73.807410,40.728663,-73.877535,1,43.40
40.703767,-73.808923,40.890738,-73.736424,1,58.54
40.792144,-73.909230,40.783410,-73.735993,1,37.51
40.772153,-73.965703,40.773804,-73.936077,1,7.84
40.582600,-73.848748,40.773569,-73.783684,2,58.18
40.754941,-73.891101,40.878467,-73.737594,1,46.31
40.578170,-73.729276,40.897300,-73.817345,1,89.30
40.599122,-73.941273,40.714404,-73.916481,3,36.51
40.781006,-73.745579,40.625339,-73.864499,1,49.68
40.764995,-73.892930,40.566960,-73.741403,1,64.25
40.676772,-73.821201,40.784454,-73.865547,5,35.68
40.802477,-73.921657,40.644829,-73.965288,3,51.22
40.669616,-73.798053,40.624400,-73.953325,3,62.16
40.751491,-73.918170,40.634859,-73.830363,1,36.79
40.671021,-73.903566,40.826463,-73.765477,1,54.87
40.640946,-73.798829,40.648296,-73.880355,1,22.73
40.859975,-74.001622,40.655045,-73.865418,1,60.49
40.786359,-73.984758,40.682806,-73.980702,1,32.59
40.566373,-73.881936,40.680228,-73.747773,4,46.49
40.590133,-73.778026,40.604151,-73.964735,3,40.68
40.591298,-73.968377,40.631117,-73.753943,1,75.40
40.828679,-73.992002,40.869896,-73.834430,1,40.71
40.878660,-73.767032,40.811480,-73.732078,1,22.51
40.819820,-73.747701,40.835785,-73.947972,1,42.15
40.862642,-73.779895,40.746914,-73.794880,1,34.76
40.585508,-73.851981,40.576254,-73.957033,2,24.73
40.735315,-73.756214,40.793081,-73.830206,4,24.69
40.881773,-73.739868,40.611500,-73.843529,1,135.88
40.862731,-73.730609,40.772532,-73.904090,4,46.67
40.584913,-73.815636,40.796178,-73.866668,2,58.07
40.839715,-73.880852,40.759722,-73.769239,1,33.98
40.769350,-73.788610,40.590572,-73.856042,1,53.09
40.731706,-73.987944,40.739249,-73.856326,1,30.78
40.786858,-73.788927,40.825543,-73.907609,1,29.36
40.596176,-73.890528,40.798988,-73.900235,1,57.53
40.588068,-73.722622,40.714033,-73.918953,2,57.62
40.612649,-73.734430,40.617266,-73.954833,1,45.36
40.633618,-73.879276,40.824175,-73.820715,3,53.20
40.636524,-73.868526,40.765580,-73.881343,2,33.62
40.630524,-73.818399,40.592094,-73.841044,3,13.75
40.709027,-73.899266,40.789940,-73.948246,2,27.62
40.592925,-73.943475,40.888148,-73.811084,4,83.85
40.853354,-73.783164,40.611949,-74.028554,2,89.71
40.886299,-74.018788,40.709396,-73.960286,2,54.62
40.587331,-73.854458,40.610006,-73.852530,3,12.66
40.889057,-73.881038,40.588581,-73.884131,3,82.97
40.631268,-74.003911,40.749728,-73.989315,2,39.75
40.651875,-73.839369,40.684626,-74.021412,1,37.66
40.682127,-73.758437,40.636989,-73.836415,1,18.94
40.816972,-73.725134,40.775636,-73.811021,4,26.56
40.754492,-74.002674,40.582948,-73.821343,1,70.85
40.764535,-73.980170,40.849449,-73.755000,4,52.99
40.814472,-73.743809,40.757861,-73.950407,1,46.77
40.885124,-73.810751,40.607510,-73.844773,2,79.47
40.589709,-73.875168,40.701214,-74.007880,1,42.73
40.667749,-73.819269,40.625151,-73.918337,2,23.93
40.576740,-73.793467,40.603839,-73.885216,2,21.33
40.573131,-73.831281,40.725451,-73.760874,1,45.49
40.570725,-73.960935,40.708898,-73.877864,5,44.28
40.878016,-73.821629,40.865888,-73.977396,1,31.51
40.895689,-73.729858,40.738636,-73.874722,1,53.00
40.667453,-73.873205,40.650997,-74.023935,1,34.59
40.790661,-73.743029,40.603420,-73.808773,1,49.69
40.652569,-73.990004,40.843474,-73.996912,2,55.30
40.655858,-73.849702,40.738988,-74.026852,1,45.67
40.563635,-74.009124,40.783664,-73.920369,5,70.49
40.882341,-74.029811,40.886448,-73.825186,2,47.04
40.624988,-73.947430,40.662791,-74.021778,1,19.51
40.560763,-73.741728,40.665282,-73.919946,1,50.96
40.842667,-73.770225,40.863088,-74.002813,1,51.84
40.587720,-73.838684,40.726580,-73.922301,2,42.92
40.806363,-73.744689,40.706327,-73.790914,1,31.40
40.560561,-73.822769,40.731379,-73.835286,1,48.85
40.874267,-73.868255,40.586339,-73.755308,1,87.84
40.653235,-73.772719,40.799247,-73.754561,2,36.17
40.655426,-73.744470,40.670574,-73.856746,1,26.97
40.860721,-73.832713,40.753671,-73.973239,1,45.21
40.639577,-73.832386,40.588094,-73.773402,2,21.37
40.795414,-74.025239,40.857488,-73.755531,2,60.63
40.718493,-73.936500,40.679974,-73.762928,2,41.70
40.848649,-73.995427,40.670644,-73.800955,2,70.26
40.650986,-73.821614,40.610246,-74.017018,2,44.60
40.604088,-74.006873,40.635246,-73.842150,3,38.12
40.597668,-73.872840,40.852924,-73.958123,1,71.87
40.617300,-73.751206,40.878021,-73.899421,2,73.12
40.779928,-73.735399,40.581216,-74.029145,2,84.68
40.880519,-73.993848,40.604201,-74.025030,2,79.13
40.770770,-73.774622,40.707965,-73.848244,1,39.67
40.569597,-73.878762,40.763326,-73.970960,1,60.18
40.664952,-73.947460,40.588322,-73.724077,1,51.19
40.577542,-73.790920,40.726589,-74.011908,1,61.02
40.741206,-73.948517,40.852895,-73.797824,1,48.46
40.654515,-73.849839,40.741515,-73.984368,1,40.09
40.831521,-73.948743,40.725531,-73.833319,2,38.68
40.630504,-73.776428,40.754464,-73.751853,2,57.28
40.893051,-73.820849,40.650856,-73.910415,1,67.88
40.560334,-73.942828,40.767367,-73.836572,2,58.64
40.744259,-73.737824,40.571524,-73.815725,2,54.56
40.702185,-73.762068,40.824713,-73.966915,2,51.40
40.714352,-73.775561,40.847195,-74.013430,2,62.15
40.733588,-73.883429,40.823398,-73.878564,1,23.02
40.732861,-74.009250,40.792628,-73.936185,1,25.71
40.856661,-73.880859,40.717863,-73.804010,2,42.75
40.617069,-73.752565,40.878911,-73.983502,3,152.98
40.841046,-73.895778,40.663183,-73.853181,1,48.30
40.810510,-73.757540,40.894035,-73.780768,1,24.38
40.664937,-73.879317,40.828343,-73.816951,1,86.37
40.890693,-73.803514,40.639713,-73.862166,1,70.24
40.714440,-73.900664,40.598819,-73.789443,1,40.42
40.743729,-73.871017,40.705838,-73.771009,1,24.76
40.638411,-73.882882,40.646343,-73.850464,1,11.59
40.756363,-73.913865,40.617703,-73.862273,1,39.05
40.703798,-73.999528,40.828336,-73.883349,4,45.39
40.884133,-73.975866,40.662981,-73.747294,2,79.03
40.591225,-73.770370,40.886205,-73.841598,1,81.46
40.777213,-73.905888,40.580176,-74.002113,1,56.22
40.855492,-74.026467,40.601205,-73.978417,1,72.99
40.873958,-73.858827,40.756475,-73.988088,1,48.19
40.778420,-73.868522,40.695593,-73.919289,1,25.01
40.646456,-73.895814,40.618432,-73.932163,1,13.54
40.739763,-73.766947,40.655322,-73.762299,1,26.73
40.700776,-73.935960,40.650212,-73.828360,1,29.10
40.641870,-73.780508,40.677334,-73.867546,2,24.40
40.622032,-73.770066,40.686937,-73.783880,1,16.79
40.623401,-73.747916,40.837186,-73.996002,1,83.93
40.753513,-73.819355,40.650554,-74.029449,1,56.15
40.766774,-73.727896,40.891258,-73.895403,2,47.05
40.699745,-73.934213,40.664650,-73.928942,1,11.09
40.870202,-73.757948,40.593076,-73.806892,1,71.40
40.720766,-73.934353,40.710154,-73.818210,1,22.99
40.602871,-73.735867,40.709101,-73.953298,2,47.95
40.615725,-73.747722,40.826749,-73.978173,1,74.70
40.562624,-73.868713,40.584886,-74.021978,1,35.59
40.733533,-73.870214,40.850984,-73.823881,2,34.78
40.592640,-73.882659,40.851031,-73.747737,5,80.57
40.643943,-73.920139,40.811460,-74.006400,2,49.64
40.670436,-73.834722,40.620071,-73.922400,1,24.77
40.591788,-73.784855,40.642602,-74.012317,2,51.89
40.606487,-74.004014,40.755566,-73.967095,2,48.56
40.790884,-73.867745,40.605232,-73.817698,1,51.04
40.802681,-73.875912,40.784168,-73.828967,2,11.94
40.825865,-73.953110,40.761408,-73.800395,3,40.82
40.794162,-73.937250,40.830589,-73.827857,2,24.37
40.691497,-73.945408,40.789040,-73.935526,5,29.54
40.742946,-73.736865,40.698794,-73.882189,1,34.63
40.754398,-73.810920,40.748677,-73.951147,2,30.99
40.656268,-73.831440,40.626620,-73.848649,1,10.06
40.797304,-73.974355,40.638115,-73.794035,4,66.53
40.786584,-73.790335,40.821600,-73.855192,3,21.18
40.726586,-73.813299,40.630254,-73.849006,1,32.06
40.788546,-73.933471,40.893199,-73.751413,1,50.99
40.742907,-73.903837,40.759186,-73.981868,2,20.45
40.579800,-73.814369,40.729531,-73.796998,1,40.77
40.777610,-73.913462,40.734020,-73.905784,1,12.95
40.572727,-73.922231,40.811627,-73.861577,2,72.23
40.890149,-73.774857,40.895060,-73.885184,1,27.75
40.617382,-73.776515,40.799899,-73.806628,1,53.11
40.563906,-73.825543,40.729231,-73.861915,1,47.41
40.898033,-73.728755,40.600495,-73.749058,1,89.14
40.858570,-73.858944,40.674267,-73.740996,4,65.75
40.638164,-73.804955,40.600992,-73.937138,1,35.31
40.791792,-73.727328,40.865014,-73.761144,3,27.50
40.759920,-73.887343,40.641872,-73.888923,4,31.45
40.589844,-73.818333,40.851925,-73.859686,4,75.91
40.829503,-73.876352,40.864841,-73.843725,1,14.82
40.706447,-73.753417,40.634384,-73.972408,3,95.21
40.773469,-73.975732,40.750282,-73.988267,1,9.49
40.898188,-73.850479,40.602063,-73.819992,2,81.37
40.845710,-73.759237,40.843255,-73.857051,1,23.01
40.766011,-73.930565,40.638572,-73.798943,3,45.50
40.633757,-73.887470,40.817947,-73.875314,5,52.57
40.616711,-73.908507,40.874593,-73.898043,2,75.66
40.876359,-73.999014,40.660782,-73.944957,5,65.87
40.612026,-73.734498,40.729618,-73.843288,2,41.93
40.738605,-73.929822,40.778738,-73.803543,2,28.99
40.676737,-73.985374,40.565642,-73.899556,2,33.15
40.772280,-73.944594,40.848137,-73.749588,1,45.68
40.609469,-73.987986,40.873645,-73.809443,1,83.80
40.804275,-73.781712,40.884007,-73.968330,1,43.70
40.783324,-73.733983,40.881573,-73.968383,2,52.90
40.659529,-73.762942,40.624544,-73.915271,2,36.04
40.722559,-73.820068,40.833944,-73.855274,2,56.52
40.579815,-73.937296,40.612160,-73.886570,1,17.09
40.837915,-73.986868,40.760955,-73.753551,1,55.47
40.825557,-73.870626,40.716790,-73.855628,2,35.05
40.668244,-73.791652,40.561141,-73.920688,4,43.38
40.584250,-73.938691,40.718591,-73.959407,2,39.28
40.883871,-73.983964,40.744096,-73.932152,1,35.91
40.658292,-73.863186,40.650975,-73.970434,1,26.46
40.877433,-73.832213,40.684856,-73.760592,5,55.39
40.854957,-73.959550,40.809361,-73.770898,1,42.44
40.758008,-73.991472,40.806578,-73.777337,1,45.71
40.628264,-73.875377,40.721541,-73.948858,1,29.55
40.687193,-73.920393,40.828901,-73.817904,1,46.98
40.842169,-73.727341,40.713974,-73.905638,1,46.92
40.778909,-73.856421,40.607283,-73.761765,1,52.25
40.656601,-73.866989,40.660219,-73.727674,3,32.69
40.892334,-73.954288,40.891782,-73.960936,4,5.19
40.848148,-73.767894,40.776921,-73.868237,4,29.57
40.742613,-73.925113,40.786072,-73.986934,1,21.07
40.641064,-73.756152,40.639449,-73.963777,4,45.59
40.858943,-73.842978,40.577558,-73.739022,2,78.22
40.786421,-73.876446,40.838392,-73.874488,2,17.11
40.632491,-73.986850,40.833150,-74.003384,2,57.12
40.877353,-73.786269,40.735511,-73.976684,1,55.22
40.631026,-73.755260,40.804565,-73.939877,1,66.15
40.735958,-73.729902,40.702899,-73.956354,3,46.96
40.882497,-73.763908,40.837291,-73.980317,2,66.01
40.692892,-73.836497,40.656428,-73.823942,1,13.46
40.699832,-73.832984,40.616404,-73.770634,1,30.15
40.704152,-74.026133,40.741491,-73.842170,1,44.14
40.834504,-73.785383,40.814504,-73.918509,1,33.05
40.585901,-73.781892,40.867725,-73.813067,2,78.34
40.560886,-73.772823,40.770310,-73.913756,1,65.02
40.647869,-73.786101,40.733565,-73.725782,2,30.68
40.697678,-73.872866,40.724490,-73.782646,2,20.82
40.694921,-73.878700,40.876465,-73.806368,1,53.07
40.773878,-73.757965,40.862928,-73.894982,1,41.84
40.849861,-73.745511,40.732930,-73.899463,6,49.61
40.738763,-73.724419,40.868275,-73.905855,3,51.99
40.878321,-73.787379,40.574337,-73.963878,1,91.87
40.840272,-74.015568,40.886493,-73.778717,1,51.07
40.672398,-73.962709,40.853149,-73.774465,2,62.54
40.776943,-73.776365,40.856934,-73.918357,3,38.61
40.807123,-73.833672,40.833949,-73.999323,1,39.42
40.780373,-73.814983,40.837682,-73.869404,1,18.83
40.870779,-73.954418,40.736137,-73.739822,1,59.75
40.703348,-73.907208,40.696856,-73.840144,1,16.37
40.752797,-73.740371,40.721929,-73.745425,1,9.51
40.889534,-73.911446,40.591088,-73.738190,2,86.80
40.706583,-73.827697,40.739915,-73.794824,2,15.75
40.751292,-73.818239,40.836046,-73.747937,1,30.64
40.714648,-73.850054,40.833205,-73.817656,2,33.67
40.886466,-73.889202,40.720436,-74.015266,3,55.81
40.730975,-74.023992,40.896790,-73.896137,1,51.14
40.771643,-74.018948,40.711015,-73.751975,3,56.16
40.577434,-73.964406,40.744471,-73.848743,1,53.89
40.594341,-73.922524,40.860459,-73.735390,1,83.05
40.879084,-73.926472,40.866589,-73.840338,1,22.61
40.807080,-73.918001,40.758566,-73.979533,2,21.68
40.630302,-73.852618,40.817105,-73.797431,1,47.87
40.849138,-73.750972,40.883427,-73.883914,1,35.46
40.730418,-73.859962,40.563794,-73.901026,3,49.50
40.681015,-73.759419,40.831545,-73.940646,2,50.76
40.700999,-74.003058,40.590115,-73.962950,1,28.97
40.753815,-73.781073,40.871322,-73.970959,4,51.80
40.719422,-73.974126,40.722870,-73.780066,2,39.10
40.716220,-73.937914,40.784797,-73.950076,2,21.69
40.823799,-73.896620,40.764689,-73.877755,2,19.75
40.623775,-73.974536,40.743246,-73.737383,2,58.27
40.573241,-73.977274,40.679974,-73.790474,2,50.58
40.729128,-73.938748,40.652635,-73.991650,1,27.89
40.669616,-73.795840,40.818927,-73.821177,1,42.36
40.665607,-74.011616,40.632775,-73.849347,1,37.12
40.832567,-73.812847,40.653761,-73.781815,3,53.54
40.848213,-73.800881,40.791983,-73.846547,1,21.76
40.583687,-73.957634,40.882837,-73.954695,2,76.72
40.703550,-73.760904,40.613508,-73.936178,1,44.13
40.657245,-73.754514,40.787963,-73.942414,2,51.63
40.783817,-73.728625,40.634824,-73.925602,1,58.47
40.837262,-73.979986,40.706694,-73.826191,1,48.89
40.708776,-73.867233,40.788637,-73.812160,1,26.57
40.677350,-73.752335,40.590123,-73.858314,1,39.34
40.787362,-73.850481,40.832161,-73.783763,1,17.97
40.672511,-73.992258,40.670554,-73.823253,1,38.05
40.832085,-73.775938,40.824658,-73.972668,1,39.48
40.864540,-73.863628,40.640977,-73.828905,2,66.11
40.888489,-73.989680,40.659823,-73.812221,1,73.43
40.600135,-73.765005,40.563333,-73.884419,1,31.45
40.670579,-73.988339,40.706881,-73.904169,4,24.99
40.686427,-73.821168,40.736747,-73.951130,2,29.57
40.741553,-74.006012,40.835152,-73.795332,4,51.52
40.675042,-73.883980,40.673565,-73.982610,4,21.74
40.832495,-73.894082,40.706713,-74.011706,1,42.09
40.782788,-73.953735,40.664813,-73.770985,1,48.56
40.725267,-73.919462,40.612386,-73.742160,2,47.01
40.723699,-73.743660,40.721007,-74.008342,2,56.79
40.736859,-73.733255,40.787478,-73.883498,1,33.16
40.676115,-73.928340,40.711860,-73.936225,1,12.09
40.706323,-73.735616,40.835143,-73.748350,3,34.97
40.760026,-73.881575,40.561954,-73.790219,1,58.03
40.664762,-73.752861,40.746227,-74.000199,3,63.73
40.695605,-73.951382,40.826250,-73.904962,1,33.85
40.663470,-73.787195,40.618445,-73.819684,2,15.70
40.660675,-73.825431,40.696683,-73.778060,3,19.76
40.630566,-73.789174,40.579228,-74.011294,2,48.02
40.816358,-74.017878,40.678744,-74.012691,1,36.02
40.753068,-73.994343,40.815649,-74.003315,3,17.99
40.719879,-73.799972,40.613402,-73.754774,2,29.84
40.570212,-73.781389,40.831305,-74.027842,1,93.91
40.832767,-73.925584,40.580600,-73.982788,1,71.06
40.644760,-74.000343,40.731312,-73.939334,1,25.62
40.699776,-73.815027,40.871499,-73.992043,1,59.96
40.802056,-74.012210,40.848472,-73.740010,1,57.66
40.568138,-73.892144,40.889561,-73.848871,3,89.86
40.855038,-73.763728,40.870243,-73.887674,2,27.65
40.748176,-73.757192,40.788026,-73.991364,2,49.52
40.827317,-73.842117,40.768541,-74.024696,1,40.18
40.824398,-73.904293,40.737209,-73.725235,1,50.11
40.659577,-74.026752,40.718296,-73.877384,2,39.04
40.780370,-73.897877,40.819627,-73.829982,2,18.91
40.798726,-73.756301,40.630409,-73.806907,1,50.67
40.736985,-73.746470,40.603664,-73.805992,2,38.77
40.720470,-73.969989,40.584520,-73.865625,2,43.76
40.684802,-73.924178,40.712391,-73.744011,3,42.09
40.602673,-73.746080,40.731610,-73.977190,2,63.15
40.759623,-73.926379,40.593607,-73.877010,3,53.42
40.755816,-73.907500,40.680223,-73.999324,2,32.95
40.744284,-73.962631,40.859726,-73.770392,2,50.92
40.785393,-73.914962,40.593285,-73.749822,2,61.74
40.831406,-73.852755,40.681368,-73.822840,2,38.81
40.840294,-73.969327,40.869948,-73.735519,2,45.97
40.895018,-73.857212,40.873856,-73.883930,1,10.88
40.725344,-73.827465,40.873747,-73.728235,1,44.01
40.801678,-73.918389,40.575262,-73.726667,4,77.11
40.562556,-73.720700,40.759115,-73.853896,2,57.48
40.711879,-73.750710,40.717530,-73.867818,3,28.72
40.856583,-73.968714,40.791990,-73.762270,1,43.79
40.894784,-73.925423,40.594258,-73.761724,1,85.91
40.634570,-73.979996,40.684304,-73.854818,1,55.05
40.705024,-73.926940,40.582680,-73.911478,3,38.25
40.570036,-73.954202,40.847248,-73.826605,1,81.20
40.591542,-74.000692,40.615971,-73.793613,1,44.77
40.789055,-73.771794,40.574818,-73.975289,1,76.99
40.694443,-74.022108,40.588349,-74.023487,2,29.54
40.884190,-73.720761,40.866601,-73.725774,1,6.04
40.814813,-73.943503,40.815579,-73.918241,1,7.45
40.578705,-73.931745,40.678360,-73.843363,1,34.81
40.732367,-73.773955,40.671406,-73.960045,1,46.04
40.891180,-73.864256,40.799482,-73.858207,1,28.63
40.854869,-73.931295,40.659524,-73.924303,1,54.52
40.677803,-73.993973,40.622645,-73.917237,1,25.42
40.767612,-73.896915,40.560841,-73.757126,5,70.00
40.751014,-73.910358,40.670376,-73.759324,1,39.50
40.603343,-73.724615,40.646550,-73.900058,1,39.16
40.700516,-73.943973,40.861508,-73.833116,1,57.27
40.700951,-73.975209,40.580874,-73.836482,4,47.66
40.611768,-73.875355,40.796014,-73.760781,2,56.35
40.639787,-73.958279,40.815347,-73.875472,3,52.29
40.778434,-73.926502,40.721405,-73.919778,1,17.25
40.851194,-73.727482,40.822422,-73.990329,1,57.74
40.613680,-73.983433,40.803736,-73.842970,2,61.56
40.730550,-74.011636,40.833770,-73.788342,1,57.63
40.858056,-73.923515,40.656012,-73.991008,1,58.28
40.584272,-73.943598,40.604363,-73.782527,2,35.13
40.789442,-74.013761,40.609753,-73.819229,4,70.65
40.593963,-73.843811,40.738933,-73.839725,1,40.95
40.787110,-73.838825,40.633976,-73.949416,1,52.90
40.805514,-73.735974,40.795282,-73.808646,6,20.07
40.645882,-73.722490,40.682240,-73.722593,1,12.20
40.780309,-74.019441,40.892356,-73.906310,1,42.80
40.768341,-73.976130,40.803363,-73.794648,2,33.90
40.680861,-73.951444,40.825549,-73.812901,2,52.32
40.755373,-74.012539,40.733222,-73.823637,2,42.16
40.584248,-73.802831,40.739923,-73.972717,1,54.90
40.603666,-73.726791,40.649374,-73.969230,1,57.08
40.742446,-73.844546,40.583566,-73.765906,6,53.79
40.640497,-74.003415,40.641427,-73.951156,5,15.17
40.858492,-73.788567,40.887409,-73.867530,1,21.20
40.707557,-73.857609,40.676266,-73.824972,5,16.37
40.736383,-73.724774,40.767403,-73.936507,1,44.50
40.637898,-74.005488,40.868123,-73.862211,1,67.81
40.847455,-73.746290,40.679866,-73.804005,1,74.06
40.780111,-73.775559,40.580970,-73.921035,1,61.49
40.673124,-73.749346,40.769237,-73.905781,2,40.90
40.693731,-73.872686,40.841086,-73.814947,1,37.65
40.658409,-73.950937,40.621180,-73.978823,1,15.08
40.858582,-73.808871,40.602616,-73.886160,3,71.18
40.765064,-73.746054,40.826517,-73.901993,3,38.63
40.664219,-73.898910,40.795564,-73.729409,1,47.64
40.872970,-73.994726,40.862277,-73.851709,1,31.96
40.850072,-73.952118,40.758745,-73.836453,1,34.54
40.859032,-73.764812,40.824732,-73.755855,1,14.21
40.648741,-73.869995,40.728098,-73.828637,3,25.03
40.694314,-73.961259,40.822869,-73.829923,1,45.83
40.864357,-73.983861,40.691153,-73.813543,1,57.13
40.788874,-73.978245,40.615023,-73.863871,1,52.70
40.818745,-73.883837,40.683557,-73.995551,1,49.41
40.860866,-73.823264,40.660698,-73.904070,3,58.79
40.620017,-73.985116,40.584717,-73.865330,2,28.02
40.583055,-73.881978,40.715393,-73.765689,1,47.89
40.865540,-73.756697,40.656106,-74.020008,1,80.29
40.576777,-73.926347,40.822156,-73.888111,2,65.36
40.833419,-73.830773,40.582182,-73.980354,2,74.24
40.739272,-74.006004,40.718685,-73.925264,5,17.27
40.816169,-73.834599,40.710778,-73.885283,1,32.34
40.619768,-73.858827,40.684603,-73.944152,1,29.89
40.608477,-73.919811,40.790974,-73.917209,1,51.80
40.689424,-73.743028,40.880649,-73.933843,1,63.97
40.728598,-73.862429,40.806544,-73.993885,1,34.67
40.636627,-73.983298,40.899483,-73.902199,5,84.29
40.649924,-73.724284,40.564330,-73.902408,2,43.88
40.622806,-73.988465,40.881755,-73.793510,1,82.78
40.569301,-73.789371,40.836201,-73.955478,1,82.97
40.733431,-73.742755,40.729781,-73.773166,1,8.22
40.857901,-73.804153,40.753427,-73.881912,1,30.76
40.869126,-73.996163,40.613585,-73.766725,1,84.34
40.693987,-73.732346,40.800573,-73.907237,1,45.89
40.720175,-73.765140,40.650388,-73.993769,2,53.64
40.691606,-73.768657,40.763151,-73.898626,1,35.28
40.662082,-74.014354,40.775952,-73.817212,2,55.92
40.897111,-73.987483,40.719734,-73.964022,1,48.09
40.750341,-73.849544,40.831019,-73.810539,1,25.01
40.784701,-73.787013,40.760626,-73.924884,1,29.50
40.677031,-73.967134,40.621326,-73.908466,1,19.53
40.596277,-74.018804,40.712508,-73.877441,1,44.76
40.804840,-73.963943,40.578667,-74.006068,2,65.29
40.729709,-73.795758,40.838281,-73.745469,2,37.80
40.728996,-73.926866,40.897115,-73.769062,1,58.11
40.577828,-73.789557,40.836719,-73.846158,1,76.36
40.577784,-73.979206,40.843407,-73.743474,1,85.99
40.769736,-74.018535,40.882931,-73.865986,1,43.15
40.808507,-73.987928,40.561428,-73.888712,2,73.96
40.631381,-73.798506,40.572611,-73.975205,2,38.35
40.812571,-73.855470,40.568488,-73.896063,1,64.22
40.857953,-73.867746,40.733531,-73.959625,1,37.17
40.764848,-73.763777,40.775906,-73.927621,1,35.65
40.697700,-73.938573,40.870505,-73.973468,1,47.55
40.887496,-73.928490,40.751424,-73.873949,2,39.44
40.768746,-73.901456,40.836965,-73.863106,3,25.12
40.715415,-73.826319,40.708904,-74.026755,1,45.66
40.894517,-73.999142,40.768993,-73.778192,2,59.86
40.670360,-73.744538,40.579074,-73.878548,4,37.55
40.618051,-73.928422,40.562387,-73.994112,4,27.54
40.637193,-73.845765,40.764818,-73.961466,1,45.06
40.571907,-73.938247,40.563407,-73.793850,1,34.04
40.895379,-74.021181,40.791068,-73.957634,4,34.89
40.848823,-73.897824,40.702126,-73.961277,1,39.59
40.723826,-73.849439,40.777883,-73.730122,1,28.03
40.647844,-73.917694,40.732887,-73.956011,1,23.92
40.789570,-73.975023,40.631810,-73.900481,1,69.13
40.618087,-73.919431,40.802574,-73.966631,1,53.38
40.823851,-73.995907,40.660901,-73.926348,2,47.92
40.814738,-74.024465,40.577645,-73.998871,3,65.03
40.760292,-73.889306,40.746971,-73.871091,3,8.82
40.737384,-73.959380,40.813409,-74.013429,2,24.92
40.749206,-73.903973,40.783566,-73.926854,1,14.36
40.677111,-73.887951,40.656761,-73.730182,1,28.16
40.603949,-74.026690,40.591233,-73.808662,3,80.60
40.790658,-73.873758,40.574609,-73.947404,2,64.70
40.734310,-73.895140,40.887067,-73.876068,1,40.82
40.718120,-73.992197,40.575194,-73.806394,1,54.80
40.802082,-73.917964,40.782217,-74.008860,1,22.64
40.768476,-73.809153,40.748056,-73.860013,1,13.70
40.802564,-73.834900,40.675515,-74.008959,2,53.87
40.656684,-73.933658,40.809077,-74.024695,2,43.32
40.629505,-74.013979,40.761079,-73.867583,1,50.25
40.873402,-73.926679,40.789077,-73.861618,1,24.55
40.769379,-73.855102,40.847652,-73.901146,2,28.38
40.837830,-73.993413,40.813021,-73.967977,4,10.35
40.879424,-73.806717,40.806874,-73.898283,2,34.06
40.620721,-73.921854,40.821523,-73.963059,2,57.59
40.861776,-74.026619,40.683052,-73.902711,4,122.90
40.744498,-73.955280,40.890443,-73.745492,2,59.58
40.784972,-74.029102,40.776107,-73.956602,1,20.36
40.622328,-73.851190,40.672254,-73.748077,2,25.00
40.599601,-73.773712,40.893391,-73.750632,2,74.02
40.835412,-73.961173,40.873961,-73.954445,3,15.10
40.789831,-73.805150,40.639678,-73.791584,2,45.57
40.795005,-73.875463,40.879964,-73.864472,1,26.32
40.817749,-73.736907,40.844387,-73.921768,3,43.25
40.656618,-73.964276,40.880243,-73.887950,6,64.79
40.822763,-73.936874,40.844042,-73.750731,1,42.32
40.602107,-73.851287,40.580883,-73.874574,1,11.69
40.715775,-73.767030,40.624216,-73.989290,1,50.74
40.582176,-73.733048,40.596117,-73.908192,1,35.02
40.822185,-73.963128,40.797145,-73.820241,1,34.56
40.804002,-73.788051,40.822086,-73.941192,2,32.67
40.636292,-73.883469,40.621351,-73.872545,4,9.11
40.820436,-73.809021,40.718476,-73.850803,1,33.31
40.657749,-73.820568,40.777771,-73.873231,1,33.44
40.852676,-73.952646,40.618680,-73.853914,1,65.59
40.845668,-73.918540,40.822957,-73.839568,3,21.08
40.584206,-74.026677,40.727506,-73.724706,1,74.74
40.608162,-73.934815,40.596853,-73.731799,2,40.12
40.770369,-73.968442,40.851451,-73.769959,1,48.12
40.610862,-73.805750,40.621462,-73.930648,2,49.44
40.827546,-73.948087,40.883833,-73.904967,2,16.14
40.677040,-73.807403,40.851618,-73.894669,3,52.68
40.608989,-73.728977,40.638161,-73.795443,1,17.97
40.850603,-73.753472,40.624186,-73.919454,1,65.15
40.672587,-73.983951,40.626620,-73.752207,1,48.65
40.730787,-73.751937,40.683325,-73.960436,1,45.23
40.813215,-73.771061,40.687440,-73.980451,2,56.56
40.609128,-73.946308,40.850564,-73.880171,1,70.49
40.703788,-73.796300,40.659887,-73.876875,1,24.68
40.786143,-73.894727,40.575717,-73.894818,1,57.50
40.899915,-73.920109,40.713399,-73.752211,1,62.75
40.686190,-74.014176,40.711949,-73.998325,5,12.11
40.561694,-73.890908,40.560725,-73.936126,2,11.97
40.645876,-73.783601,40.897063,-73.880383,2,76.80
40.855946,-73.727718,40.578753,-73.752713,3,77.40
40.803990,-73.929036,40.725184,-73.883979,3,27.01
40.656127,-73.954452,40.786501,-73.765757,1,56.22
40.895606,-73.782743,40.589786,-73.996837,2,101.30
40.641925,-73.722815,40.715327,-73.791192,2,27.57
40.632580,-73.925563,40.839236,-73.987326,4,61.53
40.593219,-73.858824,40.733513,-73.748858,1,44.42
40.742909,-74.027726,40.563812,-73.999596,1,55.02
40.809213,-73.866381,40.775414,-73.766884,1,24.34
40.595552,-73.849986,40.728034,-73.897533,5,37.63
40.761949,-73.803533,40.760235,-73.812105,2,4.57
40.676639,-73.773278,40.781188,-73.863858,1,36.02
40.609529,-73.941034,40.580245,-73.957294,1,12.55
40.625142,-73.769103,40.608436,-73.761442,1,7.95
40.730708,-73.905813,40.618417,-73.957114,1,36.69
40.560195,-74.024050,40.674777,-73.953610,1,39.24
40.692964,-73.898446,40.654544,-73.911170,6,13.45
40.782800,-73.910850,40.802853,-73.951375,1,12.26
40.594390,-73.759096,40.629193,-73.785652,1,13.08
40.888254,-74.022058,40.651633,-73.748559,1,87.71
40.727808,-74.010555,40.771807,-73.828558,1,39.18
40.663447,-73.752029,40.630960,-73.726900,1,10.68
40.831710,-73.810450,40.869885,-73.754847,2,15.15
40.862636,-73.722943,40.689000,-73.825968,1,51.04
40.623753,-73.844583,40.756380,-73.738724,1,44.98
40.781497,-73.779726,40.813920,-73.761516,1,12.51
40.785563,-73.850943,40.599700,-73.830154,1,83.46
40.632629,-73.902598,40.690579,-74.027020,1,33.99
40.560871,-73.941140,40.826210,-73.743083,1,81.81
40.634140,-73.778643,40.863155,-74.025497,1,82.55
40.838151,-74.010332,40.667084,-74.023554,1,51.78
40.640026,-73.796323,40.771673,-73.983326,3,52.51
40.820104,-74.020232,40.799804,-73.884564,1,31.12
40.807000,-73.992885,40.677147,-73.742568,4,72.51
40.882893,-73.916839,40.835228,-73.918935,3,16.18
40.711672,-74.001162,40.695502,-73.880803,2,29.05
40.612807,-73.733028,40.842971,-73.888802,2,70.51
40.745686,-73.966888,40.703011,-73.764881,1,47.37
40.799063,-73.939344,40.576353,-73.929757,1,63.78
40.572883,-73.843475,40.856059,-73.886399,2,80.72
40.875825,-73.813483,40.562423,-73.852396,1,82.63
40.753758,-73.926658,40.806954,-73.870112,1,20.10
40.861773,-73.904880,40.707331,-73.819800,2,44.89
40.712482,-74.005835,40.648361,-73.960010,1,21.68
40.776353,-73.872143,40.811572,-73.969321,1,23.16
40.751492,-73.823649,40.840160,-73.721283,4,36.18
40.736010,-74.026154,40.857510,-73.907898,1,44.09
40.579397,-73.924429,40.853154,-73.991156,3,74.55
40.853552,-73.850930,40.884247,-74.026520,1,37.10
40.640227,-73.951230,40.767124,-73.893453,2,36.49
40.628352,-74.025403,40.730552,-73.869391,1,40.44
40.758840,-74.021053,40.726854,-73.794787,1,50.39
40.643101,-73.919338,40.701735,-73.796828,2,30.06
40.871917,-74.000101,40.786963,-73.839223,1,43.56
40.770912,-73.792642,40.785441,-73.923050,2,33.07
40.735829,-73.908811,40.850664,-73.930452,5,38.61
40.620959,-73.898844,40.721487,-73.886157,1,25.03
40.590553,-73.920101,40.642612,-73.882321,1,17.16
40.698035,-73.723253,40.603139,-73.724144,3,27.50
40.819294,-73.979338,40.684915,-73.808511,1,55.87
40.773144,-73.830243,40.839107,-73.802342,2,19.94
40.657869,-73.947768,40.726633,-73.982922,1,18.21
40.565517,-73.915586,40.716995,-73.813856,3,46.55
40.670412,-74.023842,40.719328,-73.863732,1,36.54
40.610721,-73.899346,40.860997,-74.009636,2,70.89
40.832677,-73.935387,40.752585,-73.925139,2,24.54
40.691418,-73.763819,40.789242,-73.961259,1,47.24
40.668139,-73.860836,40.776925,-73.978956,1,39.60
40.886419,-73.737782,40.670484,-73.870797,5,72.29
40.598864,-73.853490,40.689839,-73.831994,1,27.86
40.708525,-73.769136,40.743994,-73.742445,2,13.17
40.710308,-73.743999,40.849361,-73.932657,1,55.15
40.613123,-73.783832,40.776339,-73.987744,2,61.76
40.794642,-74.004180,40.830704,-73.736882,2,58.48
40.595269,-73.729748,40.605813,-73.876732,1,31.18
40.594165,-73.854518,40.787939,-73.807236,1,57.40
40.603256,-73.892098,40.866190,-73.749986,3,76.92
40.614980,-73.771934,40.589274,-73.956973,1,41.32
40.787775,-73.819629,40.702194,-73.847186,1,25.65
40.890592,-74.019215,40.676652,-73.773412,1,73.20
40.808111,-73.917526,40.602835,-74.024243,2,67.09
40.676840,-73.868562,40.594727,-73.971758,2,32.70
40.781247,-73.897125,40.707241,-74.001303,6,32.29
40.611334,-73.808906,40.615502,-73.910824,1,26.32
40.887796,-73.895045,40.651930,-73.893117,1,65.09
40.691264,-73.881240,40.851736,-73.748393,3,50.70
40.734907,-73.764193,40.800103,-73.936096,2,43.85
40.740961,-73.820539,40.575648,-73.766884,2,50.71
40.791326,-73.911824,40.806509,-73.995467,1,23.31
40.807652,-73.789666,40.712703,-73.726121,1,29.20
40.749408,-73.775025,40.886328,-73.765630,1,39.15
40.566556,-73.947867,40.841491,-73.981000,1,74.24
40.731139,-73.921766,40.599570,-73.938915,4,35.99
40.692909,-73.925971,40.808625,-73.954820,1,32.88
40.730568,-73.854825,40.707465,-73.906996,3,15.06
40.821091,-73.959957,40.764861,-73.858561,4,29.93
40.892749,-74.029469,40.701308,-73.790687,1,76.87
40.675252,-73.727531,40.788239,-74.025821,1,69.95
40.730018,-73.765537,40.792247,-73.890014,1,31.74
40.621692,-73.892982,40.748356,-73.751367,2,42.81
40.598426,-73.956610,40.582200,-73.878265,1,20.11
40.765895,-73.768659,40.847571,-73.881754,1,34.18
40.821267,-73.782074,40.751690,-73.792682,1,22.31
40.868570,-73.801776,40.821668,-73.968730,4,39.66
40.644035,-73.744819,40.712145,-73.904233,1,36.27
40.592403,-73.763418,40.754374,-73.818048,1,47.32
40.665746,-73.734138,40.851096,-73.789917,1,53.28
40.724016,-73.724012,40.574258,-73.992236,3,71.80
40.736469,-73.898009,40.606963,-73.739021,2,46.73
40.768886,-73.856389,40.706375,-73.844388,2,18.59
40.822198,-73.880365,40.666471,-73.806587,1,45.53
40.684626,-73.811026,40.583455,-73.752301,3,31.06
40.778572,-73.749540,40.705265,-73.856435,1,30.47
40.580021,-73.735437,40.784500,-73.752738,2,61.49
40.628776,-73.950873,40.574743,-73.815896,2,34.85
40.713696,-73.937888,40.649511,-73.841490,1,31.25
40.705892,-73.851865,40.781662,-74.029724,5,47.31
40.860991,-73.793318,40.586009,-73.984952,1,79.18
40.671993,-73.732569,40.818485,-73.721557,1,39.73
40.637246,-73.861213,40.584509,-73.728155,1,35.42
40.583066,-74.013966,40.871490,-73.987094,1,84.48
40.846050,-74.018911,40.881874,-73.952675,1,19.24
40.589308,-73.795819,40.773574,-73.728343,1,56.19
40.880559,-73.772826,40.705314,-73.752701,3,45.90
40.603985,-73.889028,40.763002,-73.934756,4,47.35
40.761274,-73.819378,40.732035,-73.811614,3,7.11
40.632237,-73.792289,40.644271,-73.915709,4,25.10
40.710462,-74.002760,40.837524,-73.926546,2,46.33
40.714597,-73.980953,40.706023,-73.892503,2,19.98
40.746748,-73.867046,40.684371,-73.869826,2,20.09
40.685734,-73.971023,40.780336,-73.930958,2,29.27
40.678069,-73.912258,40.581415,-73.832872,2,62.59
40.576217,-73.819024,40.833063,-73.858602,1,66.39
40.736180,-73.801914,40.708665,-73.893017,5,24.49
40.635783,-73.820161,40.821627,-73.956853,2,57.21
40.571164,-73.721834,40.885636,-73.990848,3,99.39
40.797418,-73.871934,40.836515,-73.803718,1,21.20
40.858995,-73.930446,40.748086,-73.887731,1,32.74
40.830460,-73.783241,40.729888,-73.996508,1,74.32
40.698166,-73.869045,40.718461,-73.957767,1,20.24
40.848123,-73.752920,40.794699,-73.863261,1,29.38
40.886628,-74.006294,40.887102,-73.835628,3,38.54
40.584856,-73.724402,40.816244,-73.811343,3,125.14
40.657202,-73.771728,40.828960,-73.962793,2,66.17
40.816187,-73.898606,40.666890,-73.808795,5,45.67
40.613099,-73.893022,40.589351,-73.928853,1,11.77
40.570695,-74.009692,40.810455,-73.863285,5,72.41
40.696408,-73.821676,40.841755,-73.935786,2,49.05
40.821301,-73.972726,40.713649,-73.853907,3,42.03
40.879919,-73.899245,40.597202,-73.749701,1,79.95
40.734432,-73.825438,40.897414,-73.979543,3,57.80
40.607222,-73.806133,40.867732,-73.753427,1,71.44
40.814186,-73.925107,40.586387,-73.777962,3,76.98
40.636251,-73.990071,40.685813,-73.822136,1,35.70
40.853183,-74.012880,40.832923,-73.776178,1,47.23
40.813894,-73.725401,40.626462,-73.992789,1,79.14
40.869099,-73.754880,40.772029,-73.944481,1,44.71
40.709704,-73.968574,40.570091,-73.764028,1,54.46
40.771780,-73.926384,40.612864,-73.837249,2,52.44
40.698765,-73.945047,40.811972,-73.913443,1,35.13
40.562132,-74.026443,40.703577,-73.812823,1,66.79
40.586007,-73.760369,40.831155,-73.907337,1,73.03
40.715509,-73.947315,40.686577,-73.796576,1,33.27
40.825985,-73.821487,40.642017,-74.014567,6,67.78
40.729003,-73.941492,40.728741,-73.861682,1,17.33
40.823564,-74.009092,40.788782,-73.849305,1,35.32
40.566241,-73.845644,40.606405,-73.775640,4,20.90
40.633680,-73.813778,40.577052,-73.748615,1,21.62
40.589529,-73.949563,40.623710,-73.852048,1,25.11
40.647497,-73.836883,40.872727,-73.742340,1,60.46
40.668087,-73.765562,40.647790,-73.998994,5,54.67
40.615696,-74.026513,40.814493,-73.793032,1,79.74
40.668926,-73.795165,40.847042,-73.807959,1,53.96
40.866556,-73.730704,40.588137,-73.926663,2,76.73
40.718573,-73.868240,40.701408,-73.934334,1,18.26
40.701562,-73.725081,40.690274,-73.843375,4,48.08
40.803031,-73.763593,40.708784,-73.892534,1,37.25
40.714081,-73.755515,40.791985,-73.900019,1,41.86
40.598433,-73.912777,40.632473,-73.866159,1,13.05
40.719905,-73.880585,40.793468,-73.990354,2,37.99
40.769883,-73.766239,40.619180,-73.954145,2,56.61
40.881321,-73.961596,40.641624,-73.729455,1,146.16
40.656579,-73.829629,40.813998,-73.845021,1,49.73
40.665324,-73.830249,40.672248,-73.948440,1,25.33
40.614167,-73.890543,40.616542,-73.820274,2,18.02
40.692658,-73.836649,40.730233,-73.908482,1,22.02
40.603020,-73.825215,40.857477,-73.798036,1,66.65
40.627137,-73.972776,40.571777,-73.984140,1,17.53
40.688161,-73.790535,40.604506,-73.759516,1,27.48
40.575614,-73.792828,40.866663,-73.956586,6,80.62
40.786549,-73.774592,40.819590,-73.819798,3,15.46
40.692406,-73.741013,40.630420,-73.929324,4,40.54
40.676365,-73.982626,40.783247,-73.768511,1,56.26
40.741644,-73.920347,40.724684,-74.005196,5,19.06
40.700317,-73.852260,40.825407,-74.014832,2,48.34
40.739850,-73.855226,40.691150,-73.877021,2,14.65
40.859588,-73.786791,40.893417,-73.754285,1,12.53
40.691015,-73.974537,40.866280,-73.754139,1,67.98
40.596793,-73.784718,40.671316,-74.010278,2,50.94
40.624467,-73.990246,40.569758,-73.758037,1,49.14
40.720340,-73.773707,40.719811,-73.813967,2,9.22
40.571366,-74.020143,40.778915,-73.727721,1,82.21
40.634518,-73.912904,40.829430,-73.799612,1,52.28
40.870507,-73.908841,40.570592,-73.846020,1,81.92
40.661452,-73.993237,40.865132,-73.749413,2,74.24
40.779009,-73.935672,40.650608,-73.769843,1,49.97
40.655665,-73.872013,40.706872,-73.749324,3,33.28
40.643912,-73.957193,40.566231,-73.761379,1,45.33
40.675025,-74.007886,40.877416,-73.774568,1,71.70
40.819132,-73.825699,40.580621,-74.029620,3,74.81
40.855502,-73.886054,40.604517,-73.829679,1,71.97
40.572877,-73.778524,40.821832,-73.818882,2,66.52
40.783957,-73.844472,40.608454,-73.920451,1,51.55
40.768827,-73.907659,40.676863,-73.776396,1,41.15
40.689108,-73.876719,40.652838,-73.742089,1,29.87
40.607360,-73.904561,40.629006,-73.975144,1,17.13
40.712843,-73.975431,40.861684,-73.903944,1,47.45
40.644144,-73.938708,40.699756,-73.898241,4,17.16
40.766821,-73.845319,40.653543,-73.811933,1,29.99
40.620707,-73.908991,40.726336,-73.819667,2,33.94
40.813798,-73.818537,40.682749,-73.851940,3,38.64
40.673259,-73.837178,40.563591,-73.913735,5,39.91
40.561566,-73.872463,40.881094,-73.972626,2,87.52
40.709103,-73.772660,40.578182,-73.766719,5,40.25
40.695813,-74.020149,40.789042,-73.936693,2,29.26
40.864411,-73.929764,40.624514,-73.999947,1,71.82
40.637047,-73.763972,40.700151,-73.790245,3,25.01
40.850413,-73.897907,40.597131,-73.759588,4,77.13
40.601531,-73.860758,40.893649,-73.956230,1,79.22
40.793609,-73.853077,40.626280,-73.776165,2,48.21
40.758795,-73.999329,40.887521,-73.880837,1,40.56
40.659757,-73.793495,40.670944,-73.852423,1,14.20
40.842597,-73.743388,40.723524,-73.821541,3,39.78
40.799964,-73.741923,40.596750,-73.742949,2,51.16
40.567274,-73.974173,40.602221,-73.781882,1,47.21
40.640156,-73.925055,40.880919,-73.884453,2,67.99
40.683794,-73.770137,40.747651,-73.946474,4,39.53
40.754457,-73.871715,40.649674,-73.763855,1,35.53
40.842806,-73.795988,40.835566,-73.742959,4,14.05
40.587143,-73.851473,40.580113,-73.822728,1,7.87
40.661977,-73.936958,40.773267,-73.974570,1,35.04
40.834180,-73.780365,40.671558,-73.839601,1,46.43
40.626422,-73.971702,40.754109,-73.880460,1,45.29
40.759691,-73.821271,40.572244,-73.800221,5,57.71
40.672594,-73.801959,40.871378,-73.800465,1,61.03
40.870427,-73.932354,40.759037,-73.891681,4,37.29
40.760894,-74.014695,40.784734,-73.880268,2,33.69
40.582637,-73.844017,40.649934,-73.769306,1,24.38
40.649384,-73.737486,40.588201,-73.794296,5,28.09
40.684792,-73.775449,40.737873,-73.818206,1,20.94
40.768107,-73.888159,40.647049,-73.913869,1,36.54
40.675155,-73.836030,40.737338,-73.983453,1,31.11
40.627698,-73.887217,40.807803,-73.815583,1,52.21
40.879065,-73.913887,40.768005,-73.953542,1,33.82
40.573851,-73.906535,40.727509,-74.009148,2,51.49
40.779109,-73.775632,40.733861,-73.969677,1,46.34
40.778134,-74.000508,40.846720,-73.836500,1,37.35
40.685647,-73.726060,40.742970,-73.868958,1,37.61
40.715672,-73.739237,40.682125,-73.830009,2,40.18
40.565393,-73.868145,40.833642,-73.954894,1,72.60
40.849934,-73.721125,40.851901,-73.912994,1,39.88
40.704260,-73.817434,40.891117,-73.812770,1,54.76
40.714699,-73.829963,40.749620,-73.913582,1,22.32
40.850899,-73.927499,40.741210,-73.793935,2,69.34
40.607345,-73.840569,40.868254,-73.965749,1,79.77
40.560404,-73.898991,40.705573,-73.884047,1,43.37
40.870339,-73.921381,40.871068,-73.909945,1,5.20
40.597418,-73.875564,40.767998,-73.837010,1,48.53
40.673183,-73.964154,40.736814,-74.012770,5,25.45
40.675488,-73.976589,40.660109,-73.728825,1,54.40
40.845186,-73.975750,40.810181,-73.807455,3,35.85
40.665935,-73.868993,40.845235,-73.987786,1,57.21
40.765899,-73.997434,40.667881,-73.968479,1,27.41
40.717671,-73.723610,40.854010,-73.954560,1,61.18
40.656011,-73.792602,40.612813,-73.795813,2,12.85
40.824454,-73.763073,40.686845,-73.931725,2,53.46
40.695927,-73.750574,40.565028,-74.018427,4,69.76
40.776497,-73.901802,40.674773,-73.773586,2,43.58
40.693073,-73.750248,40.724558,-73.750590,2,13.49
40.837920,-73.896634,40.847153,-73.946446,3,11.70
40.606288,-73.919994,40.829908,-73.907472,1,65.12
40.573217,-73.839887,40.703987,-73.821134,4,34.83
40.888005,-73.929643,40.599713,-73.934089,1,79.26
40.673504,-74.025527,40.567999,-73.773581,1,62.21
40.670819,-74.017432,40.662368,-73.752013,1,56.53
40.768197,-73.932350,40.692544,-73.963293,1,22.42
40.857704,-73.798005,40.802160,-73.877545,2,25.89
40.658548,-73.978416,40.680998,-73.964802,1,5.24
40.642608,-73.838601,40.613632,-73.830682,1,12.54
40.598272,-73.865496,40.667768,-73.753375,2,33.45
40.801181,-73.739146,40.706557,-74.007001,5,63.13
40.570346,-73.766432,40.564958,-73.898450,1,27.55
40.736754,-73.968813,40.791330,-73.768851,2,50.68
40.838584,-73.959053,40.642599,-73.858521,1,57.40
40.640190,-73.799912,40.846381,-73.845956,1,61.97
40.744873,-73.998867,40.633752,-73.841800,2,43.68
40.623147,-73.931216,40.789791,-73.817040,2,53.13
40.706408,-73.940966,40.777399,-73.792879,2,34.79
40.592326,-73.954901,40.610209,-73.747462,2,47.14
40.674152,-73.897700,40.860266,-73.896050,4,53.61
40.604796,-73.746263,40.632836,-73.925723,3,40.09
40.625456,-73.818960,40.700930,-73.883375,1,25.36
40.722050,-73.794568,40.826659,-73.936205,1,43.01
40.675374,-73.762612,40.865804,-73.907811,1,60.09
40.708116,-73.783223,40.633104,-73.979719,2,49.00
40.562323,-73.855685,40.658632,-73.846546,1,30.49
40.753796,-73.954956,40.657714,-73.944130,2,26.96
40.874485,-73.757150,40.738673,-73.931121,1,54.82
40.668361,-73.754618,40.624894,-73.991383,2,50.73
40.878127,-73.740085,40.573698,-73.798129,1,83.11
40.749144,-73.949555,40.683512,-73.862290,1,29.29
40.788744,-73.757617,40.628734,-74.022166,1,63.84
40.646549,-73.846047,40.865299,-73.752210,2,65.35
40.716202,-73.803632,40.776909,-73.973929,3,37.50
40.627059,-73.851847,40.854964,-73.934442,1,67.34
40.781328,-73.849537,40.800116,-73.877816,2,9.89
40.577397,-73.806657,40.582714,-73.813988,3,4.59
40.690536,-73.846476,40.767389,-73.864010,2,22.10
40.560512,-73.939634,40.835090,-73.983877,1,71.23
40.564272,-73.786384,40.878536,-73.966141,1,89.16
40.652136,-73.787089,40.619748,-73.861262,2,18.89
40.666945,-73.861044,40.722990,-73.941382,3,21.81
40.843543,-73.896721,40.683593,-73.905711,4,42.46
40.569530,-73.812846,40.873717,-73.974446,2,85.63
40.763846,-74.013328,40.643344,-73.777373,1,63.21
40.816285,-74.012589,40.794598,-73.975358,1,14.65
40.777247,-73.873708,40.698493,-73.846600,4,28.56
40.648028,-73.843971,40.754387,-74.029176,1,51.23
40.564113,-73.792404,40.805508,-73.773462,1,65.60
40.656173,-73.892625,40.748458,-73.954693,1,24.29
40.628207,-73.727915,40.795984,-73.964305,3,67.46
40.875043,-73.851686,40.769669,-73.987860,1,67.82
40.646325,-74.019516,40.622070,-74.004335,1,11.86
40.830191,-73.874118,40.721998,-73.788449,3,36.18
40.807840,-73.824857,40.803694,-73.852608,1,9.13
40.794692,-73.947688,40.707006,-73.759258,1,45.68
40.710580,-73.723312,40.760485,-73.929074,1,47.72
40.721941,-73.955992,40.717367,-73.742976,2,47.67
40.707859,-73.817206,40.834948,-73.783750,2,37.67
40.680953,-73.967419,40.639227,-73.946222,1,12.69
40.737596,-73.736371,40.696935,-73.978729,1,56.01
40.834535,-73.838380,40.801320,-73.897271,1,17.10
40.610683,-73.747318,40.760295,-74.015343,2,65.96
40.828658,-74.011509,40.596279,-73.845953,2,69.69
40.882790,-73.983479,40.692869,-73.844580,3,110.11
40.729661,-73.796338,40.747387,-73.804405,2,7.76
40.825006,-73.813836,40.795128,-73.782267,2,13.57
40.604696,-73.726312,40.668835,-73.748358,1,19.35
40.780828,-73.866837,40.745831,-73.833259,1,14.04
40.812773,-74.020813,40.766156,-73.986843,1,17.13
40.772541,-73.749763,40.830102,-73.806745,5,22.96
40.560525,-73.915551,40.691883,-73.760147,1,48.02
40.874304,-73.932613,40.691307,-73.974020,1,54.53
40.560094,-73.822654,40.618527,-73.735108,3,24.92
40.667308,-73.898738,40.884974,-73.967845,1,107.08
40.747279,-73.927722,40.768781,-73.800036,2,31.68
40.770223,-73.884397,40.651400,-73.873201,2,47.95
40.596190,-73.986335,40.602743,-73.760454,1,47.63
40.577413,-73.796565,40.885633,-73.887750,1,136.86
40.619720,-73.721285,40.721210,-73.954389,4,55.99
40.706853,-73.877233,40.580430,-73.950136,2,40.16
40.707395,-74.021372,40.836548,-73.970483,1,37.06
40.641811,-74.004117,40.656464,-73.950715,4,14.38
40.595245,-73.855352,40.882080,-73.989137,1,78.74
40.839537,-73.829889,40.604468,-73.871075,2,63.16
40.880944,-73.882502,40.847906,-73.776746,3,25.76
40.700942,-73.789932,40.856432,-73.746332,2,50.22
40.651208,-73.818463,40.602446,-73.900757,1,22.30
40.708668,-73.831436,40.603752,-74.013313,1,52.15
40.823993,-73.821569,40.821387,-73.732638,1,19.51
40.560465,-73.721595,40.651570,-73.743443,2,27.63
40.880463,-73.747631,40.569472,-73.801691,4,88.28
40.851209,-73.748540,40.786215,-73.835699,1,24.09
40.730168,-73.956108,40.595091,-73.948883,2,44.51
40.887190,-73.885730,40.757883,-73.782466,2,44.50
40.762742,-73.874670,40.871809,-73.761834,1,42.64
40.635493,-73.770715,40.741829,-73.993249,4,58.17
40.803912,-73.927913,40.704564,-73.861302,1,33.12
40.789430,-73.919993,40.690721,-73.722288,1,50.48
40.657006,-73.809445,40.747104,-73.880467,1,26.54
40.644297,-73.941987,40.858218,-73.948884,2,61.15
40.774637,-73.854789,40.661500,-73.763939,1,40.33
40.719320,-73.817243,40.803242,-73.937092,1,34.64
40.588362,-73.902754,40.568132,-73.919558,2,8.64
40.793918,-73.887916,40.833017,-73.784788,2,27.65
40.781662,-73.888057,40.739129,-73.800914,2,21.99
40.724641,-74.021062,40.889443,-73.750441,2,70.15
40.566077,-74.018347,40.648077,-73.967902,1,24.07
40.808425,-73.899452,40.736792,-73.725185,4,43.61
40.847367,-73.907869,40.640379,-73.994914,1,59.60
40.843030,-73.970275,40.837469,-73.839671,1,29.32
40.838739,-73.921790,40.844062,-73.894361,2,8.37
40.626122,-73.920185,40.878103,-73.887739,1,76.19
40.575208,-73.948650,40.678565,-73.907822,4,31.81
40.673534,-73.723055,40.582756,-73.939250,1,50.87
40.620917,-73.766087,40.848267,-73.867516,2,69.66
40.740583,-74.027131,40.766178,-73.770817,1,52.41
40.881226,-73.782619,40.652540,-73.848262,2,67.86
40.871196,-73.782239,40.824429,-73.908987,3,32.59
40.723902,-73.936858,40.841870,-74.026864,1,39.68
40.784343,-73.796768,40.596369,-73.766587,3,54.20
40.655153,-73.746140,40.689807,-73.868947,1,31.23
40.641295,-73.885638,40.709597,-73.873538,1,19.79
40.774006,-73.868096,40.829328,-73.990500,1,29.95
40.634608,-73.773011,40.734482,-73.868823,1,34.16
40.680831,-73.981065,40.656107,-73.800063,2,40.35
40.632188,-73.869227,40.804462,-73.827468,1,47.05
40.847174,-73.886069,40.658625,-73.997565,1,60.33
40.575939,-73.838271,40.772049,-73.910245,2,53.89
40.658831,-74.015456,40.597290,-73.875218,1,34.47
40.743634,-73.753516,40.760301,-73.941948,3,42.40
40.700283,-74.009425,40.573908,-73.888196,2,45.69
40.604754,-73.802997,40.703490,-73.882865,2,31.96
40.705006,-73.746669,40.808472,-73.778424,2,33.57
40.700478,-73.857137,40.659781,-73.845016,4,13.60
40.897861,-73.859713,40.868429,-74.027851,1,37.88
40.691759,-73.731401,40.811940,-73.991114,1,64.82
40.817855,-73.762388,40.566187,-73.754604,2,71.23
40.820074,-73.971806,40.817571,-73.740430,1,45.78
40.709991,-73.898441,40.608847,-73.775087,1,42.50
40.714343,-73.919691,40.657823,-73.824536,1,24.85
40.866037,-73.928281,40.668031,-73.971550,1,51.42
40.835135,-73.990095,40.670425,-73.734853,1,70.26
40.899233,-73.985114,40.853562,-73.870011,2,27.24
40.576068,-73.984974,40.706124,-73.840503,2,50.45
40.719800,-73.721988,40.615699,-73.880552,1,44.11
40.735534,-74.016017,40.828497,-73.827240,1,48.55
40.801443,-73.742978,40.651552,-73.800792,1,38.27
40.661561,-73.794279,40.809896,-73.773010,1,45.02
40.741350,-73.920125,40.641913,-73.853076,2,33.24
40.728883,-73.879942,40.880799,-74.024352,2,53.98
40.705546,-73.761169,40.768840,-73.928496,1,38.24
40.661705,-73.919231,40.622971,-73.748666,1,35.19
40.611514,-73.994158,40.853603,-74.010708,1,61.34
40.614459,-74.024411,40.734786,-74.004143,2,50.96
40.677564,-73.789382,40.682107,-73.875546,1,18.50
40.753894,-73.779217,40.679982,-73.911933,2,39.16
40.783788,-73.906466,40.610286,-73.824747,1,48.50
40.589956,-73.843520,40.621136,-73.850021,1,10.66
40.770101,-73.961515,40.603666,-73.861816,2,46.95
40.639996,-73.777089,40.577195,-73.940104,3,44.65
40.634809,-73.947776,40.844674,-73.770096,1,70.98
40.810968,-73.722315,40.878356,-73.842768,2,31.33
40.891834,-73.801067,40.834817,-73.962885,2,37.92
40.774584,-73.861525,40.724675,-73.932561,1,22.18
40.812077,-73.952831,40.630211,-73.891175,1,52.85
40.776833,-73.887712,40.724183,-73.730937,1,40.67
40.780070,-73.762607,40.638768,-73.765949,1,44.70
40.869303,-73.757011,40.787373,-73.929690,3,45.89
40.803185,-73.976720,40.585772,-73.743665,3,79.78
40.729007,-73.734116,40.593654,-73.775805,1,36.95
40.683390,-73.995572,40.727290,-73.991714,2,13.09
40.575553,-73.879563,40.760624,-73.848343,1,52.92
40.893633,-73.807037,40.756102,-73.986090,1,53.60
40.572861,-73.730105,40.660181,-73.783553,2,28.85
40.639423,-73.970200,40.842111,-73.957783,4,55.40
40.731086,-73.777540,40.585353,-73.930965,2,57.33
40.773131,-73.787966,40.880777,-73.781937,3,34.83
40.701704,-74.020119,40.836843,-73.772598,1,66.58
40.886193,-73.732422,40.708183,-73.797983,1,49.52
40.643386,-73.790754,40.768737,-73.865003,1,41.54
40.832561,-73.740957,40.790046,-73.996637,2,62.45
40.641688,-73.818560,40.845749,-73.724433,1,61.48
40.884219,-73.721461,40.782959,-73.738422,1,28.79
40.858784,-73.729409,40.610341,-73.779518,1,78.50
40.897598,-73.878099,40.681705,-73.781309,2,62.39
40.580033,-73.932775,40.824855,-73.950053,1,65.76
40.807354,-74.008794,40.573861,-73.846209,1,72.07
40.562146,-73.773963,40.893014,-73.766901,1,85.01
40.816312,-73.893164,40.688490,-73.947128,1,38.94
40.690572,-74.001582,40.850989,-73.804589,1,64.37
40.793539,-73.876001,40.562327,-74.013403,1,69.41
40.776555,-73.744365,40.879874,-73.766163,3,32.22
40.603270,-73.750828,40.664017,-73.864567,2,28.64
40.731947,-73.792831,40.760566,-73.762208,1,11.79
40.682486,-73.749487,40.677352,-73.885294,1,31.44
40.736599,-73.988808,40.603798,-73.903774,4,41.31
40.735104,-73.809558,40.634374,-73.721619,2,34.93
40.707293,-73.780910,40.863352,-73.757082,1,40.79
40.811144,-73.980036,40.735523,-74.005813,1,24.01
40.841856,-73.863057,40.715748,-73.971999,1,47.02
40.576242,-73.813386,40.890948,-73.786214,3,91.85
40.795513,-73.729510,40.743918,-73.986662,3,58.28
40.871783,-73.912312,40.759544,-73.907135,2,30.76
40.824150,-73.724661,40.745331,-73.765455,2,25.98
40.734762,-73.758647,40.743823,-73.770946,1,7.46
40.609696,-73.914555,40.655879,-73.831140,1,21.53
40.767684,-73.781545,40.882362,-73.842811,2,34.37
40.668197,-73.955456,40.628242,-73.968053,1,14.44
40.603625,-73.749492,40.674445,-73.938500,1,44.48
40.654712,-73.791406,40.819262,-73.742326,1,47.63
40.890103,-73.778653,40.751134,-73.747265,2,43.19
40.756295,-73.992697,40.638765,-73.829477,2,51.62
40.886847,-73.936565,40.747357,-73.914113,1,43.96
40.710092,-74.021814,40.789120,-73.972595,4,25.69
40.875793,-73.721676,40.809268,-73.798602,1,27.16
40.590488,-74.020902,40.729315,-74.017648,1,73.74
40.819836,-73.797569,40.834431,-73.916663,2,30.32
40.879105,-73.837372,40.875321,-73.838787,3,3.53
40.713821,-73.891547,40.653031,-73.907965,1,20.79
40.731953,-73.737483,40.739960,-73.873355,1,35.54
40.763859,-73.930531,40.611433,-73.941201,1,42.33
40.722360,-73.889708,40.789606,-73.768073,2,35.86
40.783509,-73.740502,40.646480,-74.001988,1,67.96
40.802585,-73.930392,40.871882,-73.856903,2,27.40
40.869991,-73.841876,40.580560,-73.747698,1,80.39
40.853749,-73.886867,40.852290,-73.811895,4,20.71
40.610544,-73.998169,40.828086,-73.779722,3,74.79
40.855216,-74.009478,40.598232,-73.770967,1,87.32
40.890945,-73.986423,40.738965,-73.741624,3,68.22
40.727808,-73.968063,40.864514,-73.887656,1,38.26
40.788923,-73.969894,40.611114,-73.758056,3,66.97
40.813323,-73.738429,40.680887,-73.897259,1,51.48
40.766574,-73.966824,40.875200,-73.957681,2,31.95
40.870989,-74.016493,40.583155,-73.758870,1,99.15
40.754327,-73.844403,40.860966,-73.947635,3,36.73
40.638071,-73.996313,40.879972,-73.861316,5,75.23
40.637617,-73.920850,40.568860,-73.812468,3,32.61
40.753050,-73.889335,40.844244,-73.832105,1,32.46
40.599285,-73.817505,40.883433,-73.887822,1,78.88
40.693090,-73.899721,40.763227,-73.935767,1,20.96
40.872137,-74.010236,40.799259,-73.910234,1,31.27
40.881466,-73.909076,40.836410,-73.771363,3,34.36
40.629065,-73.863720,40.829826,-73.793552,1,60.94
40.584244,-73.781233,40.622003,-73.828002,2,15.51
40.581358,-73.931668,40.574289,-73.921518,3,8.36
40.675625,-73.921351,40.864072,-73.750965,1,62.69
40.680705,-73.862852,40.879874,-73.735357,2,61.06
40.786914,-73.872915,40.702433,-73.956165,2,33.59
40.742861,-73.978768,40.626283,-73.836282,2,48.36
40.697130,-73.884643,40.789223,-73.883326,1,28.57
40.767216,-73.832197,40.687792,-73.966219,3,40.89
40.656021,-73.759871,40.700526,-73.834119,1,20.54
40.838007,-73.830361,40.599875,-73.841655,1,64.69
40.804049,-73.970242,40.709084,-73.905383,1,31.81
40.601971,-73.835439,40.798941,-73.868989,3,59.49
40.579495,-73.858304,40.695525,-73.759274,3,35.98
40.656129,-73.885101,40.734497,-73.974083,1,29.57
40.562405,-74.006476,40.850477,-73.904705,3,80.25
40.700525,-73.814379,40.695179,-73.852665,2,12.45
40.651322,-73.893916,40.760045,-73.992783,3,38.45
40.705254,-73.945814,40.802611,-73.952482,1,26.00
40.827969,-73.804539,40.737694,-73.831178,2,24.28
40.759213,-74.008165,40.622048,-73.784755,3,66.50
40.654437,-73.898967,40.809488,-74.013423,4,102.02
40.604407,-73.930706,40.790475,-73.884076,2,55.47
40.802035,-73.857769,40.613029,-73.882720,2,54.48
40.573010,-74.019046,40.863568,-73.920265,4,89.67
40.674044,-73.783745,40.872101,-73.861718,2,58.89
40.651562,-73.754898,40.854365,-73.898412,1,66.66
40.735243,-73.873497,40.678976,-73.803312,3,21.17
40.786584,-73.731956,40.806194,-73.972059,1,52.12
40.716848,-73.925466,40.840800,-73.732613,5,54.48
40.749153,-73.913058,40.838749,-73.913057,1,25.95
40.657413,-73.891575,40.658053,-73.914765,1,8.30
40.621312,-73.725210,40.882779,-73.774359,1,75.20
40.676738,-73.999396,40.673160,-73.782904,1,43.57
40.741717,-73.894395,40.784171,-73.912525,1,12.96
40.841764,-73.761161,40.738349,-73.973797,4,54.52
40.652072,-73.876943,40.594202,-73.795413,2,29.81
40.741139,-73.791001,40.877621,-74.007205,1,63.34
40.818775,-73.803739,40.688946,-73.841118,1,36.08
40.791601,-73.797497,40.621696,-73.856753,6,52.68
40.650421,-73.727624,40.871179,-73.836780,2,65.60
40.614707,-73.872733,40.808744,-73.721903,1,62.31
40.788873,-73.927053,40.597933,-74.008800,1,57.62
40.886245,-74.008367,40.842309,-73.810874,2,47.35
40.582095,-73.963145,40.570863,-73.902668,2,15.68
40.786204,-73.777987,40.729731,-74.013967,1,51.42
40.811077,-73.856349,40.606898,-73.893999,1,56.70
40.766304,-73.863426,40.855734,-73.907901,4,25.56
40.606629,-73.935823,40.749868,-73.877113,3,43.27
40.760632,-73.723565,40.722495,-73.763835,1,14.27
40.576761,-73.786739,40.895367,-73.795791,1,88.99
40.853596,-73.909236,40.849131,-73.885363,1,8.54
40.751381,-73.989981,40.660753,-73.745093,2,56.17
40.729855,-74.023643,40.641595,-73.796210,2,54.51
40.573157,-73.811565,40.745617,-74.024397,1,127.43
40.670635,-73.798108,40.610963,-73.780608,1,16.60
40.625906,-73.883445,40.793283,-73.858706,1,45.32
40.771908,-73.729734,40.723660,-73.863648,2,31.60
40.727591,-73.875267,40.697951,-73.728512,1,33.22
40.750193,-73.940723,40.817841,-73.751537,2,40.32
40.590016,-73.753332,40.638550,-73.955409,3,46.12
40.605864,-74.008834,40.817028,-73.971807,1,57.84
40.813100,-73.899286,40.803690,-73.843958,1,15.88
40.597374,-73.889299,40.822093,-73.865602,2,66.97
40.692597,-74.013069,40.635048,-73.990148,1,18.81
40.795039,-73.813214,40.600634,-73.907179,1,57.54
40.809107,-73.791059,40.803693,-73.882586,2,19.70
40.890541,-73.965449,40.752266,-73.842815,2,45.65
40.799397,-73.949609,40.636443,-74.021638,4,48.53
40.830658,-73.837392,40.628767,-73.851321,1,59.79
40.865424,-73.915451,40.562632,-73.830554,1,86.20
40.760874,-73.846611,40.734087,-73.978776,1,28.36
40.735028,-73.822173,40.562004,-73.797458,1,49.59
40.848018,-73.722799,40.879347,-73.755489,1,13.20
40.756162,-73.902744,40.793644,-73.865294,2,12.46
40.754267,-74.016258,40.789748,-73.837255,2,66.45
40.758273,-74.000396,40.767312,-73.810246,3,45.19
40.858552,-73.991472,40.862199,-74.009128,1,6.44
40.680716,-74.006632,40.894811,-73.981163,1,57.88
40.795793,-73.956891,40.828242,-73.983817,1,10.00
40.753712,-73.763465,40.729288,-73.863272,4,21.85
40.683122,-73.884447,40.836893,-73.945383,1,49.17
40.673553,-73.903351,40.877573,-73.949673,2,62.54
40.570093,-73.927157,40.717085,-73.911551,1,41.83
40.629890,-74.019093,40.717073,-73.726813,6,69.13
40.657244,-73.955109,40.639405,-73.854903,2,22.09
40.756565,-73.805015,40.733674,-73.738116,3,17.26
40.564163,-73.798851,40.731228,-73.861874,2,49.69
40.796234,-73.847446,40.622634,-73.781364,1,49.43
40.600585,-73.950060,40.896406,-73.836727,2,86.02
40.788990,-73.763558,40.720803,-73.909088,2,36.57
40.728433,-73.967437,40.893477,-73.978328,5,49.77
40.767215,-74.019786,40.661027,-73.829078,1,53.90
40.716800,-73.821619,40.855129,-73.777048,2,47.58
40.788718,-73.849130,40.837663,-73.860788,1,17.28
40.644406,-73.915018,40.694225,-73.936350,4,19.15
40.627074,-73.735653,40.606069,-73.729058,6,8.94
40.875201,-73.734630,40.767031,-73.940072,1,47.99
40.679684,-73.991400,40.673692,-73.801181,1,38.79
40.653348,-73.848969,40.610171,-73.787118,1,16.85
40.707148,-73.897704,40.835448,-73.730374,1,46.25
40.866842,-73.730345,40.885840,-73.955344,2,50.18
40.838011,-73.996646,40.756163,-73.963288,3,25.33
40.755614,-73.826509,40.886143,-73.781699,2,37.95
40.735282,-74.014659,40.863820,-73.937453,2,41.46
40.750260,-73.990042,40.856419,-73.913823,1,34.79
40.828928,-73.939363,40.748299,-73.994000,1,27.91
40.877977,-73.852300,40.694637,-73.959312,2,52.40
40.579506,-73.814036,40.723607,-73.954123,3,49.98
40.898316,-73.762985,40.641426,-73.755352,1,72.08
40.769330,-74.016235,40.571441,-73.836678,6,63.85
40.785699,-73.897659,40.586968,-74.021089,1,60.25
40.787053,-73.875826,40.843253,-73.856489,2,19.39
40.693016,-73.753635,40.693672,-73.764743,1,4.58
40.705303,-74.004000,40.689964,-73.906567,1,20.21
40.899286,-73.784215,40.647699,-73.812725,1,67.81
40.687999,-73.734665,40.808565,-73.932602,1,52.52
40.612240,-73.763226,40.583137,-73.792301,2,12.52
40.670644,-73.848230,40.865480,-73.938345,1,59.61
40.709005,-73.984756,40.713175,-73.993577,1,6.18
40.768801,-73.937202,40.642343,-73.785641,2,49.32
40.887006,-73.830440,40.584280,-73.899825,2,80.58
40.781043,-73.841162,40.812689,-73.851157,1,12.70
40.741865,-73.961339,40.814582,-73.946013,1,20.26
40.893885,-73.973168,40.595473,-73.890515,2,81.25
40.835489,-73.764064,40.660382,-74.017179,2,75.59
40.601116,-73.837726,40.882571,-73.888148,1,75.79
40.885044,-73.958597,40.766357,-73.930163,3,34.35
40.800802,-73.963216,40.712968,-73.821244,1,42.18
40.604379,-73.878035,40.609664,-73.867635,1,4.18
40.614893,-73.968981,40.860089,-73.779354,2,80.04
40.852795,-73.962393,40.803685,-73.991436,1,18.80
40.792015,-74.023099,40.865792,-73.722645,1,71.64
40.752504,-73.978798,40.606091,-73.731969,2,66.88
40.651134,-73.881351,40.821209,-73.773755,1,51.35
40.693458,-73.892900,40.744795,-73.796918,1,28.37
40.656994,-73.944645,40.593036,-73.775068,2,41.63
40.741082,-73.771711,40.748372,-73.965137,4,37.83
40.665172,-73.869122,40.786709,-74.004224,1,47.55
40.820302,-73.787885,40.771236,-73.818087,4,18.04
40.816086,-73.987853,40.668896,-73.987691,1,39.50
40.755028,-73.763030,40.662447,-73.738771,2,28.00
40.707413,-73.805465,40.632810,-74.025347,1,50.23
40.792169,-73.992969,40.756738,-74.015232,1,15.16
40.714611,-73.743440,40.730300,-73.967546,1,47.39
40.831389,-74.001165,40.566969,-73.748605,1,88.83
40.756326,-73.846048,40.780883,-73.768923,1,21.11
40.762561,-73.803910,40.820461,-73.854581,1,19.81
40.827940,-73.742450,40.602510,-73.944445,3,77.13
40.771785,-73.947714,40.715895,-73.850645,1,28.74
40.579185,-73.863050,40.617216,-73.780059,1,22.07
40.741315,-74.012909,40.658027,-73.965943,1,26.86
40.807439,-73.757039,40.600577,-73.839710,3,57.72
40.646275,-73.944115,40.889528,-73.736726,1,71.37
40.590617,-73.851130,40.751426,-73.948430,1,47.08
40.713075,-73.767420,40.851407,-73.905524,1,46.05
40.593429,-73.804995,40.735323,-73.776898,4,43.26
40.897981,-73.881941,40.780311,-73.820339,2,35.55
40.719222,-73.936029,40.733859,-73.965678,1,10.39
40.669463,-73.930879,40.691239,-73.791586,1,31.24
40.660523,-74.004111,40.649174,-73.872615,2,33.84
40.773876,-73.902487,40.617474,-74.006726,1,49.27
40.575973,-74.004164,40.853603,-74.005461,1,79.81
40.571713,-73.992435,40.649713,-73.876439,1,32.05
40.772133,-73.866485,40.777248,-73.901939,2,11.82
40.689767,-73.735104,40.682361,-73.736931,1,4.06
40.803631,-73.967876,40.653305,-73.963743,1,40.46
40.715628,-73.743793,40.628520,-73.757078,1,24.77
40.670318,-73.728049,40.851561,-73.779590,5,49.93
40.649423,-73.943690,40.589527,-73.777338,1,39.20
40.772639,-73.810072,40.755626,-73.960607,1,32.09
40.864509,-74.012743,40.825470,-73.910404,2,44.13
40.667831,-73.848337,40.635140,-73.822633,1,10.49
40.840989,-73.885985,40.731154,-73.748338,1,38.39
40.734702,-73.962456,40.836603,-74.004422,1,35.32
40.560694,-73.721153,40.855724,-73.720664,1,81.41
40.729092,-74.006528,40.862632,-73.964587,1,38.56
40.681390,-74.026808,40.560856,-73.965719,1,35.62
40.611379,-73.828183,40.875292,-73.827878,1,72.90
40.899285,-73.837326,40.898927,-73.970262,1,29.41
40.806295,-73.951028,40.675578,-73.944091,3,38.09
40.861061,-73.844011,40.819701,-73.935751,1,22.97
40.685573,-73.747357,40.844387,-73.822651,2,47.99
40.578685,-74.011315,40.801047,-73.897433,2,119.84
40.767730,-73.888774,40.707241,-73.905126,1,19.58
40.610721,-73.909769,40.671433,-73.804954,4,30.67
40.574370,-73.842286,40.702610,-73.970905,2,40.60
40.703470,-73.816175,40.868480,-73.952483,2,57.11
40.560569,-73.868155,40.823190,-73.806411,4,73.83
40.811270,-73.880518,40.604649,-73.948609,1,61.22
40.896979,-74.005289,40.662652,-73.768724,2,88.04
40.872122,-73.971626,40.829780,-73.843446,2,32.81
40.766235,-73.768999,40.671351,-73.745864,1,31.12
40.712201,-73.849086,40.628757,-73.745543,2,33.29
40.766228,-74.007422,40.795879,-74.010039,1,11.03
40.894356,-73.886016,40.652320,-73.789673,1,103.96
40.600082,-73.735448,40.746173,-73.935259,4,57.12
40.655436,-73.880962,40.710275,-73.810859,2,24.59
40.644019,-73.821989,40.714171,-73.871339,2,23.03
40.757958,-73.727225,40.869143,-73.949839,1,56.18
40.660023,-73.803940,40.586459,-73.809191,2,21.78
40.834184,-73.903263,40.673175,-73.894483,1,45.18
40.619901,-73.874708,40.570075,-73.772673,2,26.92
40.564609,-73.737943,40.814573,-73.979848,2,86.90
40.895794,-73.968995,40.853542,-73.974492,2,14.64
40.834168,-73.830688,40.837046,-73.727039,5,23.81
40.753181,-73.824443,40.680747,-73.812543,1,23.46
40.750569,-73.726838,40.867829,-73.977268,1,56.92
40.877030,-73.862419,40.600022,-73.872189,2,79.04
40.735831,-73.869807,40.878685,-73.950744,2,47.67
40.800336,-73.765573,40.614156,-73.722608,2,51.22
40.592644,-74.006248,40.849092,-74.021277,2,73.07
40.898124,-73.996983,40.668225,-73.856671,1,115.08
40.836193,-73.865341,40.701351,-73.907007,1,42.36
40.585891,-73.877702,40.668334,-73.947276,1,23.04
40.593748,-73.848929,40.671463,-73.927835,1,29.52
40.618525,-73.923732,40.756781,-73.923792,3,35.99
40.851784,-73.784384,40.864512,-74.011189,1,48.91
40.591832,-74.029270,40.773320,-73.777075,1,67.41
40.791328,-73.833388,40.888600,-73.885304,4,34.23
40.618699,-73.769276,40.894306,-74.024020,1,90.90
40.790045,-73.839705,40.877564,-73.894359,1,28.59
40.841219,-73.774009,40.876404,-73.929033,1,35.72
40.675509,-73.902189,40.701884,-73.774185,3,29.64
40.574031,-73.942934,40.612384,-73.818348,1,31.93
40.828914,-73.866146,40.696539,-73.955090,2,42.80
40.605859,-73.907264,40.647540,-74.009210,1,29.38
40.882055,-73.826021,40.875230,-73.843446,1,3.21
40.675636,-73.891402,40.759469,-73.996269,3,34.24
40.694181,-73.838751,40.700826,-73.791049,2,10.39
40.882108,-73.831936,40.609520,-73.721816,1,76.14
40.638805,-73.743945,40.563730,-73.881332,1,36.21
40.884311,-73.939569,40.580114,-73.747702,2,91.70
40.808759,-73.834029,40.609762,-73.799614,3,58.76
40.788698,-73.966906,40.854646,-73.804544,1,37.77
40.686151,-73.768941,40.897996,-73.755562,1,60.17
40.718268,-73.814479,40.611454,-73.734642,1,54.29
40.741632,-73.914103,40.681858,-73.752343,1,40.93
40.742247,-73.788723,40.579903,-73.914073,4,53.33
40.585918,-73.835252,40.615192,-73.915143,1,25.50
40.805091,-73.799360,40.781930,-74.013771,5,51.63
40.657379,-73.721891,40.791382,-73.998973,1,76.54
40.796809,-73.741324,40.701641,-73.821451,1,60.52
40.855860,-73.814832,40.576602,-73.903317,1,70.61
40.591259,-73.773650,40.601980,-74.024076,1,53.28
40.799194,-73.866859,40.889205,-73.766970,1,32.90
40.650626,-73.940455,40.573252,-73.988701,1,25.42
40.732515,-73.808491,40.720676,-73.841277,1,9.12
40.655272,-73.894195,40.895005,-73.734344,5,80.91
40.899475,-73.888931,40.735326,-73.849033,2,84.07
40.870928,-73.975030,40.564797,-74.028685,2,84.72
40.853072,-73.739995,40.805277,-73.900097,1,39.21
40.845118,-73.774360,40.659696,-73.795000,2,55.40
40.566400,-73.920541,40.685248,-73.821418,2,40.82
40.609085,-73.883828,40.896636,-73.767281,1,80.19
40.735899,-73.745642,40.649614,-73.843884,2,33.70
40.824439,-73.780425,40.730902,-73.789525,2,30.96
40.700460,-73.848367,40.574930,-73.879631,1,38.28
40.829448,-73.754550,40.709709,-73.774461,1,32.88
40.808355,-74.014272,40.657540,-73.940962,1,49.26
40.778806,-73.887077,40.754153,-73.894734,3,8.52
40.883737,-73.899162,40.641291,-73.775012,5,77.65
40.639614,-73.816553,40.713497,-73.860808,2,25.62
40.701399,-73.830186,40.731190,-73.781875,2,13.11
40.898557,-73.827718,40.687403,-73.829418,1,57.21
40.646823,-73.857418,40.845126,-74.003633,1,60.20
40.605444,-73.741375,40.598946,-73.969173,2,49.68
40.677057,-73.896435,40.644459,-73.927771,3,12.16
40.761302,-73.925348,40.709018,-73.872181,1,27.48
40.590891,-74.004871,40.561633,-73.742138,1,56.77
40.876126,-73.954829,40.899344,-73.833072,1,26.76
40.735871,-73.972984,40.649695,-73.743471,2,51.90
40.858060,-73.968162,40.856471,-73.801563,3,34.16
40.874182,-73.925076,40.800542,-73.917647,1,23.50
40.666464,-73.970297,40.646907,-74.017634,1,13.72
40.660224,-73.872438,40.730295,-73.935094,1,26.90
40.862510,-73.848999,40.702669,-73.791732,1,42.60
40.689617,-73.914205,40.643336,-73.868432,2,18.25
40.703932,-73.752576,40.725407,-74.029385,2,53.97
40.574738,-74.001935,40.779242,-74.009012,1,56.59
40.708095,-73.889920,40.754960,-73.868122,1,16.86
40.755327,-73.728108,40.637639,-73.817430,1,37.99
40.581807,-73.959966,40.674360,-74.018696,1,31.65
40.780085,-73.864215,40.764875,-73.892276,2,10.64
40.880621,-73.785858,40.696857,-74.011298,6,71.86
40.610623,-73.878378,40.630107,-73.875402,2,6.73
40.596715,-73.903416,40.817425,-73.764633,1,71.32
40.611092,-74.004767,40.646610,-73.955566,1,17.72
40.728173,-73.785948,40.621041,-73.723481,1,34.13
40.672051,-73.737479,40.724550,-73.888033,2,41.23
40.776033,-74.010219,40.648638,-73.932975,1,36.77
40.661224,-73.893051,40.826589,-74.010810,1,55.46
40.729104,-73.940040,40.596701,-73.780634,5,53.29
40.645031,-73.969146,40.774448,-74.011685,3,39.24
40.683148,-74.001663,40.761978,-73.749349,2,53.75
40.763996,-73.734750,40.713830,-73.733049,2,14.42
40.570368,-73.971189,40.566516,-73.916191,4,13.42
40.685157,-73.771680,40.640688,-73.819244,3,17.74
40.610568,-73.906214,40.742109,-74.020626,1,42.72
40.748837,-73.856329,40.644537,-73.915176,1,54.28
40.708234,-73.975805,40.604084,-74.023134,1,30.63
40.858663,-73.794710,40.767757,-73.727883,1,31.31
40.608944,-74.018618,40.710379,-73.723466,2,70.35
40.611429,-73.866512,40.800048,-73.913281,1,52.96
40.841228,-73.826095,40.593619,-74.008850,1,80.64
40.719472,-73.923338,40.829091,-73.812072,1,44.98
40.620440,-73.930787,40.658719,-73.905244,1,12.90
40.657768,-73.993248,40.702568,-73.874798,2,28.72
40.594719,-73.857048,40.809390,-73.885540,1,63.77
40.643310,-73.918603,40.567147,-73.984265,5,33.08
40.692516,-73.814705,40.899798,-73.989456,2,66.97
40.758142,-73.819219,40.758165,-74.013617,1,39.53
40.623496,-73.831014,40.786738,-73.932203,3,51.94
40.601560,-73.860989,40.741134,-73.774175,1,40.92
40.743190,-74.025780,40.890494,-73.993483,1,40.56
40.885989,-73.970576,40.702940,-73.989321,2,49.97
40.854127,-73.755174,40.766747,-73.789410,1,24.15
40.600010,-73.780901,40.894629,-73.906771,2,84.18
40.777813,-73.788727,40.882695,-73.760252,3,32.99
40.702158,-73.990093,40.782764,-73.853982,1,36.13
40.840093,-73.758938,40.679233,-73.832652,2,50.69
40.569231,-73.978028,40.697357,-73.982254,1,35.51
40.695503,-73.740148,40.641783,-73.766487,1,17.45
40.728017,-73.872639,40.605018,-74.015999,1,50.71
40.770028,-73.922227,40.890082,-74.024322,1,46.39
40.720099,-73.940561,40.770381,-73.826140,3,28.78
40.819599,-73.920933,40.653160,-73.755539,1,59.82
40.620090,-73.952929,40.575876,-73.826478,2,31.67
40.827251,-73.757895,40.711924,-73.815202,5,39.32
40.613108,-74.022648,40.738157,-73.878388,4,50.51
40.663612,-73.894139,40.669595,-73.841834,1,10.86
40.709948,-73.782008,40.644333,-73.991489,4,53.48
40.839037,-73.835463,40.869154,-73.884284,2,17.99
40.732645,-73.933499,40.711441,-73.770203,2,38.42
40.574321,-74.003811,40.653252,-73.870958,5,34.29
40.826517,-73.765746,40.623896,-73.894673,1,66.71
40.631747,-73.928754,40.582003,-73.735434,2,39.20
40.729875,-74.022841,40.579523,-73.746140,5,72.26
40.835301,-73.801343,40.817590,-73.826477,3,12.07
40.869550,-73.973977,40.848733,-73.950445,1,12.05
40.821934,-73.880405,40.620590,-74.020202,1,58.67
40.746045,-73.948423,40.727916,-73.976194,2,9.72
40.809760,-73.869829,40.818654,-73.769288,2,23.62
40.712671,-73.847452,40.760343,-74.017586,1,38.77
40.589934,-74.014634,40.749172,-73.972484,1,42.99
40.863505,-73.953574,40.563864,-74.004685,1,86.52
40.696912,-73.736275,40.741741,-73.835270,2,27.70
40.894533,-73.917752,40.653565,-73.942621,3,68.87
40.579834,-73.968426,40.681394,-73.944787,1,30.07
40.867204,-73.894852,40.852099,-73.789214,1,24.03
40.711379,-73.874027,40.668943,-73.986844,1,32.36
40.708483,-73.810897,40.870188,-73.967178,1,58.73
40.729909,-73.922440,40.570541,-73.896991,1,49.99
40.718333,-73.908606,40.746545,-73.973299,1,19.14
40.842588,-73.775529,40.822127,-73.807416,2,11.09
40.575806,-73.747279,40.792366,-73.783148,3,64.64
40.695456,-73.992587,40.739087,-73.856145,1,32.18
40.774424,-73.759512,40.804338,-74.010219,3,52.43
40.719447,-73.814745,40.791028,-73.769516,1,23.14
40.675286,-73.883138,40.790100,-73.954073,2,40.10
40.808391,-73.967760,40.597792,-74.018284,3,59.64
40.881554,-74.011007,40.611661,-73.975729,1,73.32
40.711192,-73.877290,40.756425,-74.013012,1,30.71
40.761375,-73.933321,40.870546,-73.864954,2,34.74
40.617134,-73.935656,40.671129,-73.926747,1,16.10
40.562805,-73.951510,40.802902,-73.969491,2,65.88
40.648353,-73.974614,40.649817,-74.000605,2,8.17
40.563925,-73.815839,40.816540,-73.760093,1,66.00
40.697033,-73.747552,40.821069,-73.941913,3,56.95
40.687197,-73.922844,40.856344,-73.914190,4,48.92
40.879855,-73.783894,40.609200,-73.751182,1,68.24
40.705378,-73.863854,40.691462,-73.939269,1,13.83
40.632522,-73.917606,40.854742,-73.981398,1,59.73
40.724809,-73.965732,40.807559,-73.739312,1,54.26
40.871617,-73.856966,40.586829,-73.820554,1,80.59
40.646591,-73.777464,40.793267,-73.823792,1,45.22
40.847760,-73.957069,40.610200,-73.908378,1,68.88
40.584848,-73.897057,40.770689,-74.019477,1,58.19
40.579517,-73.720068,40.571344,-73.896545,1,44.02
40.837845,-73.938349,40.602257,-73.866549,1,68.82
40.865925,-73.859030,40.787511,-73.734859,1,31.75
40.760949,-73.891922,40.690747,-74.029771,3,39.68
40.711144,-73.766837,40.661731,-73.879285,1,27.51
40.773173,-73.748675,40.788449,-73.991273,1,54.50
40.716766,-73.894467,40.716110,-73.983555,2,21.47
40.786125,-73.927758,40.661390,-73.890866,2,36.64
40.891448,-73.799813,40.825240,-73.989579,1,45.00
40.677796,-73.972567,40.807438,-73.910514,1,39.27
40.602542,-73.829157,40.882082,-73.998678,2,121.71
40.876230,-73.892289,40.651993,-73.932174,5,111.46
40.845452,-73.898559,40.803879,-74.018541,2,32.29
40.804009,-73.950511,40.896560,-73.841642,2,37.12
40.648493,-74.000478,40.747027,-73.969415,2,28.49
40.847312,-74.023568,40.591473,-73.736704,1,95.88
40.591867,-73.986382,40.797415,-73.900467,2,60.53
40.874342,-73.963149,40.601641,-74.016995,2,74.77
40.598615,-73.953703,40.712567,-73.921211,2,33.76
40.636687,-73.792821,40.722024,-73.776577,2,25.16
40.610017,-73.859114,40.792137,-73.812884,1,52.47
40.594335,-73.832953,40.720961,-73.773361,2,35.19
40.669868,-73.841757,40.632608,-74.004512,1,37.48
40.671634,-73.824459,40.704242,-73.839534,1,11.91
40.630151,-73.917051,40.680392,-73.972922,2,19.69
40.562285,-73.785570,40.656566,-73.977110,1,54.44
40.845350,-73.919196,40.758244,-73.797439,1,32.25
40.897359,-73.920921,40.779162,-73.952673,2,32.84
40.667382,-74.012699,40.702365,-74.000277,1,10.66
40.865883,-73.792120,40.591067,-73.883344,1,82.16
40.822805,-73.828027,40.882603,-73.821012,4,16.25
40.747119,-73.731651,40.720621,-73.944380,1,43.79
40.724058,-74.019023,40.560917,-73.959975,2,50.74
40.699514,-73.738962,40.607689,-73.976794,4,60.56
40.876273,-73.841137,40.834208,-73.729354,5,26.43
40.664184,-73.869423,40.684570,-73.827473,4,15.11
40.782515,-73.869107,40.898344,-73.931531,3,37.61
40.809366,-73.951959,40.583420,-73.875068,1,70.09
40.761332,-73.833412,40.852529,-73.966625,5,43.58
40.734733,-73.786039,40.821699,-73.832470,1,28.87
40.717899,-74.014330,40.695305,-73.851105,1,35.91
40.691288,-73.964553,40.655487,-73.863845,1,26.52
40.842253,-73.766186,40.628999,-73.753682,1,64.30
40.640636,-74.003987,40.860618,-73.802600,3,73.66
40.864316,-73.936741,40.614464,-73.745129,1,77.68
40.880116,-73.806142,40.678973,-73.895823,1,56.23
40.662724,-73.937694,40.606490,-73.810015,1,31.79
40.761416,-74.010856,40.780329,-73.784179,1,48.02
40.805080,-73.806306,40.862812,-73.909612,1,32.65
40.854090,-74.002688,40.697741,-74.017345,1,46.79
40.700750,-73.869868,40.591220,-73.969155,2,42.72
40.566004,-74.003064,40.869203,-73.888890,1,89.21
40.668408,-74.025159,40.582265,-73.746579,2,64.87
40.714014,-73.916149,40.627178,-74.009518,3,30.57
40.857502,-73.827674,40.656835,-73.751389,4,65.11
40.744768,-73.991591,40.814111,-73.978601,3,19.09
40.854698,-73.768481,40.845099,-73.850119,1,18.66
40.663144,-74.015139,40.727624,-73.927889,5,29.42
40.714845,-73.782175,40.624497,-73.791150,1,26.70
40.588961,-73.740770,40.835468,-73.742468,1,120.88
40.893917,-73.984995,40.739100,-73.957669,3,52.27
40.647540,-73.890411,40.567420,-73.861398,2,26.22
40.792887,-73.812351,40.767188,-73.898880,3,21.72
40.721453,-73.930238,40.845445,-73.871105,1,36.69
40.860631,-73.968914,40.773241,-73.911129,4,29.26
40.686740,-73.728790,40.860572,-73.875803,1,88.40
40.641764,-73.851189,40.629765,-73.845888,3,8.05
40.840144,-74.012446,40.644152,-73.774086,2,74.32
40.762797,-73.983489,40.866514,-73.931322,1,29.52
40.725545,-74.002958,40.792473,-73.858333,4,36.00
40.758233,-74.010561,40.720327,-73.922760,1,21.93
40.899570,-73.796192,40.758332,-73.941281,2,51.40
40.587972,-73.854932,40.865094,-73.729295,1,75.86
40.801045,-73.967196,40.687653,-73.740625,1,58.72
40.670619,-73.784251,40.568356,-73.782367,2,27.82
40.875249,-73.817335,40.727881,-74.006079,2,59.15
40.713455,-73.853716,40.847155,-73.809756,4,37.42
40.745296,-73.794185,40.799509,-73.725133,1,21.08
40.609007,-73.958192,40.867918,-73.981733,1,70.77
40.771682,-73.947295,40.566844,-73.892938,1,59.25
40.731205,-73.892896,40.750506,-74.002788,2,27.39
40.660654,-73.740935,40.788940,-73.840040,1,37.27
40.774847,-73.891006,40.842650,-73.894125,4,23.03
40.772322,-73.906914,40.647495,-73.923911,1,33.15
40.632530,-73.951661,40.720711,-74.023973,2,31.64
40.720996,-73.850937,40.642728,-74.019146,1,42.58
40.662198,-73.983566,40.863482,-73.756629,1,73.13
40.838915,-73.728553,40.743751,-73.948393,4,52.89
40.685338,-73.909653,40.748049,-73.845402,1,24.80
40.679822,-73.720138,40.784540,-73.943359,1,96.56
40.893113,-73.891470,40.872810,-73.858906,1,12.39
40.868853,-73.971748,40.881078,-73.862390,2,25.12
40.591658,-73.974485,40.622494,-73.957636,2,12.69
40.671379,-73.813850,40.611310,-73.974259,1,41.54
40.842545,-73.901487,40.663685,-73.967032,2,51.82
40.683016,-73.751603,40.627881,-73.819711,3,24.63
40.763163,-73.935317,40.603018,-73.817571,4,49.27
40.820171,-73.743436,40.839886,-73.813625,5,22.31
40.754628,-73.799334,40.643452,-73.992425,1,106.39
40.876564,-73.830524,40.631951,-73.890876,1,69.61
40.577639,-73.878529,40.888237,-74.011379,3,84.43
40.757928,-73.869160,40.764053,-73.726515,1,31.22
40.620204,-73.865998,40.707165,-73.929926,4,27.16
40.837483,-73.958300,40.677547,-73.969054,4,50.52
40.651640,-73.829762,40.643108,-73.922593,2,17.76
40.885345,-73.722597,40.625618,-73.880432,1,84.12
40.665562,-73.825137,40.711799,-73.772642,1,20.35
40.694227,-73.770510,40.689979,-73.961414,4,44.77
40.866349,-73.726898,40.817231,-73.948199,1,48.68
40.579647,-73.977650,40.788742,-73.792381,2,70.73
40.604359,-73.789219,40.786363,-73.982456,1,64.00
40.600924,-73.766854,40.567552,-73.791597,1,12.60
40.808010,-73.786847,40.658321,-73.778329,1,42.04
40.724535,-73.827628,40.762894,-73.996460,1,38.38
40.823130,-73.796979,40.711310,-73.931737,2,47.24
40.722417,-73.944108,40.624733,-73.915728,1,28.90
40.649877,-73.858516,40.868892,-73.866744,1,59.13
40.861119,-73.783521,40.759645,-73.794373,3,29.75
40.765102,-73.881615,40.618704,-74.014469,1,47.85
40.718015,-73.873732,40.806306,-73.837203,1,27.90
40.644943,-74.010646,40.792711,-73.896641,3,50.71
40.648712,-73.841049,40.889821,-73.962555,2,63.47
40.813875,-73.931111,40.675362,-73.749131,1,49.95
40.768942,-73.876002,40.682131,-73.791750,2,31.49
40.894222,-73.744082,40.840671,-73.993646,1,84.14
40.833278,-73.786516,40.747072,-73.795808,1,26.05
40.640768,-73.861763,40.626611,-73.762384,1,23.40
40.758526,-73.844782,40.767196,-73.782619,1,16.27
40.809715,-73.859173,40.778518,-74.023515,2,36.25
40.688803,-74.000765,40.621318,-74.008217,1,20.95
40.870624,-73.977937,40.644136,-73.854405,1,68.62
40.598474,-73.773864,40.754211,-73.729510,1,45.61
40.774346,-73.984757,40.598194,-74.002574,3,52.97
40.729115,-73.863718,40.702205,-73.816883,1,14.77
40.685220,-73.913337,40.832272,-73.780133,1,52.28
40.624870,-73.922620,40.620745,-73.806265,2,28.59
40.821296,-73.862030,40.566793,-73.765964,3,76.67
40.824700,-74.013785,40.823548,-73.890958,3,29.51
40.795646,-73.963768,40.676060,-73.721967,1,58.67
40.662663,-73.794874,40.785301,-73.916495,3,47.86
40.756877,-73.767758,40.786978,-73.908590,1,33.43
40.896070,-73.980325,40.731416,-73.923308,1,49.50
40.737791,-73.822836,40.647689,-73.810930,2,25.63
40.568040,-73.823534,40.619464,-73.887823,1,23.20
40.652989,-73.772190,40.614412,-73.825789,2,19.41
40.858380,-73.807053,40.594554,-73.849678,1,71.61
40.794688,-73.736602,40.775150,-73.935008,1,40.87
40.898549,-73.897372,40.686492,-73.786885,1,63.08
40.774033,-73.729144,40.737874,-73.736815,2,12.81
40.715172,-73.761344,40.616597,-73.971185,2,58.36
40.596712,-74.012016,40.821107,-73.851523,1,71.67
40.790496,-73.845827,40.720783,-73.822749,2,27.07
40.581211,-74.010438,40.607774,-73.765199,3,54.78
40.577963,-73.839372,40.768153,-73.899016,2,50.94
40.886700,-74.009680,40.662184,-73.831399,5,68.21
40.728291,-73.809543,40.821282,-73.889077,1,33.50
40.833555,-73.969952,40.744876,-73.847640,1,36.83
40.657607,-73.886393,40.787436,-73.954766,2,33.70
40.769099,-73.915199,40.765444,-73.745904,3,35.11
40.813421,-73.923019,40.716938,-74.016906,2,31.50
40.723625,-73.909738,40.615246,-73.910411,1,34.53
40.609987,-73.872511,40.769654,-73.841775,1,44.77
40.745473,-73.982904,40.806490,-73.784327,1,44.11
40.633058,-73.767235,40.576798,-73.740492,2,20.78
40.720946,-74.000245,40.637986,-73.778784,4,58.41
40.812196,-73.955805,40.607017,-73.936352,1,57.32
40.895083,-73.898573,40.701489,-73.927269,2,49.91
40.839871,-73.890925,40.835130,-73.970056,1,20.10
40.869097,-73.803477,40.680038,-73.756383,1,55.48
40.859600,-73.847750,40.588966,-73.942717,1,83.96
40.598010,-73.975093,40.599641,-74.018830,1,10.95
40.681613,-73.750859,40.873511,-73.902245,1,68.88
40.695072,-73.931342,40.655902,-73.785886,2,31.21
40.585444,-73.985691,40.812596,-73.851623,6,70.90
40.662601,-73.962720,40.873022,-73.915806,1,60.41
40.784143,-73.733177,40.739689,-73.766906,1,12.91
40.755130,-73.785764,40.633590,-73.851052,1,36.90
40.792050,-74.000976,40.876619,-73.806899,1,43.41
40.646280,-73.985033,40.841027,-73.750946,1,70.90
40.642151,-73.800735,40.695632,-73.918412,1,33.37
40.801785,-73.974619,40.647027,-73.763279,1,65.11
40.876683,-73.802924,40.609584,-73.720053,4,78.55
40.627701,-73.957850,40.811599,-73.773306,1,66.00
40.813943,-73.783186,40.713484,-73.803824,1,29.26
40.775563,-73.998773,40.588267,-73.900714,2,57.56
40.854297,-73.999576,40.830489,-73.741021,4,53.76
40.880303,-73.898689,40.613121,-73.981495,1,76.05
40.693509,-73.742539,40.892656,-73.820232,1,58.69
40.682930,-73.894717,40.899168,-73.903955,1,58.90
40.824019,-73.934804,40.708027,-73.885249,3,40.22
40.633674,-73.846513,40.636412,-73.752318,4,19.41
40.597469,-73.897699,40.658073,-73.942521,1,17.94
40.834474,-73.936229,40.664272,-73.990984,3,44.39
40.875088,-73.857714,40.724959,-73.933927,1,45.73
40.880496,-73.862868,40.740667,-73.869003,1,44.77
40.801819,-73.813591,40.757714,-73.833803,1,20.05
40.785890,-73.760121,40.637262,-73.788095,1,43.64
40.768966,-73.729386,40.788344,-73.865595,1,29.88
40.598316,-73.920655,40.563481,-73.925771,1,12.42
40.889485,-73.961875,40.823024,-73.930863,4,27.16
40.566091,-73.822326,40.879055,-73.970119,1,90.84
40.839381,-73.733526,40.855909,-73.903838,1,30.80
40.590971,-73.851843,40.825581,-74.007465,1,75.78
40.652970,-74.018665,40.852094,-73.789546,1,75.29
40.573555,-73.922756,40.733120,-73.937442,2,94.46
40.637068,-73.922174,40.716647,-73.909869,1,22.30
40.694556,-73.838853,40.758512,-73.760792,4,28.14
40.724124,-74.014945,40.694549,-73.957623,1,16.46
40.899854,-73.734307,40.621601,-73.828667,1,81.90
40.724334,-73.870939,40.864324,-73.776713,6,43.76
40.756176,-73.748729,40.629822,-73.806473,1,38.80
40.876402,-73.896859,40.777725,-74.000460,3,41.14
40.840291,-73.740600,40.589905,-73.739220,1,69.34
40.889921,-73.997117,40.694373,-73.793004,3,67.33
40.749458,-73.805022,40.858985,-73.895236,1,35.30
40.775746,-73.856876,40.615493,-73.832197,2,45.22
40.733289,-73.937426,40.573353,-73.885373,1,48.42
40.648265,-73.843508,40.841460,-73.727227,3,62.69
40.747468,-74.001161,40.860645,-73.864875,2,41.75
40.656287,-74.008913,40.701700,-73.986202,1,15.06
40.764829,-74.029142,40.825119,-73.929193,3,28.46
40.805383,-73.725915,40.811830,-73.997919,1,56.50
40.753709,-73.776277,40.682700,-73.730771,1,20.58
40.575349,-73.890170,40.709655,-73.824955,1,46.55
40.615625,-73.823648,40.647429,-73.969181,2,30.90
40.696633,-73.788900,40.602106,-73.859151,2,33.62
40.778875,-73.732740,40.771201,-73.954151,1,48.30
40.676101,-73.934367,40.730491,-73.735558,4,50.30
40.896764,-73.850795,40.885608,-73.779521,1,17.77
40.806538,-73.743161,40.744128,-73.739928,4,19.32
40.671975,-74.000918,40.708166,-73.749955,3,55.71
40.775861,-73.999661,40.852652,-73.747075,2,55.35
40.886602,-73.869400,40.853305,-73.917475,1,19.37
40.644563,-73.720234,40.802182,-73.749028,1,43.00
40.834566,-73.883832,40.786118,-73.969808,2,27.66
40.713638,-73.850406,40.704032,-73.839702,2,3.30
40.659791,-73.870856,40.653434,-73.895684,1,7.56
40.668818,-73.809567,40.648270,-73.881206,1,17.73
40.700799,-73.786238,40.612262,-73.960534,2,46.95
40.804730,-73.883046,40.642691,-74.029986,2,56.77
40.592685,-73.835854,40.723440,-73.777089,1,38.73
40.661855,-74.022780,40.726666,-73.896074,1,32.53
40.760761,-73.735084,40.601411,-73.928291,3,66.77
40.679026,-73.903524,40.595590,-73.970571,2,25.98
40.788778,-73.731971,40.633859,-73.781091,5,46.74
40.614152,-73.720104,40.719262,-73.895930,1,41.38
40.763763,-73.934851,40.856064,-73.788445,4,35.81
40.614723,-73.740985,40.608414,-73.733642,1,5.12
40.878495,-73.786754,40.897189,-73.873860,1,22.15
40.706883,-74.010557,40.769390,-73.857802,1,37.57
40.740771,-73.941664,40.867310,-73.976474,1,32.76
40.880315,-73.754071,40.776154,-73.867470,2,35.05
40.724864,-73.832915,40.753464,-73.745564,1,19.84
40.807531,-73.869813,40.724693,-73.947123,1,31.65
40.705193,-73.743314,40.632550,-73.950216,2,51.93
40.882481,-73.734548,40.583310,-73.940804,1,93.95
40.895629,-73.756225,40.794268,-74.027272,1,65.61
40.561139,-73.797451,40.731526,-73.908816,2,53.75
40.629749,-74.008152,40.586953,-73.933877,2,21.44
40.586800,-73.788455,40.736733,-73.819924,1,43.33
40.895776,-73.881477,40.892003,-73.830967,6,13.70
40.692710,-74.022072,40.604798,-74.029004,4,24.67
40.618590,-73.917703,40.891485,-73.859841,2,78.74
40.646955,-73.819711,40.685102,-73.926049,2,29.97
40.841576,-73.766005,40.751404,-74.025577,1,57.09
40.603618,-73.836786,40.590324,-73.739109,1,24.46
40.890535,-73.768396,40.827691,-73.820362,1,21.35
40.861057,-73.949613,40.816702,-73.777379,1,41.34
40.894739,-73.953541,40.564135,-74.002718,1,88.69
40.859575,-73.846343,40.721503,-73.992587,1,52.07
40.651581,-73.762520,40.749264,-74.019350,3,64.56
40.675579,-73.872965,40.656117,-73.879634,2,6.84
40.700107,-73.951778,40.686195,-73.781309,1,34.02
40.620803,-73.866816,40.653776,-73.729305,1,31.48
40.888211,-73.831646,40.848021,-73.769220,1,22.32
40.875078,-73.878558,40.645931,-73.811117,1,67.17
40.591077,-74.000791,40.695310,-73.811771,3,48.51
40.839191,-73.848402,40.849707,-73.893008,1,10.88
40.895231,-74.017763,40.854545,-73.751752,1,54.91
40.561395,-73.883672,40.572585,-73.760713,1,29.42
40.889808,-73.747448,40.605713,-73.986181,1,97.58
40.876376,-74.000552,40.834426,-73.923748,1,19.49
40.890091,-73.868587,40.740744,-73.814088,1,47.16
40.846792,-73.970838,40.616479,-73.945242,2,62.03
40.607874,-73.889225,40.871655,-73.842379,1,74.06
40.564188,-73.771453,40.587436,-73.774284,2,8.37
40.621789,-73.827674,40.734447,-73.976595,2,44.18
40.745748,-73.867447,40.650757,-73.796607,4,32.54
40.880218,-74.017536,40.795064,-73.936999,2,29.26
40.702405,-73.798334,40.728419,-73.863737,2,17.42
40.757153,-73.828214,40.877554,-73.941200,1,45.73
40.580101,-73.795245,40.784081,-73.739431,1,57.89
40.856683,-74.024125,40.816562,-73.788719,1,52.83
40.883692,-73.770223,40.754985,-73.909830,1,46.22
40.633871,-73.978814,40.787973,-73.888874,2,47.94
40.809935,-73.933462,40.605018,-73.793056,2,66.78
40.829076,-73.754699,40.617178,-73.796754,1,57.32
40.611094,-73.930278,40.885693,-73.913205,1,78.63
40.648630,-73.937007,40.645328,-73.835821,1,21.47
40.670240,-73.794791,40.587079,-73.735122,1,26.73
40.720528,-73.940094,40.626457,-73.798478,1,41.98
40.831793,-73.795008,40.726251,-73.822839,1,31.60
40.878002,-73.927477,40.815174,-73.793911,1,34.01
40.777796,-73.754553,40.565978,-73.762936,1,54.86
40.818963,-73.889652,40.848046,-74.006908,1,28.73
40.829925,-73.923308,40.714516,-73.769738,1,47.53
40.802204,-73.969641,40.817586,-73.775532,1,45.53
40.758583,-73.797503,40.688502,-73.899287,1,28.43
40.754220,-73.913086,40.568518,-73.882599,1,91.71
40.734441,-73.875506,40.758906,-73.800144,1,17.57
40.864176,-74.025924,40.756566,-73.749369,1,61.68
40.890999,-73.951181,40.665067,-73.972210,3,61.91
40.854041,-73.771116,40.790562,-73.912572,1,35.07
40.835703,-73.851298,40.602373,-73.931419,1,66.75
40.840831,-73.962946,40.650730,-73.994346,2,52.26
40.685505,-73.893263,40.873022,-73.803005,1,52.51
40.566926,-73.975128,40.859049,-73.741871,1,94.44
40.619235,-73.924577,40.654090,-73.850929,3,20.00
40.718256,-74.014814,40.627318,-73.888309,1,56.36
40.880597,-73.854909,40.580235,-73.841095,1,84.96
40.615178,-73.797919,40.631611,-73.997124,3,45.65
40.881160,-73.813013,40.867032,-73.886645,1,19.15
40.810487,-73.946204,40.674715,-73.727063,1,60.43
40.696422,-73.911304,40.772885,-73.914563,3,25.08
40.762197,-73.971119,40.635657,-73.865808,4,46.33
40.721743,-73.843113,40.783481,-73.827864,2,17.23
40.803482,-73.852739,40.685372,-73.862860,1,34.52
40.715256,-73.742703,40.790063,-73.810196,1,26.70
40.699903,-74.012504,40.736220,-73.947166,1,17.36
40.882087,-73.933870,40.776201,-73.729816,3,59.34
40.814993,-73.882214,40.740316,-73.919948,1,20.57
40.576015,-73.772151,40.623843,-73.952146,2,41.80
40.599383,-73.977472,40.686262,-73.808869,1,43.81
40.787359,-73.793046,40.811407,-73.909832,1,27.12
40.840078,-73.950970,40.565462,-73.953408,1,68.67
40.617338,-73.764704,40.836703,-73.930973,1,67.11
40.609388,-73.809655,40.771674,-73.768884,1,49.32
40.851334,-73.879331,40.592799,-73.881040,3,65.61
40.629175,-74.022098,40.605897,-73.751360,5,61.53
40.569001,-73.898311,40.647816,-73.922983,1,23.89
40.777411,-73.730575,40.599350,-74.025828,1,82.60
40.563583,-73.826450,40.740908,-73.740919,1,52.39
40.583394,-73.945307,40.832285,-73.892561,2,70.34
40.563656,-73.910724,40.671176,-73.862369,2,32.58
40.749212,-73.844758,40.689705,-73.908654,1,25.55
40.611026,-74.026225,40.845700,-73.825171,2,69.38
40.691549,-73.928572,40.844959,-73.726152,1,61.85
40.737184,-73.741018,40.809307,-73.765876,3,25.81
40.714281,-73.750610,40.700028,-73.730437,2,7.73
40.728636,-73.920594,40.748375,-73.919997,1,5.54
40.658934,-73.820845,40.686968,-73.808295,1,11.43
40.582378,-73.954560,40.883302,-73.939640,2,85.26
40.635581,-73.808334,40.773667,-73.920622,1,46.66
40.615428,-73.867352,40.761294,-73.906942,1,50.20
40.619708,-73.922529,40.714242,-73.753814,3,50.79
40.738336,-73.852926,40.738450,-73.973820,2,27.75
40.684946,-73.768283,40.789753,-73.840688,1,37.23
40.614394,-73.874129,40.796585,-73.765780,3,59.19
40.734040,-74.017693,40.565938,-73.937892,1,48.99
40.726834,-73.803168,40.564495,-73.967466,1,58.96
40.837040,-73.857586,40.579565,-73.782160,2,74.54
40.892716,-73.762224,40.802721,-73.966477,1,48.59
40.746292,-74.018341,40.648227,-73.809122,5,54.78
40.659006,-73.767514,40.898148,-73.898334,1,72.24
40.828187,-73.882839,40.853228,-73.866057,2,11.70
40.848440,-73.994601,40.749918,-73.848524,1,39.82
40.880034,-73.916077,40.721225,-73.849034,1,46.85
40.603732,-73.775742,40.705030,-73.908933,1,38.91
40.837446,-73.841011,40.788158,-73.745855,1,27.07
40.626936,-73.856279,40.780023,-73.872587,2,45.97
40.841863,-73.956181,40.679191,-73.829636,1,54.42
40.652350,-73.897356,40.639901,-74.016342,3,31.35
40.580455,-73.738899,40.702783,-73.932751,2,47.05
40.597357,-73.788850,40.775565,-73.844326,3,56.09
40.857100,-73.918061,40.856320,-73.970058,5,14.66
40.815138,-73.738743,40.800620,-73.836397,1,23.33
40.659786,-73.951809,40.828247,-74.009161,2,51.30
40.582659,-74.002139,40.659262,-73.758838,5,56.61
40.689033,-73.773072,40.873967,-73.903079,1,56.18
40.898381,-73.836508,40.663515,-73.891901,1,71.48
40.868711,-73.779408,40.576316,-73.896793,4,81.08
40.704402,-73.788808,40.735345,-74.027177,1,49.30
